{"type":"FeatureCollection","features":[{"type":"Feature","properties":{"ID":"122670","Name":"road1","Descriptio":"","brgy":"","OBJECTID":"0","NPAAAD":"","ORIG_FID":"0","Shape_Leng":"0.000000","Shape_Area":"0.000000","AGENCY":"","APPROVED_B":"","ATTESTED_B":"","PREPARED_B":"","YEAR":""},"geometry":{"type":"MultiLineString","coordinates":[[[123.51534722813496,9.748885732914323],[123.51521900430606,9.748742872847583],[123.51487881198317,9.748362864677516],[123.51466530174737,9.748129452032913],[123.51456233367438,9.748016568643585],[123.51449218837148,9.747945534712041],[123.51444641824536,9.747909923680426],[123.51440036984897,9.747904086012882],[123.51434105768378,9.74794257721515],[123.51429134533929,9.747996905652881],[123.51424394286117,9.74805158616353],[123.51419900630978,9.74808946997611],[123.51414645324095,9.748122064343768],[123.51412255846888,9.748149993845743],[123.51413101730077,9.748184924920915],[123.51417547991169,9.748243730054963],[123.51424677544297,9.748338024227168],[123.51439758917627,9.74854051928306],[123.51452868770309,9.748722463177504],[123.51462547341389,9.748852221706061],[123.51472159442976,9.748983271068168],[123.51479653002528,9.749079781076839],[123.51484867455767,9.749142889138836],[123.51487796799206,9.749175127767243],[123.51490219335808,9.749199657007455],[123.51492775571538,9.74922038591568],[123.51494970795618,9.74921942248279],[123.51498610123387,9.749197032872807],[123.51511361815066,9.749089577882215],[123.51534722813496,9.748885732914323]],[[123.51534722813496,9.748885732914323],[123.51546532310446,9.749017307795933],[123.51551875807958,9.749071415584812],[123.51555223856096,9.749079471147075],[123.51558268332208,9.749073654210399],[123.51561337332139,9.749052938848488],[123.51567929187387,9.749007238558033],[123.51581372012697,9.748902293977288]]]}},{"type":"Feature","properties":{"ID":"122671","Name":"road 3","Descriptio":"","brgy":"","OBJECTID":"0","NPAAAD":"","ORIG_FID":"0","Shape_Leng":"0.000000","Shape_Area":"0.000000","AGENCY":"","APPROVED_B":"","ATTESTED_B":"","PREPARED_B":"","YEAR":""},"geometry":{"type":"LineString","coordinates":[[123.53361305410274,9.795861005138589],[123.53373480645705,9.79585905484582],[123.53379519662163,9.79585566019532],[123.53384604495996,9.795850895124493],[123.53391000680874,9.795842547346721],[123.53397002109254,9.795831887993778],[123.53399699951025,9.7958259951484],[123.53402796080884,9.795815649838783],[123.53404874013475,9.795804586378868],[123.53408936199494,9.795779185319988],[123.53411928719174,9.795756666588376],[123.53418267922673,9.795722061048211]]}},{"type":"Feature","properties":{"ID":"122672","Name":"1","Descriptio":"","brgy":"","OBJECTID":"0","NPAAAD":"","ORIG_FID":"0","Shape_Leng":"0.000000","Shape_Area":"0.000000","AGENCY":"","APPROVED_B":"","ATTESTED_B":"","PREPARED_B":"","YEAR":""},"geometry":{"type":"LineString","coordinates":[[123.50942977529698,9.736858005388958],[123.50942694140869,9.737003966928933],[123.50944557388317,9.73717824019029],[123.50947156869317,9.737308472429866],[123.50953354574747,9.737509485926855],[123.50965511323048,9.737767033076258],[123.50989449167339,9.738313840628539],[123.51031386718466,9.739866743153245],[123.51068283388918,9.741280995909609],[123.51085712673877,9.741941592261618],[123.51097135613726,9.742357930317187],[123.51112401063638,9.742919483769327],[123.51138948477949,9.743858241514657],[123.51151115868647,9.744257379547342],[123.51159856657905,9.744533703878684],[123.51168844246997,9.744823205059038],[123.51179075756676,9.745090770595368],[123.51184518764278,9.745193710315869],[123.51190646493428,9.74528893648705],[123.51199533174048,9.745380563641975],[123.51207938317066,9.745455118866563],[123.51215532937427,9.74549520733118],[123.51224897211948,9.74552228230744],[123.51236920017438,9.745556080967859],[123.51249485159086,9.745580848811162],[123.51258955594366,9.745599893518763],[123.51265715602516,9.745627179048384],[123.51274645131566,9.74568022214246],[123.51299351575598,9.745900070662604],[123.51323994114269,9.746142045299989],[123.51346963441586,9.746374747533714],[123.51359663898239,9.746500862613258],[123.51384841537586,9.746787002881744],[123.51405577223197,9.747029002833251],[123.51421293992738,9.747187750206503],[123.51441369090617,9.747408443716541],[123.51467556115865,9.747706872311408],[123.51522593575926,9.748295284840196],[123.51580041312857,9.748922437390688],[123.51615897307946,9.749326560357128],[123.51654526410695,9.749767093521562],[123.51680695448987,9.75002373628725],[123.51700345289537,9.750199230234141],[123.51715436233128,9.750333493315527],[123.51726613252735,9.750427167505435],[123.51743153517816,9.750556476103148],[123.51761331857678,9.750682274125843],[123.51780799393367,9.750798467640786],[123.51798033583115,9.750901808423267],[123.51830992239438,9.751111063956788],[123.51862473000759,9.751303837844313],[123.51888774798128,9.751482181765539],[123.51907626369977,9.75159750130741],[123.51921270676588,9.751673576084052],[123.51931214210828,9.751710893433819],[123.51939812408136,9.751735156983798],[123.51946204208308,9.751737942493257],[123.51951672768388,9.751732120645128],[123.51960570646227,9.751703498289983],[123.51974998370676,9.751623417285789],[123.51995121067776,9.751503521292982],[123.52017110455688,9.751367302323908],[123.52035888493076,9.751229174413071],[123.52053149919827,9.751112171112272],[123.52070561119545,9.750999675179399],[123.52084294201498,9.750927636164482],[123.52094248890987,9.750883619125375],[123.52111154696885,9.750814049408161],[123.52121665755897,9.750792975469059],[123.52132756617488,9.750782022303367],[123.52142937594286,9.750785140420927],[123.52153221710596,9.750814167317989],[123.52167866503787,9.750874975378949],[123.52219561136658,9.751190870639256],[123.52288529733887,9.751598628113396],[123.52360695341186,9.75201978447941],[123.52375172945958,9.752097476205625],[123.52389400687298,9.752175318996457],[123.52407275129747,9.75226804895069],[123.52428754191787,9.752354717336935],[123.52489187937115,9.752581845681592],[123.52564622500957,9.752860744134386],[123.52615866521579,9.753047770448783],[123.52662275687227,9.753212871333373],[123.52767240865914,9.753596536619288],[123.52843751298936,9.753856391926734],[123.52922275739823,9.754132523799813],[123.53004571276065,9.754418949229642],[123.53076791218857,9.754669545447687],[123.53144526240366,9.75490484121805],[123.53185007631086,9.75505243882825],[123.53215772308486,9.755161813134269],[123.53229136971585,9.755207632618704],[123.53237911169494,9.755240590994344],[123.53251521281766,9.75528896828656],[123.53266428958895,9.755329844503349],[123.53286797642035,9.755384623403627],[123.53296008684525,9.755413123393055],[123.53304456413483,9.755457426133166],[123.53308921438274,9.755511504249025],[123.53311592897805,9.75556698450677],[123.53313112942834,9.755646818650154],[123.53313702924615,9.755720858362261],[123.53314386658295,9.755889885541537],[123.53315443889444,9.756273126395067],[123.53318151830135,9.75685066903731],[123.53319125736954,9.757284193735929],[123.53321254321905,9.757913591599968],[123.53322902685734,9.758408947526766],[123.53324102679075,9.758744026065095],[123.53325050947494,9.759201320770382],[123.53325796312585,9.759639969212149],[123.53325640301024,9.760056957793376],[123.53326824415275,9.760525648423023],[123.53326765111434,9.760958948592862],[123.53326961673905,9.76123891780479],[123.53326905568785,9.761602806424811],[123.53327394574556,9.761933257784625],[123.53328065680695,9.762289822078086],[123.53328693471374,9.762911732904987],[123.53329044398325,9.763346323262933],[123.53329429193084,9.76366970791259],[123.53330309520993,9.764199680479667],[123.53330993847676,9.764610524752259],[123.53332164113364,9.765123462887887],[123.53333379529293,9.76537240234517],[123.53335350543294,9.765898514991218],[123.53337892562764,9.766376420578705],[123.53339779562954,9.766921469818621],[123.53340609895014,9.767181237850043],[123.53342296715034,9.767586368497797],[123.53343164556965,9.767982189832288],[123.53343218872647,9.768244692430713],[123.53340920103105,9.76843170891946],[123.53338535541646,9.768555494293825],[123.53333909549755,9.768683502476003],[123.53327364908446,9.76881779778794],[123.53318387915195,9.768969566316606],[123.53291792255496,9.769372076428375],[123.53253539969207,9.76999015764414],[123.53209005393383,9.770672763758826],[123.53186990342132,9.771015119736278],[123.53161479970846,9.771418419607517],[123.53124362803335,9.77201004044642],[123.53088968573795,9.772541193674197],[123.53078980442865,9.772713674392595],[123.53072966850463,9.772811768300302],[123.53065098580616,9.772988902401186],[123.53058075385447,9.773179618953609],[123.53053953143704,9.773303334537255],[123.53049860545035,9.773441883578036],[123.53045421474674,9.773652906402662],[123.53043449885024,9.773805722108367],[123.53037893869923,9.77423037451907],[123.53035947712584,9.774434037489648],[123.53035889600555,9.774525502976735],[123.53036333845546,9.774633288628534],[123.53036695585854,9.774659118120962],[123.53038972319105,9.774763734576286],[123.53041393625516,9.77484518025305],[123.53051267698345,9.775125776533049],[123.53071713805896,9.775649401192783],[123.53076262920484,9.775789897438804],[123.53079196789155,9.775876662858705],[123.53081346050695,9.775966034899794],[123.53082843051895,9.776090264655586],[123.53079973165565,9.776275490541991],[123.53074382091712,9.776459899686778],[123.53071610881264,9.776591769254614],[123.53073083089575,9.776708471656008],[123.53075785262686,9.77682190703527],[123.53085851304735,9.777048154926467],[123.53103781552944,9.777418843301895],[123.53112209131345,9.77758279319607],[123.53123631391485,9.777827026905543],[123.53127502972305,9.777916839434752],[123.53131205299145,9.778023227091232],[123.53138282167686,9.778245459719674],[123.53145636012765,9.77847881536151],[123.53152234681805,9.778629606522003],[123.53156726051706,9.778726698810946],[123.53164489987934,9.778869646747605],[123.53168535184003,9.778943858779861],[123.53172518741614,9.779022049261982],[123.53176361426165,9.779107877332752],[123.53178947345926,9.779177242079381],[123.53180883145154,9.779243545881476],[123.53182612766774,9.779317579699093],[123.53184309556654,9.779404587794968],[123.53185574153636,9.779505465611804],[123.53187731919016,9.779633035178517],[123.53190405664094,9.7797415727175],[123.53196804655946,9.779962556529407],[123.53202193303814,9.780163401512384],[123.53205091496633,9.780280880791619],[123.53207371993464,9.780468630060364],[123.53209145496385,9.780607075928],[123.53211204228123,9.780759409550035],[123.53213210205423,9.780845628860318],[123.53215770785695,9.78090789047075],[123.53219277896144,9.780955680950038],[123.53232427254896,9.78112295992004],[123.53252493446244,9.781357191590239],[123.53266252905445,9.781508403382212],[123.53277886045295,9.781643524089738],[123.53287559268664,9.781762410446113],[123.53291703753445,9.781821617038279],[123.53295595565295,9.781877494076877],[123.53300768964075,9.78196216830387],[123.53307685570195,9.78207384995093],[123.53317467023665,9.78226077193597],[123.53345972430233,9.782784263847862],[123.53379914490515,9.783416566740142],[123.53387711635625,9.78355659295829],[123.53393410440505,9.783642325653439],[123.53398101526423,9.783706209893476],[123.53407480370973,9.783808390111547],[123.53424793727616,9.78395161429386],[123.53443683014575,9.784094405882836],[123.53459485605644,9.78422932270249],[123.53480604139655,9.784433530372404],[123.53489183001804,9.784526816247507],[123.53514964599886,9.784791737084806],[123.53528967984896,9.78494979017839],[123.53541595679765,9.785105029977014],[123.53555559869014,9.785305620137281],[123.53571625280436,9.785529344567825],[123.53591260050375,9.785781600914365],[123.53607687579314,9.785989263889306],[123.53613585839165,9.786071736459938],[123.53618743193944,9.786154852911743],[123.53625149639636,9.786264884678292],[123.53638387675134,9.78650129211519],[123.53650549911585,9.78671815997708],[123.53660789526664,9.786911518985214],[123.53663703635354,9.786965814022631],[123.53671675047815,9.787162398967874],[123.53677577763052,9.787296724717223],[123.53681498216315,9.787405515538397],[123.53683003780444,9.787467411531653],[123.53685231218765,9.787586767144587],[123.53687040625934,9.78770092151299],[123.53690876786706,9.788030737867523],[123.53692813829035,9.78837437421433],[123.53694257350304,9.788602415932084],[123.53694878529365,9.788763603727624],[123.53693563795633,9.788937608298056],[123.53691030815625,9.789198182467743],[123.53688693774023,9.78935063035983],[123.53687535397606,9.789455729533287],[123.53686714662966,9.789577311583438],[123.53685694478055,9.789688814427183],[123.53684875845863,9.789742806642645],[123.53683335987436,9.789869335273515],[123.53680945032625,9.790075131579018],[123.53678438244494,9.79028035673522],[123.53676437282823,9.790359805522481],[123.53674675319427,9.790429763799967],[123.53673460642165,9.79049865534773],[123.53672243214345,9.790565241049487],[123.53670755493044,9.790661215495108],[123.53669057641214,9.790744154316652],[123.53666310095474,9.790845714027434],[123.53663193692415,9.790928137906375],[123.53656912629415,9.791076262529005],[123.53651962617715,9.791179594618521],[123.53647272150684,9.791269360621046],[123.53638969842845,9.79143253834121],[123.53632234825645,9.791542459664988],[123.53626220361235,9.791621864470283],[123.53617742950884,9.791716029516733],[123.53609965315944,9.791810041837598],[123.53602265825754,9.791905823143576],[123.53593438506854,9.792020502679085],[123.53588115089974,9.792090058297232],[123.53578157473774,9.79225034175121],[123.53570754873954,9.792372741532706],[123.53565148695954,9.792468537475454],[123.53560267907434,9.792551101093204],[123.53547452632675,9.792748188990023],[123.53530515217815,9.793003108260931],[123.53517878628166,9.793182289541393],[123.53494955183876,9.79347276397287],[123.53484068886235,9.793612218935627],[123.53470960176026,9.793797105783133],[123.53464116525066,9.793885890882526],[123.53457302009913,9.794004542893045],[123.53451994711914,9.794152951631846],[123.53449166334933,9.794262906400176],[123.53447007121386,9.794392661055062],[123.53439263514113,9.794672378399335],[123.53435248893976,9.794871537102763],[123.53429712809684,9.795122865200458],[123.53425278407674,9.795325525501964],[123.53422552099345,9.795463361759642],[123.53419985494665,9.795604315833872],[123.53419235173564,9.795692501869933],[123.53418928003245,9.795763986985673],[123.53418794556315,9.795855168430121],[123.53418325567945,9.795993146234906],[123.53417288552315,9.796067502623801],[123.53415911003374,9.796178489083966],[123.53415076086104,9.796296260480224],[123.53414851331543,9.796383275276925],[123.53412496164745,9.796598104808709],[123.53411746633265,9.796754341172322],[123.53410400010696,9.796890490827277],[123.53409466838396,9.797005252281417],[123.53407609353845,9.797133071723575],[123.53405594318535,9.797269685276785],[123.53402595904066,9.797418968437917],[123.53400185038676,9.797555276791202],[123.53394405370302,9.797728970574376],[123.53390837285414,9.797835422343791],[123.53388372634645,9.797926710272325],[123.53383189101866,9.798125012031017],[123.53377679327534,9.798334138301668],[123.53374078872095,9.798456410705182],[123.53371850850054,9.798555249109581],[123.53369742237915,9.798650509615063],[123.53369487513835,9.798733861960343],[123.53370315303235,9.798789088741977],[123.53372484750915,9.798855804975313],[123.53374426844593,9.798901462709532],[123.53377722052625,9.79894491600386],[123.53384098631363,9.799020061443969],[123.53395696259606,9.799156443144412],[123.53405057701856,9.799274668553574],[123.53411546383704,9.799376533221004],[123.53415044940743,9.79943306188208],[123.53418208374084,9.799511919378121],[123.53421228635064,9.799615981576423],[123.53423003675015,9.799717581622309],[123.53424583620254,9.799823345069852],[123.53425273776764,9.799904563191154],[123.53427217134276,9.80013248934637],[123.53427022107505,9.800349432880338],[123.53427520735035,9.800446342904907],[123.53427037294834,9.800508697840813],[123.53425651099334,9.800571321851699],[123.53423192608255,9.80062569393987],[123.53419896921623,9.80069686120263],[123.53416290023935,9.800799787601294],[123.53414235854606,9.801034755420128],[123.53412321699875,9.801346468305216],[123.53410682171605,9.801523340645682],[123.53409501648075,9.801698739829387],[123.53408206233505,9.801928090210144],[123.53405792678306,9.802251406236998],[123.53404642101894,9.802579899902792],[123.53404184698155,9.802899871736631],[123.53404532708045,9.803332433289267],[123.53404771807796,9.803421464779246],[123.53405721853964,9.803555630029729],[123.53408241115525,9.803817576406985],[123.53408598789544,9.803878763175154],[123.53412754466083,9.804125106321498],[123.53416510212706,9.80437455292151],[123.53420539440836,9.804597595776583],[123.53424840561266,9.80480078715656],[123.53432596449453,9.805319825348011],[123.53434862506275,9.805490539079331],[123.53436416226825,9.805574291100086],[123.53448111711485,9.806057722949484],[123.53450155855025,9.806135012858425],[123.53454828048136,9.806299322049862],[123.53458733833415,9.806436788811002],[123.53461925625194,9.806547464158783],[123.53471570424696,9.806861346542984],[123.53481396538203,9.807182645555987],[123.53489234180475,9.807394864152275],[123.53497978797866,9.807680322099491],[123.53506227117946,9.807900705785583],[123.53508841178724,9.807993565092085],[123.53512848602664,9.808143180763777],[123.53513608770815,9.808153350106842],[123.53521213461484,9.808398587819136],[123.53527188716615,9.808541944534099],[123.53530803729895,9.808637156327247],[123.53536110317025,9.808727929608969],[123.53544062858394,9.808844916903912],[123.53550531582177,9.808925880995561],[123.53567187924715,9.809090807882164],[123.53571595271264,9.809136713540045],[123.53586820416426,9.80926154022371],[123.53603985640464,9.809388318802837],[123.53613658669673,9.80945583539153],[123.53623704172115,9.809513375257678],[123.53634102969494,9.809559981685519],[123.53652543191184,9.809628671375064],[123.53677140024796,9.809703310118815],[123.53700578272874,9.80976720716664],[123.53756608368313,9.809921797984705],[123.53806042126044,9.810063383749716],[123.53836075472374,9.810147719302954],[123.53868871300395,9.810224907760672],[123.53893300709285,9.810272276170544],[123.53935653929523,9.810340442471174],[123.53967168857966,9.81040679165113],[123.53998902207795,9.810459705979616],[123.54024099555016,9.810504176018386],[123.54039915972353,9.810535555540888],[123.54094996189275,9.810633352522379],[123.54134155740476,9.810706004538538],[123.54183729229314,9.81079888756671],[123.54214549155944,9.810856840050668],[123.54236965950494,9.81089709594425],[123.54249930298774,9.810923792265157],[123.54263711221816,9.810947514967848],[123.54280827329184,9.810995939439092],[123.54294542352825,9.811050800003724],[123.54336953601864,9.811268028955553],[123.54355761831455,9.811372582278958],[123.54378715314715,9.811517404262059],[123.54403779828016,9.811650405388992],[123.54448257080406,9.81188042436539],[123.54484353718364,9.812050996169392],[123.54505861200344,9.812155238619766],[123.54559187652764,9.812401908063533],[123.54589541716385,9.812545678233585],[123.54600572137784,9.812596547638721],[123.54611318559326,9.81265226700306],[123.54621269149064,9.812718308942335],[123.54628300449836,9.812768391466948],[123.54634367723764,9.812831895232051],[123.54639901513914,9.81290382712639],[123.54643971184744,9.812961313570744],[123.54647863521936,9.81305630437085],[123.54650840832473,9.813148288285559],[123.54652888421154,9.813221681808955],[123.54654220241436,9.81330320647857],[123.54655392411584,9.813395791030434],[123.54651224938225,9.81352816868385],[123.54643040719024,9.81387958512166],[123.54637877168766,9.81402841735763],[123.54636492728545,9.81409537785853],[123.54633384298263,9.814295816889674],[123.54633053316935,9.814416433133749],[123.54636458341855,9.814557135850153],[123.54638807528845,9.814661856790305],[123.54639673475235,9.814806408222772],[123.54638204857206,9.814930476705914],[123.54636140414284,9.815082907476961],[123.54634002397114,9.815205421730994],[123.54633916247144,9.815210938200293],[123.54635493050624,9.815280316134707],[123.54643243831015,9.815477883559087],[123.54658161125747,9.815780720447284],[123.54673908472904,9.81612222191083],[123.54685406257276,9.81628037087528],[123.54691566644365,9.816371866120944],[123.54699873575782,9.81643648974712],[123.54711667279336,9.816511816785289],[123.54725875302644,9.816567315541695],[123.54743473286764,9.816625357730338],[123.54776744498764,9.816736657318604],[123.54818293520795,9.816872662617287],[123.54845881401467,9.816970300372864],[123.54872879113402,9.817066089775283],[123.54883878055536,9.817115381987906],[123.54894567154405,9.817190790955824],[123.54898792634695,9.817231595627883],[123.54902197310243,9.817280935352912],[123.54907279886274,9.817386869981435],[123.54913212870036,9.8176032037619],[123.54922067277565,9.817949295530163],[123.54930246970555,9.818294274231473],[123.54946542333626,9.818945855250247],[123.54956022644583,9.819335947628879],[123.54964179489153,9.819672933396681],[123.54970376655655,9.819912805315242],[123.54976364042606,9.82015958765286],[123.54983837946925,9.820454028074998],[123.54991262329084,9.820765327182004],[123.54995674274764,9.820953430790054],[123.55000450394175,9.821149363251838],[123.55002813293963,9.821298896629678],[123.55003537937495,9.821354240163972],[123.55003891427586,9.821421037154082],[123.55003894415314,9.821483866284117],[123.55003193785134,9.821582510383196],[123.55002307009715,9.821653252677459],[123.54998752381145,9.821845313500837],[123.54995368675844,9.821959802600752],[123.54989721731684,9.822186947066395],[123.54982847547504,9.822468282041507],[123.54979372010284,9.82262439011226],[123.54976350239863,9.82276683259754],[123.54975510620854,9.822854515003911],[123.54975131204203,9.822945952322057],[123.54978100242585,9.82310528943279],[123.54980795835515,9.82320535145221],[123.54986867870285,9.823418815436513],[123.54988904753684,9.823484420231104],[123.54996985609304,9.823746582058973],[123.55005960073184,9.82407197274862],[123.55015283735484,9.82441629079301],[123.55024260216204,9.824765473737214],[123.55041120856045,9.825381404950335],[123.55055616690473,9.825948348713228],[123.55067658050095,9.82641049997679],[123.55071219774796,9.826558609999507],[123.55074804131915,9.8266970938003],[123.55076931690574,9.826806801193051],[123.55077840348855,9.826916243375067],[123.55076765557794,9.827008384674782],[123.55074404532073,9.827235173125523],[123.55070443669533,9.827497625549116],[123.55068498783194,9.827726077787235],[123.55067639229804,9.82786550013058],[123.55067959836094,9.82798164270956],[123.55068896508655,9.82813828428395],[123.55071652060064,9.828311804517336],[123.55075732694435,9.828447691632743],[123.55086773228686,9.828849108921805],[123.55101185967133,9.829308565771118],[123.55110122897523,9.829653241741013],[123.55115529007864,9.829876066413897],[123.55118030744634,9.830025280615008],[123.55125113048675,9.83046301197887],[123.55133444038356,9.830992273288752],[123.55136884709475,9.831138417164569],[123.55138097313414,9.831288149708454],[123.55139986826515,9.831429772687182],[123.55142956537115,9.831599919536297],[123.55146584787505,9.831753703811895],[123.55151920175895,9.831878071203079],[123.55161180295755,9.83203854859897],[123.55171686585555,9.832208884895515],[123.55182379194706,9.832428875761615],[123.55185736427785,9.83254520381009],[123.55186674479685,9.83259793244065],[123.55187523681404,9.832663862801107],[123.55187342912085,9.832752003664321],[123.55187248781407,9.832831020479237],[123.55184050423595,9.83308161483787],[123.55180719554424,9.833319960291194],[123.55176839508906,9.833677359689226],[123.55174847891323,9.833894131585483],[123.55169415733704,9.83432133635306],[123.55167744504107,9.834458109857612],[123.55168009090173,9.834544164005646],[123.55169937712694,9.83462765495757],[123.55172156544734,9.834737184104196],[123.55174794944624,9.834806147740057],[123.55180578582724,9.834917496741662]]}},{"type":"Feature","properties":{"ID":"122673","Name":"5","Descriptio":"","brgy":"","OBJECTID":"0","NPAAAD":"","ORIG_FID":"0","Shape_Leng":"0.000000","Shape_Area":"0.000000","AGENCY":"","APPROVED_B":"","ATTESTED_B":"","PREPARED_B":"","YEAR":""},"geometry":{"type":"LineString","coordinates":[[123.43412913936852,9.778562646973517],[123.43406114340512,9.778473170311482],[123.43401852320892,9.778387221095922],[123.43397188979351,9.778318934950725],[123.43390068273362,9.778231981568963],[123.43378150012512,9.778111520889706],[123.43368667837044,9.778007210966479],[123.43361058489582,9.7778914523285],[123.43360784471543,9.777888106966364],[123.43360327697403,9.777882530467577],[123.43355841861863,9.777827789144736],[123.43346311969113,9.7777304529723],[123.43335748296101,9.77765127892614],[123.43327341593103,9.777580797010922],[123.43319238780902,9.777498915469709],[123.43312990852263,9.777419476826648],[123.43308716052371,9.777339473128604],[123.43305912069943,9.777266314835725],[123.43304690765152,9.777099887604313],[123.43305384016232,9.776936604286814],[123.43305844235194,9.776795447534429],[123.43308430097662,9.776654605449252],[123.43310367828411,9.77654435806255],[123.43310745728952,9.776539659843205],[123.43310783249362,9.776462990762214],[123.43308639741903,9.77640648501491],[123.43304342696523,9.776316358567238],[123.43299710368463,9.776219146683912],[123.43294556772031,9.776074885403078],[123.43291860645012,9.775974051533497],[123.43288856186102,9.775885225232413],[123.43282288807524,9.775794430811839],[123.43274289960122,9.775724154069074],[123.43267658273271,9.7756821881463],[123.43260865604313,9.77563996450203],[123.43256132266072,9.775596466913798],[123.43251893953892,9.775539977622826],[123.43249160166492,9.77545803065126],[123.43246231773482,9.77539268799652],[123.43242290565543,9.775337017645091],[123.43235799302794,9.77525502351785],[123.43224748992792,9.775136832989524],[123.43212330957253,9.775018793612066],[123.43199516294942,9.774888884188897],[123.43187122650473,9.774788669963057],[123.43179486590302,9.774729386814208],[123.43172205728723,9.774669516040998],[123.43161526636021,9.774536761106862],[123.43147441612354,9.774353988892253],[123.43131419117474,9.774041513446145],[123.43115742453342,9.773754458887632],[123.43100488817683,9.773469271570805],[123.43095119868813,9.773293015523066],[123.43088933524132,9.773075704457664],[123.43085416751951,9.772918499928076],[123.43077192233453,9.772772799704487],[123.43068421875832,9.77261038116533],[123.43067879688682,9.772489795108921],[123.43065601122602,9.772377625462093],[123.43061467819453,9.77225867637155],[123.43061337616622,9.772247273413802],[123.43057421117072,9.77213443049262],[123.43056752530161,9.772020141666653],[123.43060805839161,9.771896970944264],[123.43065929568222,9.771756309383408],[123.43066229084162,9.771749849305015],[123.43070254982521,9.77169748930697],[123.43075677927332,9.771618294644563],[123.43075528170543,9.771492967031865],[123.43074993441154,9.77138200621564],[123.43074806489103,9.771234134425779],[123.43075502632232,9.771090374710472],[123.43072026422631,9.770961723249513],[123.43064728125242,9.770867731167353],[123.43053709388852,9.770800092374683],[123.43044538694492,9.770734486808541],[123.43037247171193,9.770666180211716],[123.43032390029853,9.770581507355455],[123.43031925296182,9.77045805798661],[123.43031557368573,9.770287901042973],[123.43028627230372,9.770151956325822],[123.43021650457253,9.770029384310861],[123.43018669822102,9.769950629085368],[123.43021863103523,9.769878833063915],[123.43032694652513,9.769778596334893],[123.43043795241724,9.769703551438965],[123.43061234943941,9.769636305970153],[123.43069533848252,9.769567312918097],[123.43081277022081,9.769464560105042],[123.43095118312723,9.769384780543133],[123.43108511185181,9.769243309286638],[123.43122093991911,9.769092892173646],[123.43130346204971,9.769006146195782],[123.43134021605081,9.769002872838602],[123.43141956293222,9.769035576757467],[123.43147710134942,9.769030872240576],[123.43165395624071,9.768954018023837],[123.43182915127103,9.7688179797606],[123.43200360591914,9.76870321615777],[123.43211196447731,9.768641652912793],[123.43223693481771,9.76854692615271],[123.43233470166344,9.76847669527552],[123.43241175237112,9.768445222427138],[123.43248900006593,9.76845696263145],[123.43256879505412,9.768476037464445],[123.43264446863631,9.768488959389636],[123.43268946265133,9.768485997571112],[123.43273002735731,9.768442327959946],[123.43276120449471,9.768372028201664],[123.43280559694404,9.768258487626841],[123.43289716634882,9.768060028859912]]}},{"type":"Feature","properties":{"ID":"122674","Name":"6","Descriptio":"","brgy":"","OBJECTID":"0","NPAAAD":"","ORIG_FID":"0","Shape_Leng":"0.000000","Shape_Area":"0.000000","AGENCY":"","APPROVED_B":"","ATTESTED_B":"","PREPARED_B":"","YEAR":""},"geometry":{"type":"LineString","coordinates":[[123.52604266464128,9.761037573510928],[123.52706475167717,9.760976025492155],[123.52797618222664,9.76094447692333],[123.52926192778035,9.76087086349751],[123.52996578117485,9.76083742131981],[123.53101976454055,9.760791456023735],[123.53177802021594,9.760740541270701],[123.53326319395384,9.760673091808789],[123.53463182891554,9.760627240367125],[123.53505052178915,9.760614850550706],[123.5363766234197,9.760574430191612]]}},{"type":"Feature","properties":{"ID":"122675","Name":"6","Descriptio":"","brgy":"","OBJECTID":"0","NPAAAD":"","ORIG_FID":"0","Shape_Leng":"0.000000","Shape_Area":"0.000000","AGENCY":"","APPROVED_B":"","ATTESTED_B":"","PREPARED_B":"","YEAR":""},"geometry":{"type":"LineString","coordinates":[[123.44685159051363,9.812279353084048],[123.44678533986213,9.812317484696255],[123.44672347114923,9.812351936892783],[123.44664673334994,9.812410212689198],[123.44654191080122,9.812443277145055],[123.44648126867311,9.812468698124754],[123.44641086292681,9.812508327875877],[123.44636124558703,9.81255908067014],[123.44628368478702,9.812623627620374],[123.44624766200401,9.812688753460987],[123.44622147049444,9.812726895027533],[123.44621944838882,9.812729839784488],[123.44617956984682,9.812759664063476],[123.44617775263873,9.8127610231825],[123.44613219840252,9.81277209690251],[123.44608393839113,9.812768010803946],[123.44601213689022,9.812727704979213],[123.44594938003532,9.812685819924821],[123.44589580648133,9.812669687168906],[123.44585258564692,9.812659961205224],[123.44579738905301,9.812656364474051],[123.44575461222422,9.812683399271515],[123.44573665159942,9.81273066514789],[123.44571698197693,9.812821104171153],[123.44570682437303,9.812897285672115],[123.44570597738493,9.812988809696092],[123.44569758450854,9.813045220220552],[123.44566686711492,9.813106958433963],[123.44561843246262,9.813186120213189],[123.44554235320602,9.813291514788524],[123.44548592681792,9.813364287343603],[123.44543554585381,9.813470505333317],[123.44541753269823,9.813530323689648],[123.44541675530444,9.813577674115068],[123.44542794923663,9.813645915189934],[123.44544698409912,9.813752120160826],[123.44546518211392,9.813866301026449],[123.44549419862831,9.813990233511806],[123.44554205302543,9.814090393137256],[123.44561640993963,9.814192345019043],[123.44572597717412,9.814325439404737],[123.44582699121813,9.81444483496542],[123.44586094202823,9.814504564005134],[123.44586022187121,9.814582410903753],[123.44584971791701,9.814653965467533],[123.44580953346212,9.814768774551741],[123.44574118326713,9.814878368022924],[123.44567346935384,9.814959896819074],[123.44564718700411,9.815027995125815],[123.44564058354173,9.815107915007541],[123.44564974422201,9.81525073748591],[123.44565092807213,9.815387905873516],[123.44562666915424,9.815501347990253],[123.44559749978372,9.815586978860335],[123.44555908563343,9.815674055213563],[123.44551938618093,9.8157463795639],[123.44546960306161,9.815806530541401],[123.44540941365322,9.815861171600941],[123.44533794612832,9.8159120332173],[123.44529031764992,9.815957778597673],[123.44524540133634,9.816007236392508],[123.44518776653112,9.816068769135951],[123.44515571207712,9.816132196984121],[123.44514824160751,9.816195716960783],[123.44515539613171,9.816257424795829],[123.44516630096851,9.81633637284533]]}},{"type":"Feature","properties":{"ID":"122676","Name":"7","Descriptio":"","brgy":"","OBJECTID":"0","NPAAAD":"","ORIG_FID":"0","Shape_Leng":"0.000000","Shape_Area":"0.000000","AGENCY":"","APPROVED_B":"","ATTESTED_B":"","PREPARED_B":"","YEAR":""},"geometry":{"type":"LineString","coordinates":[[123.53207257264856,9.762873289485336],[123.53273086648103,9.762798622254605],[123.53328541663184,9.762743314617387],[123.53408652419314,9.762647567200625],[123.53472221188804,9.762576388475956],[123.53496090654335,9.762349148533394],[123.53486699640293,9.761817261127025],[123.53463032878311,9.760627290626955]]}},{"type":"Feature","properties":{"ID":"122677","Name":"7","Descriptio":"","brgy":"","OBJECTID":"0","NPAAAD":"","ORIG_FID":"0","Shape_Leng":"0.000000","Shape_Area":"0.000000","AGENCY":"","APPROVED_B":"","ATTESTED_B":"","PREPARED_B":"","YEAR":""},"geometry":{"type":"LineString","coordinates":[[123.4766631351973,9.865639225634238],[123.47665656870639,9.8655415661706],[123.4766526086622,9.865408492699839],[123.4765999025623,9.865312852233977],[123.4764805285985,9.86522015342375],[123.4764146340816,9.865123411702596],[123.4763505674062,9.865007295952871],[123.4763407695054,9.864921003944916],[123.47636120085039,9.864863632298587],[123.47639490069758,9.864807092219154],[123.4764097510095,9.864707782047928],[123.4764045006772,9.864629195112077],[123.4763965932039,9.864550438945345],[123.47641699704229,9.864463289904828],[123.4764472145305,9.864366758164362],[123.4764516136528,9.864229402351699],[123.4764337209991,9.864070754766322],[123.4764238794089,9.863965615041614],[123.47640543845739,9.863819850457112],[123.47641742624418,9.863677338138357],[123.4763833263156,9.863630018177707],[123.4763492439989,9.86360108160075],[123.4762894578802,9.863617700912354],[123.4762131404845,9.86366518272066],[123.47612446671599,9.863750163077773],[123.47603316045631,9.8638271247859],[123.4759122185741,9.863907433850436],[123.4757932709882,9.864006823557457],[123.47560438499158,9.864128661333227],[123.4755131059511,9.86418210715466],[123.47544396172658,9.86421272514356],[123.47537237379069,9.864206647565103],[123.47522962967929,9.86417135335855],[123.47505347810198,9.864119437683815],[123.4749143879995,9.864078923549512],[123.4748199859876,9.864060473567703],[123.47472696160261,9.864061010538846],[123.47466183306621,9.864063328297874],[123.47459301314518,9.864085389646531],[123.47448776937499,9.864130218066073],[123.47435276852,9.864196867336773],[123.4741761978103,9.864267580657138],[123.4740487007056,9.864293790275328],[123.4739659106856,9.86434602291209],[123.4739052709994,9.864392379679408],[123.4738687847041,9.864461658372289],[123.47385988847138,9.86454862408694],[123.4738549758846,9.864674615848548],[123.47385914281008,9.864829190113037],[123.47387744773789,9.86497377142477],[123.47388596583939,9.865057796321391],[123.4738693056896,9.86511291695609],[123.47382589111739,9.865180473031968],[123.47374435438819,9.865306041455645],[123.4736656716454,9.865402333519462],[123.47355882906659,9.86547380617553],[123.47345416520538,9.865528565056945],[123.4733247927594,9.865557138886578],[123.4732073757911,9.865579824350773],[123.47309614363849,9.865577215032012],[123.47298945171949,9.865589759990373],[123.4728721151753,9.865605331479248],[123.4726998893807,9.865620225924177],[123.4724720505753,9.865647879034658],[123.47236811224089,9.865664617273756],[123.47223913341129,9.865683886579356],[123.4721794303568,9.865705358180291],[123.4721255122793,9.86572425638449],[123.4720292084039,9.865724176254101],[123.4719452013983,9.865740435141696],[123.47179123992551,9.86573687532502],[123.4716604808074,9.865731138379122],[123.4715171139337,9.865738077962003],[123.471290021275,9.86576199279752],[123.47108064584062,9.865778902578583],[123.4709748968272,9.86578157955797],[123.4709378333727,9.865771102338206],[123.47087634602629,9.865744668523865],[123.4708218193535,9.865717559069635],[123.4707548132128,9.865679502751343],[123.47066605143529,9.865635494096743],[123.4706218561318,9.865631330158472],[123.4705450318661,9.865637817009596],[123.47051153376849,9.865655569898907],[123.4704372181835,9.865698335657443],[123.4703464526223,9.865748278446933],[123.47025966691999,9.865792193854501],[123.47019279938628,9.86581991904717],[123.4701323950446,9.865833271885677],[123.47006718668099,9.865853304132642],[123.46998797106801,9.865880837673888],[123.4698987019969,9.865930638406947],[123.46981156200138,9.865974840009054],[123.46976774019889,9.866021083859845],[123.4697540190936,9.866043929319828],[123.46974626903359,9.866070586145636],[123.46976315202139,9.866136252950787],[123.46978407912819,9.866193633651081],[123.4698176217379,9.866298822980111],[123.4698660700081,9.866412277865306],[123.46993454857541,9.866549820893207],[123.4699972800469,9.866662458433511],[123.47001467003639,9.866708470846229],[123.47001149022451,9.866773277480158],[123.46999763926189,9.866818294452486],[123.4699757985007,9.866850959747278],[123.46994717088471,9.866877197276803],[123.4699061407648,9.866899274252148],[123.4698425344043,9.866932785517092],[123.46980789889601,9.86696142440319],[123.46978988232358,9.866991657109798],[123.469769623824,9.86705026106994],[123.4697578469662,9.86713837576618],[123.46975140684609,9.867224320435408],[123.4697487541262,9.867297178704172],[123.4697232628862,9.867348271442207],[123.46965073524119,9.867421683340188],[123.4695910628722,9.867484936154094]]}},{"type":"Feature","properties":{"ID":"122678","Name":"8","Descriptio":"","brgy":"","OBJECTID":"0","NPAAAD":"","ORIG_FID":"0","Shape_Leng":"0.000000","Shape_Area":"0.000000","AGENCY":"","APPROVED_B":"","ATTESTED_B":"","PREPARED_B":"","YEAR":""},"geometry":{"type":"LineString","coordinates":[[123.51931214210828,9.751710893433819],[123.51951624069096,9.751816995885665],[123.51964838265916,9.751933665092105],[123.51965411552426,9.751940552175677],[123.51988077340407,9.75210066040427],[123.51989698877397,9.752104622600257],[123.52004775815837,9.752207232945139],[123.52022091882507,9.752273229826638],[123.52035278837876,9.752327778918252],[123.52062777213129,9.752428428684391],[123.52088360590106,9.752543300123559],[123.52112224534848,9.752687008590636],[123.52138281593437,9.752833209546779],[123.52173895729267,9.753071244107273],[123.52213820486628,9.753236812973107],[123.52254207692337,9.753436322963067],[123.52284869275778,9.75357127695354],[123.52322219744387,9.7537366780907],[123.52372059404497,9.753994467760627],[123.52392893663169,9.754112758465485],[123.52422569537838,9.75426499214521],[123.52463404495317,9.754477282975778],[123.52522110973187,9.754795559543147],[123.52548614071526,9.75493814724669],[123.52565654411687,9.755018887342366],[123.52579713352436,9.755048073937665],[123.52612908153085,9.755183860673872],[123.52639297219906,9.755333850392164],[123.52663702454018,9.755434578840154],[123.52681465813865,9.755501345533576],[123.52726717800576,9.755724781306814],[123.52737565226775,9.755751646071726],[123.52746894858113,9.755746249965153],[123.52755196695405,9.75573615037824],[123.52766334501794,9.7557121830008],[123.52777905922936,9.755691794278103],[123.52786042119995,9.75570459902126],[123.52791493745035,9.755730097726602],[123.52797690167755,9.755767092482564],[123.52806312505086,9.755836732141129],[123.52814958934596,9.755912129122851],[123.52825856884745,9.756024359387355],[123.52835794767886,9.756116690915142],[123.52841007572815,9.756197109492376],[123.52843364920244,9.756286609507624],[123.52846817010334,9.756408323564818],[123.52850624961525,9.756539321379552],[123.52869537598625,9.757157112774044],[123.52878494336463,9.757484623221291],[123.52884317581446,9.757739636920517],[123.52888946503515,9.757811975020985],[123.52894211055904,9.757852492580906],[123.52900115230554,9.757861215943366],[123.52910063858994,9.757861378257218],[123.52919100516574,9.75784815671498],[123.52933159603714,9.757828343849576],[123.52947277893296,9.757804732098615],[123.52965566246034,9.75778268800806],[123.53013347054484,9.757734587978243],[123.53046702785493,9.757714689288969],[123.53119170861474,9.757694737087231],[123.53208579121183,9.757629640520934],[123.53320021852076,9.75755899830591],[123.53443647266465,9.757477545522685],[123.53556049799603,9.757405990976238],[123.53695500264703,9.757321698280565]]}},{"type":"Feature","properties":{"ID":"122679","Name":"8","Descriptio":"","brgy":"","OBJECTID":"0","NPAAAD":"","ORIG_FID":"0","Shape_Leng":"0.000000","Shape_Area":"0.000000","AGENCY":"","APPROVED_B":"","ATTESTED_B":"","PREPARED_B":"","YEAR":""},"geometry":{"type":"LineString","coordinates":[[123.47317963324656,9.873807890516199],[123.4732502152917,9.87373980856757],[123.4733067732421,9.87371676438248],[123.4733731742852,9.87370491467597],[123.47343255110688,9.873705128973347],[123.4734928298821,9.873717429890664],[123.4735478900789,9.873735460794105],[123.47357099210419,9.87376247297365],[123.4735972762295,9.873823989024494],[123.4736177454009,9.87388360475359],[123.4736510881239,9.873935670817112],[123.47371378048939,9.873998847359543],[123.47375921947258,9.87404212704079],[123.4738530450724,9.874088598683542],[123.47391471018729,9.8741083629905],[123.47402510522029,9.874111477085206],[123.4741645084675,9.874083144047976],[123.4742776341883,9.874036436265392],[123.4744040636036,9.873987444782799],[123.47447990572829,9.873966113627533],[123.47454199614741,9.873966021424419],[123.47464074431188,9.87399119324164],[123.4747286562241,9.874018424492164],[123.4748294992681,9.874039912725214],[123.47493058475399,9.874048532843192],[123.4750206994476,9.874057427894916],[123.4751122020806,9.8740776959031],[123.4751810773808,9.874106052179645],[123.47523285152599,9.874172986685036],[123.4752980790286,9.87422871078763],[123.4753533006539,9.874267939723728],[123.47543631372889,9.874293236290411],[123.47550331600799,9.874285139129176],[123.4755783130053,9.874257513720606],[123.4756753913199,9.87423609325929],[123.47575932045379,9.874212732404093],[123.4758404908125,9.874215298272132],[123.47596552300489,9.874244159008882],[123.4760867880395,9.874262720042971],[123.47619587793479,9.87425510475663],[123.4763162239757,9.874213179370763],[123.4764279746163,9.874155104521538],[123.47651245340879,9.87406843106693],[123.4766037241274,9.873959209300384],[123.47669918996769,9.873843690763383],[123.4767903901315,9.873733786674228],[123.47686780758241,9.873648905223124],[123.47699020398359,9.873476970511955],[123.47705581476261,9.873399473429272],[123.4771216130913,9.873362880822208],[123.4771760016983,9.87336695716843],[123.47722708120888,9.873385426193117],[123.47728004644229,9.873431385765931],[123.47734685105142,9.873489097394692],[123.477416013744,9.873519492085562],[123.47749949732979,9.873537208564098],[123.4776338399846,9.8735388553047],[123.47774168975619,9.873538063688676],[123.4778424776191,9.873502059044547],[123.47791858088391,9.873430439611015],[123.47798031790241,9.873334510600387],[123.47808028840798,9.873243980864231],[123.4781219306663,9.873188044044724],[123.47822099637541,9.87310284621414],[123.47831487044189,9.873031027868016],[123.47839820050828,9.872959639603193],[123.4784525750733,9.872893748829],[123.47851668127029,9.872786045549669],[123.47855432802581,9.872706681178412],[123.4786270280681,9.872587539350436],[123.47868475337839,9.872532828197873],[123.4787441724896,9.872518064514383],[123.4788633313228,9.8725204510136],[123.4789615100283,9.87251227498616],[123.4790489212538,9.872493932819282],[123.47905413977578,9.872489914422623],[123.4791305416883,9.872465830826703],[123.4791875226435,9.872446539832435],[123.4791948317138,9.87244500538486],[123.4792666782783,9.872438723262386],[123.4793328007191,9.872454803942501],[123.47942946534958,9.872483122885116],[123.47951454733528,9.8725190702232],[123.4795801722916,9.872554967781815],[123.47967277929999,9.87256433918331],[123.4798163957852,9.872543179594059],[123.4798909549996,9.872490127508042],[123.4799859490368,9.87233910669335],[123.48003936227668,9.872206446225574],[123.48012188815109,9.872057714514606],[123.4801944796425,9.871939819749878],[123.4802395000515,9.871811950938099],[123.48024266344889,9.871689920263437],[123.48023864145809,9.871604388504517],[123.4802546520915,9.871495466863593],[123.480297405632,9.871410956463825],[123.48035005273461,9.871367253321145],[123.48043065005179,9.871336988611047],[123.4805262613901,9.871338874982385],[123.48067253889819,9.871362145963126],[123.4808217086907,9.871402969513666],[123.48096648022761,9.871434200528718],[123.4810251054941,9.871467729235057],[123.48111164322158,9.871572001611097],[123.4812136307275,9.871697904842884],[123.4813067011786,9.871785760542956],[123.4813882642959,9.871859795565378],[123.481481050087,9.871911334457343],[123.48148337290898,9.871911584178731],[123.4815931382662,9.871934838344936],[123.48168528681927,9.871914983471799],[123.48184827715637,9.871835565373953],[123.48198492042977,9.87176825245938],[123.48209068008727,9.871731589033583],[123.48218304198598,9.871717921417048],[123.4822966606297,9.87172555943063],[123.48230136919108,9.871726076328985],[123.48240966915778,9.871737968805897],[123.48256344233896,9.871788819968346],[123.48268689116047,9.871829436105168],[123.48279598090215,9.871832410598246],[123.48289503603347,9.871820203126504],[123.48296221702007,9.871789684594592],[123.48306379376747,9.871728402923395],[123.48316988887706,9.871647935458656],[123.48328017616777,9.871552252286042],[123.4833510850056,9.871500630393697],[123.48342089474997,9.871465222598975],[123.48348966272427,9.871443917934407],[123.48355884890047,9.871444365734359],[123.48362974584967,9.871454871619116],[123.48370293777798,9.871492599573871],[123.48375731897137,9.871562344907279],[123.48380020423397,9.871662067316043],[123.48384503813456,9.87180223603528],[123.48386634509507,9.871926237954929],[123.48391709374367,9.872037460404833],[123.48403497725445,9.872247513200811]]}},{"type":"Feature","properties":{"ID":"122680","Name":"9","Descriptio":"","brgy":"","OBJECTID":"0","NPAAAD":"","ORIG_FID":"0","Shape_Leng":"0.000000","Shape_Area":"0.000000","AGENCY":"","APPROVED_B":"","ATTESTED_B":"","PREPARED_B":"","YEAR":""},"geometry":{"type":"LineString","coordinates":[[123.5224157582676,9.753373922503682],[123.52246430502765,9.753326111892674],[123.52256476886298,9.753283221717068],[123.52270259566319,9.753261441410391],[123.52282048877576,9.753239377220359],[123.52294874401777,9.753210894559922],[123.52306775843297,9.753169641370983],[123.52315528025838,9.753109121288082],[123.52323769702136,9.75302895518628],[123.52329342016867,9.752935028063739],[123.52334352163399,9.752832341236449],[123.52341541664617,9.752684501206856],[123.52353915236789,9.752460121393137],[123.52375694346887,9.752100328895116]]}},{"type":"Feature","properties":{"ID":"122681","Name":"9","Descriptio":"","brgy":"","OBJECTID":"0","NPAAAD":"","ORIG_FID":"0","Shape_Leng":"0.000000","Shape_Area":"0.000000","AGENCY":"","APPROVED_B":"","ATTESTED_B":"","PREPARED_B":"","YEAR":""},"geometry":{"type":"LineString","coordinates":[[123.54955891224695,9.824661121121453],[123.54965160485355,9.824793720096043],[123.54972366324465,9.82488324170749],[123.54985518362685,9.825005980583533],[123.54996224329585,9.825107547405816],[123.55006351582685,9.825200359904244],[123.55013018613035,9.825273633343084],[123.55017924096205,9.825319212880782],[123.55020987513205,9.825336222524612],[123.55025934770742,9.825332694775007],[123.55050633561065,9.825269854768596],[123.55074566268365,9.825240045789354],[123.55135458707653,9.82520783572598],[123.55185900846455,9.825191302888651],[123.55255916154753,9.82513467326806],[123.55313005966563,9.825117959100506],[123.55361517214536,9.825114842065977],[123.55408516348905,9.825103660592417],[123.55430769422156,9.825085251769211],[123.55456096678816,9.825124044825836],[123.55477004410665,9.825138434278049],[123.55496676409953,9.825140984342614],[123.55521547259293,9.825118181751645],[123.55540900669712,9.825084814520762],[123.55565975967832,9.825017985893897],[123.5558909716794,9.824942612480658],[123.55609598456694,9.82484785106029],[123.55617088294872,9.824816964648182],[123.55625623995631,9.824799904778247],[123.55631873403082,9.824812933002944],[123.556399671855,9.824870179655186],[123.55649818160323,9.82498773801877],[123.55662048266983,9.825108322355486],[123.55678030341613,9.82528807008719],[123.55689701094293,9.825415130751008],[123.55701181136583,9.825505299844865],[123.55746225386024,9.825854377003221],[123.55773224541853,9.826050573256536],[123.55798253699894,9.826233856700213],[123.55824939347004,9.826412524985255],[123.55841797111373,9.826478898422435],[123.55863674002852,9.826534029846892],[123.55879891286683,9.82657505798646],[123.55901616340621,9.826619383652034],[123.55915883728072,9.826640859627064],[123.55926399575853,9.826675793941481],[123.55936239142193,9.826727156921725],[123.55942799680423,9.826824552273212],[123.55949022652831,9.826989961963424],[123.55954907296203,9.827152129939511],[123.55962139417592,9.827281949140348],[123.55971371759831,9.827382704726455],[123.55979872789682,9.82742183895423],[123.55993215880493,9.827406858053441],[123.56008148304011,9.827366141473638],[123.56018639239814,9.82731508899011]]}},{"type":"Feature","properties":{"ID":"122682","Name":"10","Descriptio":"","brgy":"","OBJECTID":"0","NPAAAD":"","ORIG_FID":"0","Shape_Leng":"0.000000","Shape_Area":"0.000000","AGENCY":"","APPROVED_B":"","ATTESTED_B":"","PREPARED_B":"","YEAR":""},"geometry":{"type":"LineString","coordinates":[[123.52580193188078,9.755050036757723],[123.52637854625068,9.754469066626275],[123.52659254011817,9.754266516702517],[123.52669084692415,9.754179419873422],[123.52681290727138,9.754108178817482],[123.52689546564628,9.754070404714062],[123.52700453702695,9.754013924780716],[123.52706284707264,9.75396494586515],[123.52712708482316,9.753887889840753],[123.52718111729557,9.753793295293775],[123.52723070376814,9.753676336508947],[123.52731416239077,9.75346559208667]]}},{"type":"Feature","properties":{"ID":"122683","Name":"1","Descriptio":"","brgy":"","OBJECTID":"0","NPAAAD":"","ORIG_FID":"0","Shape_Leng":"0.000000","Shape_Area":"0.000000","AGENCY":"","APPROVED_B":"","ATTESTED_B":"","PREPARED_B":"","YEAR":""},"geometry":{"type":"LineString","coordinates":[[123.42462735883973,9.75051111306236],[123.42467535494112,9.750562107013746],[123.42474168262092,9.750609730525214],[123.42481427198372,9.750657749512118],[123.42488755829812,9.750696687785538],[123.42495325870813,9.750722574122786],[123.42504949420682,9.750743606119858],[123.42513466519442,9.750755548486714],[123.42520805414023,9.750770105467819],[123.42526681924882,9.750787164864652],[123.42532175431234,9.75081195738679],[123.42535368461513,9.750828659076875],[123.42538383025202,9.750864083545697],[123.42541396791573,9.750911423822558],[123.42545154987621,9.750993245071708],[123.42549383005472,9.75112159456593],[123.42552249421291,9.751208416212021],[123.42553233252602,9.751299067138856],[123.42555455733051,9.751368968552983],[123.42559433509972,9.751427679098596],[123.42564009149312,9.751472737211778],[123.42570121096202,9.75152465545846],[123.42578227764862,9.75157757721057],[123.42584993809672,9.751618353640962],[123.42593640344703,9.751688008638146],[123.42603912377513,9.751812896685903],[123.42611911035813,9.75191220540501],[123.42616951808493,9.751966425805636],[123.42623943697852,9.752022809801929],[123.42631249599052,9.752068844989527],[123.42637179706632,9.752101973785793],[123.42647548837141,9.752151842303626],[123.42655777814441,9.752186037738163],[123.42663006897192,9.752206579030618],[123.42673030318602,9.752230605791466],[123.42680474407753,9.752245952028405],[123.42688163246812,9.75225206790431],[123.42697111445642,9.752239744681832],[123.42703844630793,9.752226966868696],[123.42712452512012,9.752238932201752],[123.42720141630701,9.75225927909534],[123.42731343846312,9.752276246598052],[123.42740982194242,9.752285937824563],[123.42747810175412,9.752284771034903],[123.42757022226682,9.752272564303583],[123.42768587013161,9.752238164290135],[123.42779102994233,9.752202210898961],[123.42787318054103,9.752182030229466],[123.42796839644791,9.752165664652633],[123.42804947170983,9.752164760613887],[123.42814382456393,9.752173750497523],[123.42825527157751,9.752185259539607],[123.42834127412382,9.752198287096189],[123.42843465200701,9.752214143030237],[123.42852427086723,9.75224344385227],[123.42860478369832,9.752274504246197],[123.42869750240003,9.752322366041595],[123.42879277551764,9.752368395456168],[123.42887275349442,9.752396082153096],[123.42897261850094,9.752423590883511],[123.42906488624652,9.752443613234126],[123.42916189633331,9.752448486409413],[123.42925474081251,9.752442515957675],[123.42934705111632,9.752440920429303],[123.42946685132674,9.752441045745096],[123.42958426291932,9.752434682789065],[123.42968167569774,9.752416836684166],[123.42981057543963,9.752384088914374],[123.42990509363692,9.75236045337928],[123.43000648311101,9.75231678436345],[123.43006543841561,9.752282497464952],[123.43010905893881,9.752260172254465],[123.43015718400171,9.752251729320895],[123.43020207380711,9.752266535888667],[123.43023875004852,9.752292284925527],[123.43026880404733,9.752335364982226],[123.43030766034323,9.752432574044803],[123.43035131823362,9.752534598398293],[123.43039245844821,9.75267118844931],[123.43042980927471,9.752759464679887],[123.43048071256364,9.75284286555212],[123.43054912466671,9.752894150416145],[123.43061133485251,9.752924360458643],[123.43066949187273,9.752940522554082],[123.43073432738811,9.752955321675682],[123.43078889330043,9.752957143157648],[123.43083080675673,9.752971273415277],[123.43086420674761,9.753003300000142],[123.43088684497982,9.75305520326244],[123.43089332942522,9.7531005998962],[123.43087910474831,9.753161985820228],[123.43085475843122,9.753226861300792],[123.43082538156722,9.753272818444268],[123.43079766046243,9.753306771063176],[123.43075897337553,9.753339884584028],[123.43071863262962,9.75338053366349],[123.43070271073813,9.753401500989266],[123.43068664864191,9.753443973465469],[123.43069373822934,9.75347224640018]]}},{"type":"Feature","properties":{"ID":"122684","Name":"11","Descriptio":"","brgy":"","OBJECTID":"0","NPAAAD":"","ORIG_FID":"0","Shape_Leng":"0.000000","Shape_Area":"0.000000","AGENCY":"","APPROVED_B":"","ATTESTED_B":"","PREPARED_B":"","YEAR":""},"geometry":{"type":"LineString","coordinates":[[123.469360630705,9.744914025119135],[123.46952330240138,9.745034883834881],[123.46983770583299,9.745226690062173],[123.4701464783061,9.745423367881598],[123.4704088373421,9.745564585865338],[123.4704144018423,9.745567912642077],[123.4705480494372,9.74568518370686],[123.4706581541516,9.74585551678673],[123.47067851308648,9.745985249746198],[123.47079897696361,9.746095342657382],[123.4709293140765,9.746181004326681],[123.47105671816709,9.74621072729627],[123.47119373960889,9.746319657907005],[123.4712887232428,9.746490172791587],[123.47128885304579,9.74670397058947],[123.47126229432821,9.74685854190335],[123.4712648524639,9.746868135320936],[123.47129757719131,9.74696384920745],[123.4712998634016,9.746973241632572],[123.4713757010338,9.747159305267592],[123.4713981265026,9.747334854898925],[123.47136856277359,9.747494886294302],[123.47133510153299,9.747706000620978],[123.4713583863231,9.747960340024951],[123.4714383560592,9.748142633749822],[123.47151211363351,9.74827014350696],[123.4715492258293,9.748384445649968],[123.47162513585499,9.748591660296409],[123.47172673198288,9.748805967848535],[123.4717729194509,9.748974780553116],[123.4717975883338,9.749168943559063],[123.47177061067241,9.749312379015871],[123.47175483852048,9.749565342535966],[123.47171046931379,9.74963628738334],[123.47161827638818,9.749738693012134],[123.4715252277652,9.749869218825244],[123.47152340378149,9.749871886698326],[123.4713553985031,9.750187173539214],[123.47115943584689,9.750540953524437],[123.47108479132439,9.750740566138784],[123.47108089002309,9.750855755192223],[123.47106706478479,9.750965960051753],[123.47106651886719,9.750972932028818],[123.47101631090469,9.751100675335653],[123.471003914992,9.751252252070302],[123.4710079572425,9.751383374177047],[123.471005680628,9.751403964577252],[123.4710263840739,9.751536980480985],[123.4710432037434,9.751750453825633],[123.4710450785019,9.751758815164987],[123.4710484398804,9.751933769167668],[123.4709940824047,9.752099495550192],[123.470979294272,9.752274543099027],[123.4709321138483,9.752406336544203],[123.4708692779911,9.752541216809753],[123.47079281794,9.752624732934438],[123.4707204004238,9.752684081986297],[123.4706021829372,9.752757637809463],[123.47049611695971,9.752818862813132],[123.470402161532,9.752909722664008],[123.47029257609759,9.753020405204836],[123.47017478434348,9.753169025399918],[123.47005442417579,9.753369162571309],[123.4699713645988,9.753575650080291],[123.46984601735188,9.753760064693905],[123.4696474160471,9.754052248942768],[123.46951347109089,9.754204226071924],[123.4693660548114,9.754324943230351],[123.46926323080321,9.754377369896627],[123.4692202265487,9.754446015551968],[123.4692078694524,9.754514891846112],[123.4691927018086,9.75461230740412],[123.46916714356409,9.754719543939936],[123.4691493724869,9.754828748059483],[123.46918265762169,9.75490151142465],[123.46922755958849,9.75498136686814],[123.46923507809622,9.755044679559033],[123.46920456863579,9.755105823798011],[123.4691348159488,9.75516823085208],[123.46904879863449,9.755263180321963],[123.46892503376098,9.755400296965131],[123.468810768581,9.75551909503972],[123.4687309879584,9.755624497542723],[123.468691520185,9.755726609499963],[123.4686660564267,9.755812911584094],[123.46860631164719,9.755942291927942],[123.46853042700968,9.756100842778146],[123.46845633519828,9.756319885810282],[123.4684195304404,9.756496352487485],[123.4684057533542,9.75664035378687],[123.46840238975079,9.756865139986198],[123.46842039419232,9.75709477949263],[123.46846753041851,9.75730749957706],[123.4685750019864,9.75755238907155],[123.4686444589289,9.757759028487706],[123.46873635606408,9.758016058533588],[123.46880427557551,9.75823124155468],[123.46879559247759,9.7583954674059],[123.46874795387271,9.758543458138883],[123.46867633389749,9.758734255271584],[123.4685939070969,9.75892524414166],[123.4684948573125,9.759158762719396],[123.46849160289479,9.75925157054152],[123.46853475918569,9.759344509905564],[123.4685851889475,9.759479201807528],[123.4685978515781,9.75958815542023],[123.4685952400102,9.759708085765519],[123.4686030452051,9.759859666390629],[123.46861990666679,9.759966637267109],[123.468615222836,9.760044028160051],[123.4686045713861,9.760121335552647],[123.4685573778034,9.760238283890633],[123.468500257794,9.760345391530986],[123.46839636063729,9.760492551350556],[123.4682865468744,9.760622955729222],[123.4681448118822,9.760726256463117],[123.46802340951041,9.760807186473317],[123.46782261526519,9.760914624090566],[123.46778222959749,9.760945638713752],[123.46776544547339,9.760996532667722],[123.46777762569339,9.761067476391379],[123.46782292386578,9.761196993181017],[123.4678645780962,9.76134719685881],[123.467901040634,9.761525415510853],[123.4679379511135,9.761668298466628],[123.4679502114113,9.761788988564644],[123.46794656085089,9.761878203697968],[123.4679262577681,9.76199700430446],[123.46791402220408,9.762079027280972],[123.4679128712215,9.762162814611056],[123.4679261769128,9.762277717454808],[123.4679504060668,9.762384442373284],[123.4679653502239,9.762478104615019],[123.46796206125521,9.76255529765999],[123.46793992192369,9.762642614011876],[123.46789924944052,9.762736598101343],[123.4678622124255,9.762824018340917],[123.4678349705264,9.762910611081995],[123.46782919836541,9.763015061326008],[123.4678352901636,9.763105533910222],[123.467860721111,9.763212068196484],[123.46787516095569,9.76326918828683],[123.46788512862999,9.763340129908732],[123.467886801633,9.763425816780126],[123.46791876746539,9.763499353875],[123.4679479014309,9.763577654814993],[123.4679490977324,9.763581525056482],[123.4679652709543,9.763683410705632],[123.4679828900047,9.763838004994584],[123.4680021374183,9.764010266341876],[123.46802473046489,9.764138951094331],[123.4680748074208,9.764309983903694],[123.46815235579311,9.764508693759122],[123.46821874661178,9.764696316079547],[123.4683346204115,9.764947473964437],[123.4684116413587,9.765147100647425],[123.46843546681329,9.765182659901157],[123.4684713160977,9.76521090381473],[123.46851924706118,9.76522985024468],[123.4685798017894,9.765235226371168],[123.46863990368058,9.765238911200017],[123.4687503865064,9.765261278492169],[123.4688823866687,9.765289490236125],[123.4690104966507,9.765323031637534],[123.46913335890629,9.765354908135752],[123.4691815550335,9.7653689998093],[123.4692322093498,9.76539488814713],[123.4692896431614,9.765426403232876],[123.4693815952154,9.765496595654573],[123.46942993920209,9.765529910161126],[123.46948257215949,9.76557763258532],[123.4695421172811,9.765636290967544],[123.46960155642779,9.765698397427851],[123.46965078051498,9.765745943799114],[123.4697132973011,9.765797640705292],[123.46976669935239,9.765846205297978],[123.4698154036387,9.765916344609087],[123.46985626913519,9.765976614166524],[123.46990469581038,9.766046864340876],[123.4699255469011,9.76609983218908],[123.4699319849456,9.766129896900585],[123.46993267063449,9.766132019227207],[123.46993132420708,9.766159927197316],[123.4699273131346,9.766208336687138],[123.46991327293799,9.766256417318264],[123.46988933469528,9.766296978877115],[123.46985313145109,9.766330889488962],[123.4697828170379,9.766389894190315],[123.4697074156912,9.766455008780303],[123.4696323494865,9.76650223890834],[123.46956388144389,9.7665358238728],[123.46948958850818,9.766583125110182],[123.4694487702547,9.766619456837535],[123.46942376142819,9.766661569082308],[123.4694222039662,9.766708435532472],[123.46942942726758,9.766739631772785],[123.4694386405564,9.766775461064515],[123.4694602303713,9.766818578930717],[123.4694845181865,9.766846766906689],[123.46952377783678,9.766873404287889],[123.4695607063356,9.766890882319805],[123.469610769826,9.766906870075573],[123.46966789400979,9.766912253030327],[123.4697494592436,9.766914903530267],[123.469827110696,9.766914553109533],[123.46988345763849,9.766913990255823],[123.4699283829565,9.76692155031972],[123.46996318618258,9.766927383255192],[123.46997892875649,9.76692176737875],[123.4699850427871,9.766886566572762],[123.46999618701982,9.766840530588349],[123.47000858004888,9.766791545412124],[123.47003019891089,9.76675051422578],[123.47004414980428,9.76673004739709],[123.470077220871,9.766721916487475],[123.47010956396748,9.766705413818478],[123.47014327609689,9.76666706188575],[123.4701829364434,9.766603992901146],[123.470214370677,9.766531723225135],[123.47024107999908,9.766473204530667],[123.47029737601869,9.766339727619112],[123.47033266569629,9.76625577112252],[123.47036097825598,9.76618816937242],[123.47036965866688,9.766132108335999],[123.47038281213979,9.766070306552367],[123.47038415646038,9.766031373386355],[123.47037803624559,9.76598485752862],[123.4703722687125,9.765938025411161],[123.47036656745269,9.765875261112024],[123.47035642779419,9.765821685944674],[123.4703551133452,9.765770274675713],[123.470359358259,9.765732013868194],[123.4703795698295,9.765713910778949],[123.47039582432218,9.765711616677377],[123.47043180417201,9.765721078670122],[123.4704559666726,9.7657364931125],[123.47048697215828,9.76574817355433],[123.4705289602141,9.765755743943071],[123.47057708874429,9.765754648120957],[123.47063241242088,9.76573358499361],[123.4706902544525,9.765701566436599],[123.4707507629318,9.765659630540053],[123.4707904589581,9.765629451707815],[123.47084511729419,9.76558452327255],[123.470930945277,9.765517446215288],[123.4710230432114,9.765450523425505],[123.47110623216568,9.765396714617797],[123.4712117522895,9.765327368393843],[123.4712851716138,9.765260679791583],[123.47134031085778,9.765183137110059],[123.47135588534408,9.765129898919744],[123.47136381005198,9.765041149691099],[123.4713613262889,9.764978034351357],[123.4713526109584,9.764896839580565],[123.4713464161719,9.764776126631856],[123.4713448734167,9.764660687733636],[123.4713596707009,9.764560927892488],[123.4713788563902,9.764453514035466],[123.47140711645311,9.764342980478975],[123.4714374348753,9.76426212031537],[123.4714787090422,9.764187518036158],[123.4715174711386,9.764128060150725],[123.47156985447789,9.764069443837164],[123.47162369811079,9.764040662055109],[123.4716852151001,9.764013137035883],[123.471773866258,9.763984832121555],[123.47185010956798,9.763944424680322],[123.47189411401328,9.763902310188318],[123.47193543379679,9.763839071385554],[123.4719603446722,9.76378664393952],[123.47198850908009,9.763720287574841],[123.47201288103182,9.763654834282926],[123.472060852411,9.763527565506886],[123.4721017824702,9.763431114838083],[123.47213517268528,9.763340073343691],[123.47216568009401,9.763274417521767],[123.47219029873641,9.763234444865322],[123.4722440017954,9.763206994534487],[123.4722934143625,9.763200684009838],[123.47233917533819,9.763204200155208],[123.47238037783669,9.763226409520643],[123.4724581770844,9.763270922636698],[123.4725377158078,9.763324811258473],[123.47260199437478,9.763354157369493],[123.47266552509869,9.76338362551911],[123.4727285140457,9.763409488274114],[123.4728016263298,9.76342763298299],[123.4728849932005,9.763438945868947],[123.47296293568868,9.763460580054614],[123.4730451363085,9.763489290893972],[123.4731156512169,9.763499211812038],[123.4731714276414,9.763495263061678],[123.47320538304749,9.763478015148847],[123.47324312300981,9.76344960098052],[123.4732935056783,9.763409314481908],[123.47333290325489,9.763380040791281],[123.4733810165881,9.763347334891634],[123.47342519533551,9.763319953417296],[123.47346409360159,9.763292042501075],[123.47352176256578,9.76327358944689],[123.47356765852409,9.763261852756605],[123.4736030796927,9.763265148685582],[123.47363059152771,9.763274909387155],[123.47368545108338,9.763297795074031],[123.47376108765249,9.763332476001404],[123.4738203055558,9.763352985000456],[123.4739006685079,9.763376050966357],[123.47397158949418,9.763400347845291],[123.47406120759881,9.76342226953502],[123.4741392303857,9.763432093522463],[123.4742138084691,9.763429012013148],[123.474292441878,9.763421764739146],[123.47434416882591,9.763433396625981],[123.47441698115578,9.763463769575816],[123.47451952149989,9.763521529863947],[123.4746071073351,9.763573140179913],[123.4746830713936,9.763611461716085],[123.4747595472258,9.76364727567694],[123.4748342928059,9.763692380423064],[123.4749107672262,9.76375324633245],[123.47501213355808,9.763831917343321],[123.47511836431899,9.76392443240386],[123.4752879055088,9.764039356585492],[123.4754588843711,9.764179682786956],[123.47552450467178,9.76422013978456],[123.4756083617102,9.764253753313033],[123.47566664230318,9.764296554948997],[123.47573770115889,9.764350231774431],[123.475801852021,9.76441014845305],[123.4758638887552,9.76445250925455],[123.4759627445873,9.764495685220565],[123.47603592674201,9.764530232586344],[123.4761034753374,9.764564536111177],[123.47610644622179,9.764566622773808],[123.47617441626399,9.7646143644046],[123.47621465286831,9.764663208698257],[123.4762946447708,9.764774083313382],[123.47636769092229,9.764868818593241],[123.4764352043541,9.764950928964884],[123.4764892244459,9.765018378004912],[123.4765383936556,9.76507341567922],[123.4765868405927,9.7651081406619],[123.47664711169008,9.765119023099757],[123.4767431976288,9.765125220169098],[123.4768213016991,9.765136139454906],[123.4769152680102,9.765155645400656],[123.47699782423508,9.765160543319421],[123.4770786457872,9.765161847981183],[123.47717496810421,9.765146630300848],[123.4772723440088,9.765125114793403],[123.47741815115329,9.76508674034444],[123.4775452791716,9.76505638839818],[123.47765155808328,9.76503630578313],[123.47773052541538,9.765023129713159],[123.4778400424446,9.765026196411894],[123.4779243357012,9.765068087266476],[123.4780167560579,9.765132856395983],[123.4780810441655,9.765205764603968],[123.47814486543729,9.765298888063379],[123.47819941940038,9.765409125310057],[123.47825902095379,9.765566044199977],[123.4783267934518,9.765711889178462],[123.4784001719467,9.765846073916638],[123.47851456494618,9.76602016926092],[123.47861092590308,9.766208923136949],[123.4786323505946,9.76627722268107],[123.4786683812215,9.766423827659425],[123.4787070160158,9.766599964738926],[123.47877729370478,9.76686497657689],[123.4788332860747,9.76707821668874],[123.47887898431661,9.76725048427905],[123.4789171772834,9.767386555969294],[123.47895888572499,9.76748519555401],[123.47900677027751,9.767581979993674],[123.47905850339082,9.767641790116775],[123.4791131966949,9.767697241624091],[123.47919062040638,9.767745134577591],[123.47926823043069,9.767793844667157],[123.4793541783782,9.767828697759223],[123.4794259953114,9.767865288992365],[123.47950651674078,9.767929523876317],[123.4795816823073,9.768005952066822],[123.4796741490951,9.76810831525906],[123.47974190831249,9.768191558363263],[123.4798107772285,9.768275960454208],[123.47988123376669,9.768353855847225],[123.47997076037659,9.768449993116223],[123.4800236021841,9.768520789449497],[123.4800934377964,9.768580310982921],[123.48016834882421,9.768611851301493],[123.48024591144251,9.768617921211554],[123.4803220835544,9.768620187415575],[123.48040621196189,9.768613271012674],[123.48048684861058,9.768589454171561],[123.4805447184974,9.768554154662057],[123.480601720031,9.768512144396002],[123.4806539193712,9.768456660428301],[123.48069556890378,9.768383417154839],[123.4807289262945,9.76831227628842],[123.48075362698648,9.768222449737342],[123.4807723450753,9.768156503085285],[123.4807906073759,9.768107806535571],[123.4808135300368,9.768059253519075],[123.4808436656971,9.768022542203637],[123.48089099073539,9.767989953387897],[123.48095035256311,9.76797358287035],[123.481008778422,9.767977216304223],[123.48108157840639,9.76799425593959],[123.48115109208298,9.768018204411883],[123.48123438142379,9.768064691508542],[123.48132924984849,9.76809287123526],[123.48141261940961,9.768109558964486],[123.4815103722003,9.768104732601987],[123.4816005350924,9.768091267899282],[123.481682144815,9.768087645401568],[123.48181857371908,9.768048528340692],[123.4819600645146,9.768019982243956],[123.4820601205062,9.767985601552068],[123.4821432110611,9.767944101184847],[123.48225322185411,9.767888447986723],[123.4823242640537,9.767846370614514],[123.48240483548359,9.76778789902017],[123.4824680013652,9.767746564979578],[123.482508827158,9.767733292598543],[123.4825687586786,9.767727883001742],[123.482614811177,9.767724990836596],[123.4826733421752,9.767706983846889],[123.48271540457739,9.767671662375287],[123.48275542035618,9.767620901624188],[123.482789026434,9.76755155886471],[123.48283095270259,9.767458605587267],[123.48290014469978,9.767317442875553],[123.48295225358099,9.767209536872397],[123.48300813661041,9.76708647763561],[123.48305245028149,9.766998018640546],[123.483090731128,9.766927246305627],[123.4831328342244,9.76683654860452],[123.4831604627748,9.766785319399025],[123.48319856743989,9.766738530823057],[123.4832358612888,9.766707865819198],[123.4832770481017,9.766695126883134],[123.48331388745969,9.766698861181862],[123.4833735957148,9.766709777167828],[123.48343183213478,9.766732975717925],[123.4835380704246,9.766790632924582],[123.4836279962688,9.766849131372076],[123.48375385702148,9.766943538580385],[123.48386406652129,9.767039069312276],[123.48400177190929,9.767148573989605],[123.4841399129421,9.767234880605386],[123.48422587521709,9.767263497416675],[123.48429574053179,9.767273740869113],[123.48439187806119,9.76727875853253],[123.48450004615118,9.76728538471235],[123.4846300125571,9.767298719000598],[123.484736313003,9.767326411889346],[123.4848243602812,9.767360997065044],[123.48492555833658,9.76740928540009],[123.4850432152591,9.76748972712053],[123.4851234987084,9.767557306336217],[123.48519132343449,9.767605730581016],[123.4852571881049,9.767637157011759],[123.4853418879194,9.767638027205551],[123.48543475459918,9.767636117991287],[123.4855625463164,9.767659772824508],[123.4856870820818,9.76768164162443],[123.485842617524,9.76771037278617],[123.4859474729119,9.767742187054267],[123.4860566650976,9.767762163156801],[123.48615139143239,9.767759721307918],[123.4862381418091,9.76774493561987],[123.486318301639,9.76771892242143],[123.4864139124572,9.767689886491647],[123.48651205942589,9.767671651455553],[123.48658918429719,9.767675136272585],[123.486641693261,9.76769910590948],[123.486721322173,9.767747054330949],[123.4868031600754,9.767786881007433],[123.4868918861595,9.767813315519176],[123.48699607170579,9.767822762786492],[123.48709272790241,9.767831951663014],[123.48717578683379,9.767853956223593],[123.487274553112,9.767890243072198],[123.4874132024494,9.76796625203504],[123.4875505507689,9.768031519665751],[123.4876633898516,9.768123814421928],[123.4877690333006,9.76820675300601],[123.4878735858348,9.76831382532632],[123.48795983284352,9.76839015620086],[123.48803401054948,9.768450310009808],[123.48811789173539,9.768514878875157],[123.488225199851,9.768605407795237],[123.4882864090324,9.76864491790477],[123.4883702898373,9.768682121557624],[123.4884404196798,9.768708530680536],[123.48854270418329,9.768728598156448],[123.48861520006719,9.768733695285576],[123.48869566919159,9.768728811713222],[123.48876767110659,9.768707236291393],[123.4888340078793,9.76867719396335],[123.4889038323311,9.768651025734435],[123.48900601676839,9.768619797573267],[123.4890535599364,9.768594342254255],[123.4891098650386,9.768524012010626],[123.48915078068939,9.76845982266664],[123.4892032530989,9.768390234282116],[123.4892649999684,9.768346037876492],[123.48933177196528,9.768331914624255],[123.4894073779558,9.768350576844743],[123.48948692315092,9.768391150694441],[123.4895630384396,9.768444411860813],[123.4896367893324,9.76850192379113],[123.48970806098168,9.768520746649793],[123.48976028529,9.768509440908774],[123.48982061226319,9.768486351450544],[123.4898970030371,9.768452722005891],[123.48998916679209,9.768438032655222],[123.49007441782828,9.768448073139753],[123.49018162604189,9.76848294926447],[123.4902877878926,9.768546199428311],[123.4903844850655,9.768630197585365],[123.4904694542599,9.768671284409754],[123.4905830927733,9.768701625223889],[123.4907006290416,9.768710230596723],[123.4908638220364,9.768695318554439],[123.49097727756347,9.76864370073055],[123.49109953912729,9.768561858768331],[123.49125750317857,9.768477908902256],[123.49139007246107,9.768412218904555],[123.49151052808077,9.768362530590736],[123.49169173853477,9.768310569150888],[123.49184724693816,9.768270861931015],[123.49197769745217,9.768250873129817],[123.49206793299338,9.768249826706125],[123.49221960498386,9.768273185626086],[123.49241872951886,9.768292774698233],[123.49259332720017,9.76831551388034],[123.49275458443056,9.768319476974982],[123.49284541527679,9.768316562299315],[123.49297461986026,9.768296225104484],[123.49310529232388,9.7682373745819],[123.49338820193657,9.768088922452549],[123.49359012057266,9.7679735298364],[123.49374974560418,9.76789349251902],[123.49392617464545,9.767793694981377],[123.49406702052626,9.767742758431565],[123.49422432633337,9.767713705981631],[123.49439657601498,9.767710505534945],[123.49454167165119,9.767685404613967],[123.49475899446847,9.76764323981077],[123.49490448994257,9.767615342778022],[123.49501373869077,9.767582699615918],[123.49515499631646,9.767549092442064],[123.49523924242837,9.76753925869547],[123.49529737924026,9.767562246634258],[123.49537303443877,9.767616315298158],[123.49545313636418,9.767764585806832],[123.49552446187678,9.767868207324014],[123.495600048031,9.767902850350076],[123.49576124388305,9.767976871525322],[123.49599843868536,9.768073199828514],[123.49619307404627,9.768087965704554],[123.49645832281978,9.768046245618718],[123.49675058553257,9.767979101890536],[123.49701595635018,9.767888060020992],[123.49728503140837,9.76775054287782],[123.49749723834766,9.767586299251384],[123.49772250320326,9.767390020590819],[123.49796758012558,9.767110950029332],[123.49805454252646,9.766976607812701],[123.49814678293929,9.76680547935363],[123.49824368447457,9.76658346158475],[123.49833098963367,9.766406678707114],[123.49841536386748,9.766207777932355],[123.49849150716088,9.766045850089393],[123.49854074872718,9.765964560585159],[123.49862304640477,9.765891486309842],[123.49874439602827,9.765808204976617],[123.49885902744937,9.765712545991098],[123.49898396665897,9.76565270161378],[123.49915082545628,9.76559878057875],[123.49928759599096,9.765564221884418],[123.49943284176517,9.765499113364344],[123.49954555941747,9.7654382324292],[123.49965873961595,9.765340813224265],[123.49977743113247,9.765237500699145],[123.49992296193477,9.765116205618476],[123.50002900879797,9.765053284708582],[123.50023940314065,9.76496763005643],[123.50041851220139,9.764882695329188],[123.50055269707319,9.764793576525248],[123.50063518096007,9.764725318221965],[123.50069178774618,9.764666979411235],[123.50074599180728,9.764598022065428],[123.50085784565537,9.764506326226991],[123.50099826050909,9.764438424502044],[123.50116120613166,9.764361910714358],[123.50131416010898,9.76430601528039],[123.50148940730757,9.764270384615513],[123.50160119568989,9.764266587236369],[123.50175731763457,9.764283961283837],[123.50189740272597,9.764290466913003],[123.50204239432266,9.764285989852015],[123.50216867982087,9.76425583969341],[123.50241915199977,9.764174391567064],[123.50266137061386,9.764097685927213],[123.50297269956799,9.763967943944046],[123.50316356303779,9.763881043446963],[123.50334755098606,9.763806597254307],[123.50350485437438,9.763737417960321],[123.50362141725057,9.763675283375017],[123.50372760083808,9.763597394171349],[123.50384609434319,9.76351569915745],[123.50396217633407,9.763425595001648],[123.50405153705476,9.763360148156027],[123.50415541621179,9.76329342099785],[123.50427043866917,9.763236149076715],[123.50439938327307,9.763186579859125],[123.50454634767398,9.763151076741353],[123.50468673283036,9.763105559028801],[123.50485983857178,9.763026402971622],[123.50502893726167,9.762963048940739],[123.50510751944498,9.762897443020394],[123.50519167706348,9.762853244134204],[123.50527461374857,9.762824345294327],[123.50539044462657,9.762804125691538],[123.50549993800307,9.76280683785581],[123.50562437656467,9.76280859449415],[123.50579453593087,9.762798979589506],[123.50596417767507,9.76276285727856],[123.50619688050209,9.762716010059991],[123.50634692074956,9.762664191433915],[123.50647064353886,9.762601468231797],[123.50655163891247,9.762532465762154],[123.50660571131827,9.762471246758334],[123.50665622836816,9.762380824052487],[123.50668720974977,9.762274001103737],[123.50669620014887,9.762165535689595],[123.50669216879987,9.762055665763844],[123.50669894471487,9.761951974953444],[123.50675497053017,9.761846696966245],[123.50688331076257,9.761728017925064],[123.50708568347558,9.761619960678562],[123.50725833041815,9.761591776371903],[123.50739852437479,9.761612726540571],[123.50754624879356,9.761658837687529],[123.50783003988268,9.761764099293252],[123.50817032942696,9.76188453296909],[123.50846199434976,9.761999176024114],[123.50861711572057,9.762068451741165],[123.50874101302438,9.76212307473977],[123.50888052625656,9.762164737228542],[123.50900003703096,9.76217566907799],[123.50909404561298,9.762167921538992],[123.50917374960416,9.76212716658623],[123.50922713634806,9.762076809264242],[123.50928375933287,9.761975578312375],[123.50931957777107,9.76187359916613],[123.50934942891917,9.761800646969332],[123.50938129965937,9.761740505880875],[123.50942450869167,9.761706533654285],[123.50945853888639,9.761696082573128],[123.50950268538907,9.761700321033324],[123.50957651485537,9.76171047966288],[123.50967498706416,9.761728427130443],[123.50983033557337,9.761742441595077],[123.51003447076218,9.76175100933294],[123.51028699089437,9.76176989280177],[123.51039513972208,9.761776248566589],[123.51049502286209,9.761764085199147],[123.51057711300217,9.761738027776069],[123.51074958532186,9.761658286580042],[123.51091054772677,9.761592678036457],[123.51109504444815,9.761520138480622],[123.51121568719968,9.761470980396036],[123.51133820727937,9.761436897671896],[123.51146921872467,9.76140823413097],[123.51160854688426,9.7613671931431],[123.51175605911209,9.761335737141328],[123.51184565833216,9.761329915161788],[123.51197527848088,9.761343696109845],[123.51210517359537,9.76136393867113],[123.51225068699787,9.761384527435883],[123.51238600413667,9.761402368853421],[123.51249594131387,9.761415930475458],[123.51261092726806,9.76142178593104],[123.51270723889067,9.761417935604285],[123.51278753105888,9.761402505861856],[123.51289488718407,9.76137084515925],[123.51298823271479,9.761322995384397],[123.51316435971177,9.761240505229654],[123.51340445357738,9.76117050040153],[123.51366077783487,9.761102484071255],[123.51409417323167,9.760987613737715],[123.51442412164339,9.760871795442185],[123.51469404944736,9.76076306089413],[123.51489777817298,9.760663401630111],[123.51514261292017,9.760570221150696],[123.51535770883697,9.760501424771478],[123.51553223722286,9.760437807257633],[123.51564507877896,9.760380397261727],[123.51577562660208,9.76029833246486],[123.51589125316346,9.760228757529429],[123.51598667764848,9.760171620801813],[123.51609931235848,9.760076332212787],[123.51619628047678,9.759981470935406],[123.51634770266507,9.759823696505652],[123.51649891829089,9.759691755551756],[123.51670137591826,9.759556648255456],[123.51690104387927,9.759413347060583],[123.51712174615076,9.759261748937485],[123.51730794483757,9.759126770501265],[123.51746619741047,9.759025414760885],[123.51761198369736,9.758992226471644],[123.51770856742138,9.7590235453199],[123.5178936001465,9.759093777579615],[123.51803437306529,9.759155422868433],[123.51821639676498,9.759188801553568],[123.51851584451069,9.759189979531405],[123.51870121308686,9.75917420124226],[123.51885225639107,9.75912974637367],[123.51899844407617,9.759056241460845],[123.51913585496587,9.758951851178962],[123.51925600392278,9.758874151176666],[123.51937593266157,9.758840668056404],[123.51944424684297,9.758827487853765],[123.51954019702238,9.758831289899405],[123.51964933962915,9.758861586209525],[123.51976271030198,9.758915260934243],[123.51987589688247,9.758968808647273],[123.52000944182227,9.759039177313335],[123.52006033772896,9.759064596072998],[123.52011805699738,9.759080528066239],[123.52018810703987,9.759082430642362],[123.52025861632127,9.759070942327158],[123.52033572546335,9.759058344996836],[123.5204375751318,9.759030442559107],[123.52054501677897,9.758984071744589],[123.52064912348318,9.758966160777641],[123.52075979716356,9.758999287438606],[123.52092337488988,9.759066351138223],[123.52105169004199,9.759123720287157],[123.52114829838948,9.759139018203681],[123.52124403246518,9.75912683842368],[123.52130142617938,9.759074048613892],[123.52131446023337,9.759003609850934],[123.52130951333848,9.758905805641858],[123.52128307697188,9.758823286834724],[123.52127425049098,9.758713497290035],[123.52127563572508,9.758569412171406],[123.52127945745607,9.75840531958502],[123.52128733019498,9.758270786608751],[123.52128426649188,9.758153102431319],[123.52127727023436,9.758003216078894],[123.52127284375347,9.757832252981858],[123.52127089756738,9.757683205099111],[123.52127733111186,9.75755419374462],[123.52129141601718,9.757430961128765],[123.52134829142487,9.757309968621877],[123.52141034739537,9.757235104452763],[123.52152501211786,9.757198404055844],[123.52163097913926,9.757226375414565],[123.52170524776297,9.757273692679622],[123.52177311978706,9.757363991903729],[123.52185282462887,9.757490863014853],[123.52191906536257,9.75757204650918],[123.52203941636056,9.757627262304561],[123.52214145074986,9.757675205371102],[123.52231184350755,9.757764990448738],[123.52246694356548,9.757870994244303],[123.52256113900548,9.757942795729843],[123.52263760081756,9.758024612920547],[123.52268131651607,9.758085206361102],[123.52275395595456,9.758209230494172],[123.5228347457086,9.758311843820161],[123.52292543520997,9.758387173357995],[123.52303633097188,9.758448730148256],[123.52310270652717,9.758481957632966],[123.52319067594857,9.758506337663272],[123.52326126260039,9.758500021979106],[123.52334288965626,9.758480916506933],[123.52346501791389,9.75843368066275],[123.52361126908917,9.7583878130766],[123.52371816491178,9.75836018025401],[123.52385898680636,9.758321778421235],[123.52395251534897,9.758287252049627],[123.52403541172698,9.758260857948368],[123.52411710920447,9.758258979894046],[123.52419497142127,9.758286535453646],[123.52426636361389,9.758322800360826],[123.52437559830119,9.758359724805826],[123.52447774259308,9.758387563062612],[123.52457043787496,9.758398146297827],[123.52465022941577,9.758404174359839],[123.52471087264736,9.758393489784149],[123.52477727971878,9.758372667793534],[123.52489107585107,9.758319160003342],[123.52500673962578,9.758263572724054],[123.52504317511587,9.75823261723854],[123.52508897449347,9.75820787784909],[123.52515988707626,9.758208223130548],[123.52526394402058,9.758232474573138],[123.52547143034546,9.75831813263397],[123.52569830215856,9.758418059194666],[123.52582474891007,9.758456134380351],[123.52592801745617,9.758462304409482],[123.52600733857507,9.758449992636782],[123.5260870688165,9.758399247885391],[123.52616079647568,9.75833959707161],[123.52623729064098,9.758290282373244],[123.5263160836951,9.75826519594952],[123.52645110808659,9.758250134335617],[123.52660511282023,9.758275291044946],[123.52686402676596,9.758389832193473],[123.52713502956267,9.758506969507238],[123.52730563376784,9.758610329254978],[123.52740754206145,9.758695335286605],[123.52761577956963,9.75891100587415],[123.52768698807726,9.759004909012313],[123.52773495747535,9.759076494137084],[123.52784275456312,9.759156101297515],[123.52795090171443,9.759187650378818],[123.52804197708166,9.759200366633404],[123.52819706922864,9.759206685613586],[123.52838568990305,9.759203789871227],[123.52877744057022,9.75919514641877],[123.52959667955844,9.759157577485892],[123.53148594303883,9.759078438747627],[123.53231800314744,9.759037931529436],[123.53325010408803,9.759005900750553],[123.53393679738335,9.758974990500063],[123.53436067038254,9.758954381030952],[123.53471411041485,9.758942908704046],[123.53567711276474,9.758892284411527],[123.53643722195996,9.758870257481762],[123.53682632679445,9.758868586885855]]}},{"type":"Feature","properties":{"ID":"122685","Name":"11","Descriptio":"","brgy":"","OBJECTID":"0","NPAAAD":"","ORIG_FID":"0","Shape_Leng":"0.000000","Shape_Area":"0.000000","AGENCY":"","APPROVED_B":"","ATTESTED_B":"","PREPARED_B":"","YEAR":""},"geometry":{"type":"LineString","coordinates":[[123.52390190602115,9.848122405712173],[123.52385247033185,9.848124847147524],[123.52378649561376,9.848125391640016],[123.52371671684915,9.84812385340628],[123.52364860725943,9.848112702550976],[123.52359328281865,9.848071585979348],[123.52354261683995,9.848015500654437],[123.52348180700974,9.847933616221786],[123.52342929096294,9.847849388726427],[123.52339279269187,9.84778607440374],[123.52338026636956,9.847747650892597],[123.52337041823924,9.847711058323792],[123.52337261524605,9.84767724271531],[123.52338837401065,9.84765027429087],[123.52341967795913,9.847624005356762],[123.52345486487003,9.847607492257715],[123.52350553163795,9.84759373266925],[123.52355495245146,9.84757917638887],[123.52360264506376,9.847559186242492],[123.52363863983526,9.847535084267742],[123.52368614695666,9.84750199687888],[123.52371372465794,9.847466355496193],[123.52376376415215,9.84738487840249],[123.52379677866355,9.847293726639768],[123.52381875247286,9.847190613310572],[123.52383481820814,9.847121732219454],[123.52386858455245,9.847023239270253],[123.52389250309224,9.846968818230058],[123.52394129207575,9.846862101381678],[123.52398010587015,9.846772213559383],[123.52398759811035,9.846691122552125],[123.52398710254494,9.846687647564682],[123.52397434614785,9.846573121517332],[123.52395655817823,9.846411137637928],[123.52393527580814,9.846256462618319],[123.52391722484315,9.846143880268032],[123.52390602461465,9.846060665660922],[123.52391027020434,9.846014917621913],[123.52391642704984,9.84598777243268],[123.52391650207545,9.845986784880836],[123.52395958768626,9.845913052729058],[123.52405175785515,9.845801301390248],[123.52417674282056,9.845648261112306],[123.52428280336474,9.845509456345285],[123.52440055104715,9.845336571468236],[123.52447986735045,9.845190590662115],[123.52457315143246,9.845051435084958],[123.52462808840194,9.844948491006772],[123.52471388360755,9.844837070790877],[123.52489400822896,9.844583627352632],[123.52495623092524,9.844429522473883],[123.52499928689527,9.844288687393387],[123.52503726013613,9.84407853357346],[123.52507280739964,9.84395904448404],[123.52513482981786,9.843823074151414],[123.52513574267995,9.843821007155569],[123.52519788551395,9.843643371189149],[123.52526085212435,9.843505914540964],[123.52529050751224,9.843428950402272],[123.52529064524205,9.843427523290401],[123.52533140778306,9.84335074927658],[123.52533298117837,9.843349457380517],[123.52540316220013,9.843257897431926],[123.52547202750866,9.843176703819351],[123.52553910423575,9.84308919887557],[123.52554091381874,9.84308512047534],[123.52559016659366,9.842985231999542],[123.52565323676504,9.842840944204042],[123.52571506769922,9.842716379733046],[123.52577675091844,9.842590889862512],[123.52586341929444,9.84243703991568],[123.52590058221206,9.84235749774064],[123.52590147206645,9.842355514436626],[123.52590648907244,9.842249515246776],[123.52591233604807,9.842172226731288],[123.52592958428605,9.842122119370009],[123.52598778399565,9.842062675785048],[123.52603195101995,9.84200332527041],[123.52609262407215,9.84190543206162],[123.52615896712024,9.841813481776358],[123.52616079246806,9.84180836627265],[123.52622023348385,9.841724491197505],[123.52628970488894,9.841613943586637],[123.52638349940915,9.841487178083526],[123.52645334089645,9.841400941996575],[123.52653455860215,9.841292305008965],[123.52659460223654,9.841203616539861],[123.52663989825416,9.841147672503526],[123.52669298278155,9.84110909476778],[123.52677847980154,9.841056824745484],[123.52684828421884,9.841007503354737],[123.52685064102674,9.841004366880648],[123.52693818562616,9.840919412551557],[123.52700164952944,9.840853308869494],[123.52704278762005,9.840800643710283],[123.52709480120494,9.840759609354297],[123.52715316080474,9.840722851958635],[123.52721711076724,9.840693280390395],[123.52729375265234,9.840657361973507],[123.52734489477515,9.840620477207844],[123.52734864990566,9.840618692175237],[123.52743066411065,9.840559109462044],[123.52750661373335,9.840518886240156],[123.52761274126155,9.84048181321185],[123.52774466622515,9.840443394645199],[123.52784022493924,9.840413502428266],[123.52797509294714,9.840357319483905],[123.52810327665513,9.840317469042567],[123.52819888144144,9.840293310766235],[123.52827458379694,9.84024925047059],[123.52836021686164,9.840205570571394],[123.52846880624926,9.840159391678409],[123.52856873592683,9.840136592083226],[123.52866665527675,9.840122992698301],[123.52881714234466,9.840074295639688],[123.52889971919183,9.840032999445787],[123.52895837272366,9.8399969871143],[123.52900843099765,9.839973994672778],[123.52906270154024,9.839956287362439],[123.52917022013955,9.83992932915158],[123.52924404551294,9.839916026711293],[123.52934795974943,9.839881096103062],[123.52943378631484,9.83985775753647],[123.52952140394825,9.839823809251602],[123.52961511565717,9.839782301641304],[123.52972223894655,9.839734973381622],[123.52980488660894,9.83969299267503],[123.52987408861614,9.839654528893352],[123.52991058342086,9.839620634195194],[123.52997200323125,9.839561046654147],[123.53002122993284,9.83951537726622],[123.53008752068513,9.839464880722774],[123.53016047273124,9.839432560968493],[123.53016203276435,9.839431278276619],[123.53022378156484,9.839406973868169],[123.53027642220894,9.839380843663863],[123.53033875457544,9.839344507279344],[123.53038144629203,9.839311084112465],[123.53047053726075,9.839246726650064],[123.53052044504756,9.839202140152368],[123.53057652038285,9.8391430574725],[123.53062040458664,9.839078874071408],[123.53066627698655,9.839003450619705],[123.53071465080895,9.838917678526212],[123.53074988674474,9.838854744629387],[123.53080052584076,9.838773608177414],[123.53084799099786,9.838691906501431],[123.53089042905884,9.838637526347947],[123.53094607301375,9.838578433171515],[123.53101528270734,9.838512198937254],[123.53107540165126,9.838453769973691],[123.53115816371626,9.838387967241566],[123.53121414372083,9.838348512000385],[123.53128939689715,9.838302718767748],[123.53138181674964,9.838246948533735],[123.53144544493016,9.838197059232126],[123.53153466128326,9.838118138539103],[123.53161604777944,9.838037692034622],[123.53168578576596,9.837955385566712],[123.53175157806824,9.837881532375423],[123.53180717159975,9.837821178573206],[123.53186896143703,9.837757743673054],[123.53192705338053,9.8377011598641],[123.53198841335764,9.837661480494559],[123.53203522808694,9.837635151737599],[123.53209438822755,9.837594485235403],[123.53212954684413,9.837560652993817],[123.53217928369804,9.837529985584142],[123.53223743500494,9.837505355438774],[123.53229991468694,9.837480163533364],[123.53235738557176,9.837450184848263],[123.53244726350702,9.837390742328356],[123.53257507102535,9.837312689196477],[123.53268555594046,9.83726331031338],[123.53282606743394,9.837193039939956],[123.53295457775336,9.837131222314447],[123.53303058801976,9.837102423105781],[123.53315428201584,9.837057418829854],[123.53324679248304,9.837023489257152],[123.53331386993025,9.837011114326637],[123.53337228858715,9.83700071736351],[123.53345895273165,9.836981820865416],[123.53355283053824,9.836974318748078],[123.53363923916243,9.836949871737692],[123.53364155912446,9.836948489129679],[123.53377504753425,9.836894678857606],[123.53391675942703,9.836842147772783],[123.53409081792583,9.836775988409661],[123.53420593031315,9.836736319818934],[123.53432196771453,9.836689437837421],[123.53442014485724,9.836646712006825],[123.53452155628635,9.836610618612317],[123.53460622305545,9.836587289581434],[123.53467472805916,9.836591653405685],[123.53477482964846,9.836585944030038],[123.53477707661924,9.8365857305113],[123.53485364132176,9.836570382587905],[123.53496742450855,9.83653854989272],[123.53509507770053,9.836513793595346],[123.53521570437705,9.836490583369018],[123.53540337486703,9.836467229395486],[123.53553657583055,9.836453658833152],[123.53570967373535,9.836412810614672],[123.53583727984754,9.836383986092494],[123.53595171323485,9.836348045880033],[123.53606393007676,9.836299040654357],[123.53615182772805,9.83625192132993],[123.53625712662425,9.83619517298588],[123.53628642344103,9.836173191642173],[123.53632456005316,9.836130265807899],[123.53635427664885,9.836100399502273],[123.53638431809053,9.836066602636205],[123.53642794352204,9.836033941979935],[123.53647239864446,9.83601146480358],[123.53651724642245,9.83599680878984],[123.53654256710823,9.836003314225778],[123.53662023892575,9.836000504872056],[123.53667387538134,9.836002064931657],[123.53673113458184,9.83600687255928],[123.53703877845325,9.836021463495076],[123.53712585601585,9.8360252151618],[123.53719112713044,9.836020365187691],[123.53719323300012,9.836019108540055],[123.53719916213683,9.836016978659703],[123.53720509756664,9.836014846464435],[123.53725703359423,9.835995147460626],[123.53732629021214,9.835965631032801],[123.53742242954954,9.835945968295638],[123.53753993257114,9.835915793908802],[123.53761640937654,9.835896207934018],[123.53768795871723,9.835870959137848],[123.53775019178954,9.83583729384559],[123.53782433234994,9.835799207855576],[123.53792357812813,9.835742243870857],[123.53800680158976,9.835690742755505],[123.53806253209514,9.835659623546373],[123.53811975167685,9.835648433931041],[123.53826222307323,9.835654578471821],[123.53838100225376,9.835674735223922],[123.53849895133357,9.83569879530519],[123.53861173600545,9.835688850356748],[123.53866679448815,9.835684770011161],[123.53878563964395,9.835722108556151],[123.53890849072613,9.83575434851747],[123.53909399134513,9.835805377234205],[123.53922887063592,9.835819649096047],[123.53945664935104,9.835862186435612],[123.53961586436465,9.835886900482691],[123.53984262175524,9.835921848172408],[123.53997330419917,9.835951527252567],[123.54006882437673,9.835982838553893],[123.54019853099345,9.836008876189721],[123.54031325876385,9.83602263030996],[123.54046771872565,9.836017814556586],[123.54061826455205,9.836003108214879],[123.54074479166674,9.83599896017295],[123.54084861798816,9.836001712869637],[123.54094435009914,9.836018953233284],[123.54112921054084,9.836104170367788],[123.54128743126894,9.836167119209279],[123.54143619723435,9.836233106773124],[123.54152341428045,9.836245378410334],[123.54156119803035,9.836242783493365],[123.54165666171245,9.83622326694411],[123.54172854121916,9.836192085315114],[123.54181434487424,9.836159280138332],[123.54188482456806,9.836141764417777],[123.54194370243634,9.836139199202035],[123.54199399831053,9.836142059452088],[123.54206903529284,9.836151203554234],[123.54212683031355,9.83616588788198],[123.54221974717224,9.836155935964467],[123.54236033010305,9.836129871727058],[123.54246321621845,9.836107154744512],[123.54256195979835,9.83610032235123],[123.54267384221845,9.836089715913237],[123.54275949809933,9.836071292368265],[123.54289268447054,9.836038096238225],[123.54301299051124,9.836007398100096],[123.54315179743355,9.835956784470397],[123.54325510315324,9.835938364846234],[123.54335317990252,9.83592113784314],[123.54346452090705,9.835902091275345],[123.54354887598265,9.835884158861063],[123.54367196804264,9.835859831587966],[123.54381078777136,9.835806217097334],[123.54390595891583,9.835759613911954],[123.54399575770934,9.835718098807408],[123.54408241658494,9.835673722376004],[123.54416136727365,9.835611156872023],[123.54425207218125,9.8355437477509],[123.54430727812766,9.835492048717411],[123.54437766580554,9.835421842675025],[123.54447186250086,9.835366715626257],[123.54453441812555,9.83534006739754],[123.54462297418806,9.835302812809097],[123.54467747256973,9.835278375810223],[123.54467807743505,9.8352779548784],[123.54475101825047,9.835241058106954],[123.54485352636964,9.835171087517576],[123.54490375557255,9.835138231510461],[123.54499560747755,9.835076656277886],[123.54505034430933,9.835048511225608],[123.54516199888475,9.834950334059911],[123.54524713749356,9.834867038845184],[123.54535233897226,9.834753679825432],[123.54539819661935,9.83470433735347],[123.54544029499384,9.834674179856806],[123.54557493302785,9.834576017953964],[123.54564890006414,9.834519996490714],[123.54572791879225,9.834457663878904],[123.54574695544926,9.834440783927898],[123.54583799310915,9.834319418117197],[123.54591162772556,9.834223715313403],[123.54597585949914,9.834133790156216],[123.54605451346154,9.834034862622975],[123.54614025019103,9.833936392053886],[123.54624642514234,9.833802349910101],[123.54633030869886,9.833747143131236],[123.54642005563046,9.833674995806795],[123.54651771803395,9.833595945819418],[123.54666803346906,9.83336836066667],[123.54676885299456,9.833224802292666],[123.54689275632163,9.833019083715655],[123.54694986374504,9.832923460924633],[123.54700280017344,9.83285742378336],[123.54700321227554,9.83285591991857],[123.54705703624865,9.832799956586921],[123.54711116252406,9.832752895011652],[123.54718071364043,9.832717378913664],[123.54726785890936,9.832680616961639],[123.54734214029786,9.832655256653707],[123.54747897113634,9.832609144486279],[123.54756139400475,9.83257780938365],[123.54761743823045,9.832554145794784],[123.54769461167065,9.832521892619123],[123.54775130808233,9.832506993703142],[123.54783720063496,9.832488872053487],[123.54795978789046,9.832494961253781],[123.54805962964502,9.83250185299269],[123.54816212013144,9.832501459241989],[123.54823592734496,9.83250613559794],[123.54830952097964,9.832481677012124],[123.54844338830576,9.83244302873259],[123.54855284735905,9.832403278199878],[123.54867692386344,9.83234071547412],[123.54883874873286,9.832271238897304],[123.54890343691153,9.832238875100424],[123.54890426122284,9.832238472245468],[123.54895823681262,9.832216594206564],[123.54900157603916,9.83219918097104],[123.54906441945963,9.832185168475482],[123.54917899468235,9.832193793377789],[123.54932741297415,9.8322234216543],[123.54947700055244,9.832259556595032],[123.54965185317175,9.83228997367962],[123.54976373644806,9.832300864313671],[123.55009128364416,9.832315836613468],[123.55038476601015,9.83232332092361],[123.55066427857726,9.832322954684207],[123.55087230438286,9.832297965187703],[123.55102178964694,9.832295694559157],[123.55124050717247,9.832301769074936],[123.55144573329115,9.832318268906356],[123.55176831512208,9.832314737201465]]}},{"type":"Feature","properties":{"ID":"122686","Name":"12","Descriptio":"","brgy":"","OBJECTID":"0","NPAAAD":"","ORIG_FID":"0","Shape_Leng":"0.000000","Shape_Area":"0.000000","AGENCY":"","APPROVED_B":"","ATTESTED_B":"","PREPARED_B":"","YEAR":""},"geometry":{"type":"LineString","coordinates":[[123.51009358350241,9.739051058367208],[123.50978963687646,9.73915814386234],[123.50956903893177,9.739280001847954],[123.50947768781447,9.739326064543942],[123.50930805628947,9.739397283221377],[123.50916210236457,9.739428469357037],[123.50895429875978,9.739491275483108],[123.50877518808268,9.739536582826362],[123.50855017452899,9.739611322518709],[123.50846928448128,9.739634561210064],[123.50835630837477,9.739650632493584],[123.50824535790818,9.739659371543826],[123.50807795491608,9.739703590306066],[123.50785837424499,9.739750356595408],[123.50772285541726,9.73976941033531],[123.50760444800666,9.739810929747728],[123.50754328012718,9.73984321326872],[123.50748550084758,9.739895073657472],[123.50744272762016,9.739969123721876],[123.50741296724208,9.740068228888031],[123.50739655198298,9.740160185807953],[123.50738396026588,9.740238991575943],[123.50736757099368,9.74029098840115],[123.50732946146077,9.740351367313906],[123.50724613303616,9.740421763133806],[123.50724148951987,9.740423951618192],[123.50718399188015,9.740485581327308],[123.50708924957206,9.740562575855915],[123.50702164072007,9.740582546975364],[123.50691985121045,9.740591837045315],[123.50668244749568,9.740589648824894],[123.50644113337076,9.740604209621566],[123.50631045414748,9.740621414654171],[123.50620288123639,9.740642484450227],[123.50620039314886,9.740642812790071],[123.50607378933097,9.740663208493949],[123.50600000313456,9.740695623054053],[123.50599256524556,9.740700055302128],[123.50589646166767,9.740762642004986],[123.5057963101276,9.740805044423837],[123.50569376270306,9.740804733012508],[123.50543277284838,9.740827972352958],[123.50529783100778,9.74086576272055],[123.50511329919767,9.740904086315215],[123.5049472824196,9.74096260036179],[123.50483087295986,9.740999362754371],[123.50482646317248,9.74099984462538],[123.50468923388307,9.741072167639375],[123.50468079213248,9.74107525277909],[123.50460127604238,9.741160041462935],[123.50455303115737,9.741237918329247],[123.50449644039018,9.74133803064966],[123.50444226001328,9.741436612685742],[123.50436627663407,9.741560788701005],[123.50427331417626,9.741660395638856],[123.50421046114435,9.741686640788096],[123.50396492180778,9.741686550383497],[123.50369926531985,9.74168020581086],[123.50352031067837,9.741690052419958],[123.50342693192157,9.741699936488509],[123.50336940058227,9.74173716549415],[123.50328172046977,9.741850271341853],[123.50318424752578,9.741979478366291],[123.50312697258278,9.742080864100178],[123.50304540993807,9.742202671451908],[123.50291719157228,9.742335225409377],[123.50279657344987,9.742459768783103],[123.50264504020546,9.742571426001478],[123.50264338941047,9.742580141259849],[123.50245276331768,9.742683342355953],[123.50244730343357,9.742691634756165],[123.50232816885257,9.742729857249643],[123.50214379407377,9.742755520814153],[123.50195435514738,9.74276880303327],[123.50174643868786,9.742801741960607],[123.50162379087416,9.742834930309968],[123.50149101274339,9.742912626959045],[123.50139420107496,9.743008561566459],[123.50136381347058,9.743064617830147],[123.50135411890118,9.743165355100944],[123.50132384347228,9.743251022864245],[123.50126328281686,9.743397037921365],[123.50122879355457,9.743497320000778],[123.50119502316008,9.743717114263108],[123.50114233617296,9.743957061499483],[123.50108099104348,9.74419702177094],[123.50103015933816,9.744344750133479],[123.50094793803078,9.74449745503851],[123.50091008492518,9.744639067541017],[123.50086915646047,9.744790165784744],[123.50082945356328,9.744968170842961],[123.50076495366456,9.745110950773405],[123.50068555627648,9.745244165217617],[123.50059705499868,9.745344386675733],[123.50047411651826,9.745415895051552],[123.50047009296647,9.745418281724366],[123.50032836710227,9.745441563328383],[123.50022062751937,9.745449765251381],[123.50021426984345,9.745450249231489],[123.50007144754946,9.745429544697293],[123.49993523961398,9.745420102586353],[123.49978809103577,9.745434618371556],[123.49969500929278,9.745474159777286],[123.49957494274638,9.745573515165505],[123.49942696139718,9.74564707202012],[123.49917703403487,9.745723377484111],[123.49888222552569,9.74581438697716],[123.49862036910466,9.74589363442011],[123.49846886215155,9.745962297649278],[123.49846705415736,9.745964463189626],[123.49840443532688,9.746030139193179],[123.49833253550358,9.746131400598692],[123.49823197995308,9.746245921304356],[123.49816151541518,9.746323447053925],[123.49808791046856,9.746412734059358],[123.49805073142397,9.746475324422859],[123.49801438987296,9.746568365067803],[123.49796461713126,9.746677875449917],[123.49793726598517,9.746768238433667],[123.49791729390657,9.746917572777914],[123.49789938339715,9.74702810303486],[123.49786206017119,9.747153935922407],[123.49779482209877,9.747312443255444],[123.49772231888288,9.74745087804042],[123.49764713906758,9.747554678049061],[123.49764163423765,9.747571828815474],[123.49759777732318,9.74768729497835],[123.49758576502968,9.74779036962564],[123.49757161506076,9.747862715602546],[123.49755407857155,9.747914319602849],[123.49748537019838,9.747977415189405],[123.49748215626849,9.747979346970558],[123.49744563679718,9.748026538569796],[123.49740870098337,9.748088272607378],[123.49740436962418,9.74809675790122],[123.49738088361556,9.748137770323423],[123.49735998824058,9.748205521451238],[123.4973305611636,9.74827248380137],[123.49726878717017,9.748363638001203],[123.49714400461387,9.748521186632283],[123.49703114905697,9.748653089221715],[123.49696750099267,9.748751721424728],[123.49688906570397,9.748841256709275],[123.49679198913779,9.748909991817746],[123.49666966019586,9.748958944062101],[123.49639349702608,9.749031035398216],[123.49607226289287,9.749077171127558],[123.49582273089928,9.749118524074092],[123.49572543006427,9.749122706663293],[123.49564294239185,9.749104816315205],[123.49556172583819,9.749064101657897],[123.49528804002676,9.748894524383463],[123.49506855341768,9.748727328241854],[123.49487455635207,9.748564748848468],[123.49466194629706,9.748380903392263],[123.49433611460096,9.748046945292755],[123.49408216703037,9.747785432252321],[123.49377390621777,9.747504089721804],[123.49353459411466,9.74733373516312],[123.49337152452547,9.74720795426938],[123.49329573343685,9.747123306998015],[123.4932511546696,9.747041441941807],[123.49324673800918,9.747053733662817],[123.4930264045223,9.746957241116846],[123.49277579472877,9.74687540451568],[123.49260352266046,9.746811768381223],[123.492320165895,9.746753084821291],[123.4920616142052,9.746724596397979],[123.4917747953165,9.74671478556977],[123.4915926749212,9.746716990252041],[123.4913514696053,9.746749733007436],[123.4911906799546,9.746744499232683],[123.4910707487894,9.746725946694148],[123.4909475049814,9.746648883462864],[123.49068957583309,9.746496176319695],[123.49038594492839,9.746344102920807],[123.49015325456139,9.74626421680573],[123.48998392063818,9.746156526410665],[123.48997344911879,9.746151889976085],[123.4898308497548,9.74606520753802],[123.48981836608431,9.746060512774699],[123.4895896660108,9.745900129319946],[123.4894436999784,9.745778054979585],[123.48943168297289,9.745771536449876],[123.48939707496712,9.745711362854596],[123.4893829894775,9.745633602165748],[123.4891867137589,9.745492816827813],[123.4889786574813,9.745365618124026],[123.4888612841071,9.74527864298898],[123.488755794842,9.745197234611211],[123.4886997158324,9.745173252817992],[123.48861304154099,9.745168471975429],[123.48860424536171,9.745165461017724],[123.4884831174572,9.745148765404151],[123.48831102278851,9.745113772204489],[123.48814465836598,9.745100675789471],[123.48805194251479,9.74511337095198],[123.4878421492073,9.745114396716454],[123.48766715126399,9.745116338226874],[123.4876655641701,9.745116196260367],[123.4875904589333,9.745124827145396],[123.4875822183904,9.745125643006524],[123.48752523524539,9.745136156454938],[123.4875173040261,9.745132374205436],[123.48745610093978,9.745108375094476],[123.48739484372798,9.745060613084547],[123.48731748827059,9.745042347809049],[123.4871670808881,9.745049839352436],[123.4867101674438,9.745068415036613],[123.4866878714954,9.745065517785083],[123.4866572463785,9.745057127939335],[123.48662663391119,9.745048741929867],[123.48659467325818,9.745033570123134],[123.48656408725539,9.74502519260261],[123.4865391158613,9.745008732283573],[123.48650855394,9.745000363594787],[123.4864766454742,9.744985215101735],[123.4864461100394,9.744976854694059],[123.48641546384128,9.744968460535164],[123.4863833453728,9.744953254453812],[123.48635959199258,9.744943545341712],[123.4863287938693,9.744935107495678],[123.486296058185,9.744913355316893],[123.48626709960179,9.744911833232672],[123.48622996603189,9.744904875090013],[123.48620668105198,9.744895306900652],[123.4861695563121,9.744888350684109],[123.4861475371659,9.744885526012858],[123.4861129535253,9.744892053892961],[123.48604256175649,9.744898364417917],[123.4860174674527,9.744917052158899],[123.4859880277637,9.744950491687339],[123.4859642407555,9.744975876378914],[123.48594736599809,9.744999945189317],[123.4859223344292,9.745018577639526],[123.4859054825942,9.745042618849276],[123.4858980783182,9.745078773692246],[123.48588940577739,9.745108194251666],[123.4858931948555,9.745128289777059],[123.48588988815038,9.745149531713265],[123.485885721008,9.745205261783267],[123.4858918087811,9.745238497161047],[123.48589545786879,9.745258420310535],[123.48592306770018,9.74535638986643],[123.48592835704679,9.74538363848876],[123.48593364155549,9.74541086196695],[123.48593892143928,9.74543806022166],[123.485945513966,9.745472022596374],[123.48594397432029,9.745500563341379],[123.4859369524348,9.745537236707294],[123.48594357007109,9.745570802673777],[123.4859421279212,9.74559858985651],[123.48593388360959,9.7456277542162],[123.4859174945719,9.745651668535974],[123.48591603921709,9.745679519896893],[123.48590777637139,9.745708744394214],[123.4858913668742,9.74573269657646],[123.48587495128871,9.74575665717555],[123.4858477381344,9.745762034510518],[123.48582054452008,9.745767463345807],[123.48572452178199,9.745786661710993],[123.48568936895559,9.745793690342909],[123.48566359392959,9.745778153756568],[123.48563945446048,9.74576919829837],[123.4856073265929,9.745754845074275],[123.4855889823228,9.745737802770538],[123.48556225559341,9.745715551407912],[123.4855302131406,9.745701245828874],[123.4855065818525,9.745692167147327],[123.4854776235831,9.745691010572845],[123.48544031728149,9.745684644622237],[123.48540605720841,9.745691400424814],[123.48536346678328,9.745692945353222],[123.4853330940877,9.745685235894092],[123.48529889776262,9.74569198454495],[123.485264718161,9.745698729630227],[123.4852373874226,9.74570412312729],[123.4852100677105,9.745709514646375],[123.4851759333659,9.745716250765026],[123.4851418170788,9.745722983373344],[123.4851213389941,9.745727029544296],[123.48508649547489,9.745734210350077],[123.48506423839478,9.745731917193384],[123.48502253317179,9.745740518225002],[123.48498783448518,9.745747673785477],[123.4849532472172,9.745754779264228],[123.48492656144089,9.745759839967539],[123.4848998689969,9.745764901398045],[123.48486517716191,9.745764613585752],[123.4848384702745,9.745769677254904],[123.484805077488,9.745776008446649],[123.4847716746221,9.745782341664118],[123.4847449447994,9.745787409403443],[123.48472084461768,9.745805721081208],[123.484698055683,9.745830658981811],[123.4846832669298,9.745860957138134],[123.4846751635592,9.745889991245841],[123.484673747618,9.745917757586243],[123.4846656422016,9.745946798915327],[123.4846569057103,9.745976233755947],[123.4846548042959,9.746004399327969],[123.4846458402568,9.746033911931908],[123.484621982895,9.74605945660182],[123.484605012422,9.746083587644087],[123.4845788335665,9.746095727514465],[123.48456071931429,9.746113144351561],[123.48453340047371,9.746118598176695],[123.48450731414009,9.74613069413084],[123.4844800560378,9.74613613229574],[123.484450413051,9.746128284149501],[123.4844195795335,9.746113800057026],[123.4843899722247,9.746105963293465],[123.4843603835845,9.746098131553332],[123.4843320322761,9.74609694191028],[123.48430248494888,9.74608911895715],[123.4842741796501,9.74608793396367],[123.48424782574179,9.746092818835955],[123.484207343368,9.746093243259951],[123.48417990102759,9.746091299300675],[123.4841470380737,9.746097224729013],[123.4841206609569,9.746102013666073],[123.4839691469399,9.74615914086714],[123.48394368176828,9.746177976202457],[123.48392560508368,9.74620231579302],[123.4839075598818,9.746226612809828],[123.4838910628383,9.746257357938388],[123.4838760431608,9.746287559931009],[123.4838610267836,9.746317755352273],[123.48384601356,9.746347944359217],[123.48382982046721,9.746371524775627],[123.4838136292137,9.746395103132881],[123.4837896721812,9.746413339012891],[123.48377348343219,9.74643691472945],[123.48374765067761,9.746455677161691],[123.48372274472091,9.746481073176167],[123.48370480924,9.746505062801347],[123.4836878544782,9.746535633144877],[123.483663092166,9.746560861790114],[123.4836383837039,9.746586035375419],[123.4836137291359,9.746611154563604],[123.4835891275678,9.746636219208678],[123.48357113936659,9.74665320636137],[123.4835471729891,9.746671333156756],[123.4835232105408,9.746689457292947],[123.48350017076841,9.746714149049895],[123.48347621999258,9.746732263466312],[123.4834522730506,9.746750375223478],[123.4834283296419,9.746768484176322],[123.48341047836318,9.746792068039449],[123.4833779063204,9.746811684976333],[123.4833589637344,9.746828671679635],[123.4833332989573,9.746846907774502],[123.4833009458224,9.74686638227675],[123.48328142977701,9.746876740133334],[123.48324921070409,9.746896135507411],[123.48321633111298,9.746908997535785],[123.48318946899438,9.746914086542988],[123.48316339629619,9.746925643723651],[123.48314329303139,9.746929449945085],[123.4831099292761,9.746935780511691],[123.48307673610358,9.746942096659351],[123.48304357094808,9.746948407459692],[123.48301705865039,9.746953452384176],[123.4829839437322,9.746959753402777],[123.48295958976651,9.746977642198239],[123.48293494554099,9.746995515264215],[123.48291005933321,9.747013355338828],[123.4828844048681,9.747024759154622],[123.48286561068119,9.747034899667455],[123.4828488082199,9.747057792848675],[123.4828179044922,9.747076756074335],[123.48279362237061,9.747094444472472],[123.4827703840778,9.747118449582967],[123.4827461898569,9.74713606801204],[123.4827210241128,9.747147329511476],[123.48269588834948,9.747158577655563],[123.48267180674252,9.747176125846913],[123.4826391857737,9.747182259447161],[123.4826000784762,9.747189612382574],[123.4825729831175,9.747188208932368],[123.4825448394134,9.747180502261884],[123.4825123050949,9.747186628089173],[123.482478729432,9.74718644997788],[123.48239915358168,9.747194690783092],[123.4823719403778,9.74719323766965],[123.48234368804589,9.747185511233944],[123.48231106044449,9.747191539975745],[123.4822850010427,9.747196355098206],[123.4822524790105,9.747202364050008],[123.48222001534648,9.747208362200157],[123.4821974711784,9.747231895187992],[123.48217507206,9.7472553992001],[123.48215162597101,9.747272643545207],[123.48212822499599,9.747289853958154],[123.48211126331199,9.747305829415634],[123.48209433200338,9.747321776469292],[123.48207217957498,9.747345045778962],[123.48205532014019,9.747360922836206],[123.48202690765498,9.747385280710027],[123.48201012634252,9.747401085991177],[123.48197948559698,9.747413051324392],[123.4819563576931,9.74742984117647],[123.4819321358212,9.747440524598534],[123.4818941390193,9.74744743214585],[123.48186370487238,9.747459226412785],[123.48183964312729,9.747469850211724],[123.4818144339093,9.747474425617316],[123.48179045696921,9.747485018275732],[123.4817614580484,9.747502736254457],[123.4816438075969,9.74753024234869],[123.48161886926,9.747534753851472],[123.481587737853,9.74754038584064],[123.48156286559002,9.74754488540221],[123.4815318168035,9.747550502436495],[123.48150071038368,9.747556360251581],[123.4814833317336,9.74756587703144],[123.48145356003779,9.747577687123865],[123.48143492915538,9.747581195615009],[123.4814114416684,9.747591768623272],[123.4813742288983,9.747598774578076],[123.48134323537829,9.747604609590615],[123.48131225847641,9.747610441374153],[123.48128129758061,9.747616270178977],[123.4812489428963,9.747616219753878],[123.4812227681367,9.74761500337717],[123.4811951486777,9.74760790199053],[123.48116419623989,9.747613735721636],[123.4811379888873,9.747612518048237],[123.4811117712667,9.747611300058457],[123.48108554216432,9.747610081513121],[123.4810546077347,9.747615916616066],[123.4810345543607,9.747613532001857],[123.4810021185393,9.747613480948676],[123.4809712012291,9.747619316177945],[123.4809463144855,9.747624110594021],[123.48091518944072,9.747630114758563],[123.480890288351,9.747634918183659],[123.48086538570588,9.747639721820013],[123.48084384216999,9.747656119477774],[123.4808154096149,9.747674199795092],[123.48079283050448,9.747691343278236],[123.48077822265519,9.747713020635514],[123.4807636264485,9.747734679769607],[123.4807506046927,9.747762172434681],[123.48073760274438,9.747789622510274],[123.48073103432459,9.747815662623314],[123.48072447932388,9.747841650713541],[123.4807179370304,9.74786758752828],[123.4807114075983,9.74789347264767],[123.48070332226439,9.747913544787378],[123.4806904264199,9.747940730771637],[123.48067597393211,9.747962137337367],[123.48065513721109,9.747984923291742],[123.4806326868511,9.748026251110584],[123.4806102861028,9.748043293825164],[123.4805990830126,9.7480518171345],[123.48051921201211,9.748141616554202],[123.48049632591879,9.748158891681431],[123.4804728422299,9.748169753183749],[123.48044936441579,9.748180612135686],[123.4804198635878,9.748192585559698],[123.4803963960965,9.748203439850183],[123.48037360338608,9.7482206617789],[123.4803508373322,9.7482378643981],[123.4803287851141,9.748261388507823],[123.48031279749868,9.748283742818609],[123.4803053064393,9.748316915257718],[123.4802914377766,9.748337995643865],[123.4802978761747,9.748367836561876],[123.4802924829993,9.748399861391672],[123.4802785758648,9.74842105108817],[123.4802701120102,9.748441407771956],[123.4802571248368,9.748475376254563],[123.48024303743951,9.748503246486056],[123.4802278479651,9.74852503415365],[123.4802177285935,9.748539548371369],[123.48019021957289,9.748563706596478],[123.480167786332,9.748580596394342],[123.48014437355509,9.74859138645094],[123.48012970202659,9.748612932236664],[123.48011284676458,9.74862237843773],[123.4800861925531,9.748646204888649],[123.48006331974429,9.74865680383468],[123.4800524258119,9.748665133779223],[123.48003172882729,9.748687853686995],[123.4800039126323,9.74870567600709],[123.4799749625739,9.748717460950026],[123.47995913308952,9.748733015142275],[123.47993838911869,9.748755780281826],[123.47990810509249,9.748761588596977],[123.4798773396495,9.748767524245276],[123.4798599295601,9.748777156082605],[123.47983743520652,9.748794029160107],[123.4798016396538,9.748807190944017],[123.47977307692298,9.748825205945566],[123.4797506821673,9.748842015597095],[123.4797293864274,9.748864833305248],[123.4797009392796,9.748882766699083],[123.47967648054829,9.748887470608382],[123.47965420416139,9.748904198102133],[123.47963086615098,9.748914900254178],[123.4796075475364,9.748925593245085],[123.4795903467221,9.74893510622226],[123.47956096995439,9.74894695269565],[123.4795377102169,9.748957618647442],[123.47951447046209,9.74896827588843],[123.47948404490549,9.748974115794663],[123.4794597082364,9.748978786078895],[123.47944140950588,9.748982277071782],[123.479410927006,9.74898808679357],[123.47938049632448,9.74899389065511],[123.47935620504069,9.748998536476522],[123.4793319334008,9.749003178623965],[123.47930161965209,9.749008975994242],[123.4792713359408,9.749014767964448],[123.47924108141699,9.74902055410123],[123.4792229433184,9.749024023127724],[123.47909993969331,9.749058252253997],[123.4790432382513,9.749069200100008],[123.47899776718948,9.74907797940886],[123.47895635753221,9.749108404594333],[123.478912775077,9.74912807048377],[123.4788708316214,9.74914742486934],[123.47882656130199,9.749156005874923],[123.4787712300244,9.749166731234629],[123.47872805338051,9.749175088570066],[123.4786848198946,9.749183456842227],[123.4786369698398,9.749170160176012],[123.4785976147787,9.749143909040205],[123.47856678735998,9.749104693963167],[123.47853593415279,9.749065447193582],[123.4785050565197,9.749026169105257],[123.47848732025479,9.748995655494895],[123.4784486149105,9.74894634472135],[123.47840238437888,9.7489096793033],[123.4783631992045,9.748894345514177],[123.47828464456909,9.74886360535112],[123.4782345431663,9.748850219327023],[123.4781807249715,9.748826053010198],[123.4781339140629,9.748789037508502],[123.47808693835199,9.748751938881279],[123.4780531295069,9.74872370075769],[123.47801543378449,9.748684585207146],[123.4779776425183,9.748645370233985],[123.47796614314659,9.748612818922231],[123.4779130715134,9.74856459832043],[123.4778863298472,9.748523050532775],[123.47785953044699,9.748481412742617],[123.47782132177899,9.748441712620378],[123.47778691740449,9.748412883986708],[123.477621873961,9.748322125935152],[123.47758803722319,9.748316584336523],[123.47755416716609,9.748311037170188],[123.47752704796049,9.74830659629585],[123.47749943327669,9.748301431135596],[123.4774648199269,9.748294896144987],[123.47743708746451,9.748289659836457],[123.47741626399959,9.748285727979951],[123.4773870375487,9.748278412345826],[123.4773490391679,9.74828342513438],[123.4773180036173,9.748281853392726],[123.4772960904233,9.748308717006575],[123.47727247616041,9.74831723173126],[123.4772482509189,9.74834097650788],[123.4772240098216,9.748364736034548],[123.4771997540308,9.748388511163064],[123.47718348633059,9.748406899562289],[123.4771517034584,9.748420931003924],[123.47712738647589,9.748444761442117],[123.47709573176421,9.7484512612772],[123.4770639863829,9.748457779822745],[123.477040006053,9.748466487076549],[123.47700789279139,9.748480659737663],[123.47698360544528,9.74849702341118],[123.4769590907647,9.74852101897018],[123.47692743530439,9.748528121930406],[123.47689741154619,9.748552627986593],[123.4768747120122,9.748563026281003],[123.47684449321851,9.748579557774779],[123.476821979957,9.7485979359776],[123.4767917455577,9.748614477762812],[123.4767612544691,9.74862307249674],[123.4767307203154,9.748631677980477],[123.476699283482,9.748639503488434],[123.4766833822458,9.74865098662653],[123.47665124913249,9.748665996445578],[123.4766273502408,9.748683251766463],[123.47659512532559,9.748698310749365],[123.4765795039531,9.748717799283142],[123.47655590960821,9.74874304157152],[123.4765315919697,9.748752393408534],[123.4765076110644,9.748769708224188],[123.47648468724611,9.748795517611093],[123.4764621061684,9.748821562244482],[123.4764478125817,9.748849604728687],[123.4764341141757,9.748885577799914],[123.47642045834299,9.74892144134195],[123.4764062643443,9.748949269650131],[123.4764003425309,9.748978984885236],[123.47638427733249,9.749005343598641],[123.47637424443388,9.749032068957922],[123.4763552046761,9.74907129230006],[123.4763446654059,9.749105112096627],[123.47631965055419,9.749114240250895],[123.47629357595459,9.749137610489607],[123.4762679623472,9.749153903909214],[123.4762347318097,9.749161430664344],[123.4762094264137,9.749178037640277],[123.47617983569108,9.749180448227271],[123.47615049082019,9.74919044213213],[123.4761205571054,9.749185277686049],[123.47608336568298,9.749186402681623],[123.4760382730617,9.74917863240349],[123.47598434382901,9.749168885338063],[123.475952911992,9.749155568015135],[123.4759210052482,9.749134542029779],[123.4758968000246,9.749114874387672],[123.47585722049219,9.749099956708426],[123.47581665313639,9.749069509768841],[123.47579169396039,9.749041846257413],[123.4755931819644,9.748834071462364],[123.4755729796945,9.748814342038992],[123.4755457671465,9.748793090985963],[123.4755251685539,9.748780981539577],[123.47549057458738,9.748765930426023],[123.47546282548852,9.74875227506383],[123.4754278069979,9.748744959721137],[123.4753926770126,9.748737621258584],[123.4753644930981,9.748731734011262],[123.47532910300738,9.748724270615021],[123.47529348824409,9.74871662984449],[123.47526484886369,9.748718426170823],[123.47524332820291,9.748721757559885],[123.4752074085124,9.748729958479528],[123.4751786390429,9.74873969545841],[123.4751498503131,9.748741513535863],[123.47512106360102,9.748759180598288],[123.4750928178685,9.74876959618695],[123.47507196844771,9.748781710265082],[123.475044288244,9.748800535001028],[123.4750166621911,9.748819322475256],[123.47487647832229,9.748848722255564],[123.4748486517206,9.748859427837152],[123.474820841134,9.74887012602552],[123.4748002002849,9.748882151762498],[123.4747724280958,9.748892834470618],[123.47474512285059,9.748911495045066],[123.47471071219319,9.748928800887057],[123.4746830234613,9.748939447591411],[123.47465535090198,9.748950088634578],[123.4746274995197,9.748960560730492],[123.47459875819901,9.748955316488566],[123.47457131356789,9.748966133374775],[123.4745360237779,9.748967644515519],[123.47450790115438,9.748970456565992],[123.47447181851959,9.748963954308172],[123.4744428849536,9.74895874072774],[123.4743993711504,9.74895089976456],[123.4743767672888,9.74893890168584],[123.47429703428811,9.748903099067027],[123.4742452798255,9.748889504958434],[123.47419857847811,9.748886224049889],[123.4741464422716,9.748872547684027],[123.47409409406549,9.748858816001365],[123.4740520011283,9.748843256153586],[123.4739044777302,9.748812490849572],[123.4738870891509,9.748808102410317],[123.47386669672841,9.7488118253293],[123.4738511120949,9.748810868586856],[123.4738335098182,9.74880645194896],[123.4738192685471,9.7488013937413],[123.4737980727582,9.748797561259495],[123.4737891642616,9.748795325968995],[123.4737566205698,9.748785738367411],[123.4737286541444,9.748779051313722],[123.4737098946488,9.748774565788393],[123.4736873214525,9.748770702960618],[123.47367412125989,9.74876908606166],[123.47364554732839,9.74876226522183],[123.47362843913798,9.74876127224931],[123.4736091898532,9.74875668440506],[123.47358812989428,9.748756323566557],[123.47356103825192,9.748752997818873],[123.47354530304112,9.748747703836774],[123.4735179240228,9.748744331985565],[123.47349813122261,9.748739639988877],[123.473478237666,9.748734923014904],[123.47345212882189,9.748727154403635],[123.4734381451931,9.748725417074033],[123.4734139929839,9.748721275781735],[123.4733936707681,9.748716461542225],[123.4733692529189,9.748712271264642],[123.47334870243701,9.748707406751615],[123.4733303424458,9.748706263922134],[123.4733159457455,9.74870446578265],[123.47329106809138,9.748700200508566],[123.4732689722004,9.748699643393609],[123.47323873385768,9.748692105199662],[123.473220739453,9.74869085860416],[123.4732020427735,9.748681334609143],[123.47317299301558,9.74866919764782],[123.4731460696031,9.74866083026184],[123.47312700930078,9.748651141165487],[123.4731014454234,9.74863814670868],[123.47307810443658,9.748628972882639],[123.47305704184369,9.748623667612511],[123.4730334504178,9.748614403966092],[123.473014617175,9.748612981745236],[123.472993253904,9.748607600646375],[123.47296101765959,9.748599481036116],[123.4729419017767,9.748598019797512],[123.47291767563608,9.748588564129316],[123.4728933074778,9.748579052952964],[123.4728645713203,9.74857011168264],[123.472838938057,9.748560509184871],[123.47281979739,9.74855429199062],[123.472795781077,9.748548677641862],[123.47276912886748,9.748538931087019],[123.47274713505149,9.748528489714657],[123.47271018899261,9.748510949837057],[123.47268293627779,9.748500960930162],[123.47265290339628,9.748486714817322],[123.47263779692028,9.748479549112972],[123.4726126584715,9.748473576045441],[123.47258787350889,9.748467569449174],[123.4725687959201,9.748460924545414],[123.472532910245,9.748451815826542],[123.4725015245187,9.748442029832018],[123.472477281713,9.748435871630369],[123.47245548604569,9.748433991538992],[123.4724335974685,9.748432103333897],[123.4724116148765,9.748430207217314],[123.4723842957159,9.748419618129203],[123.47235907374538,9.748403996851872],[123.47233862634359,9.748387682985145],[123.47231806818318,9.748371280433158],[123.4723050599163,9.74835862727198],[123.4722843160159,9.748342070351914],[123.4722634582822,9.74832542259523],[123.4722247111076,9.748305907129726],[123.47220153608198,9.748285377742993],[123.472191777492,9.748272578911736],[123.47217897675199,9.74825083550647],[123.47216087370491,9.748229565000894],[123.4721495171755,9.748212183025014],[123.47212753431909,9.748195789217148],[123.4721176358354,9.748182813827638],[123.47209172048909,9.748171323476672],[123.4720603140406,9.748160278208262],[123.47203568076888,9.748153210994907],[123.4720109376123,9.7481461123522],[123.471993091536,9.748143045744873],[123.4719611173241,9.748131819252393],[123.4719273695855,9.748115940842354],[123.47189668333691,9.748104715062196],[123.4718807214966,9.748101749568248],[123.4718549804584,9.748099857343364],[123.47183262574438,9.748092813601128],[123.4717856367618,9.748088440450958],[123.4717156327167,9.74807691413535],[123.471694291836,9.74807441853855],[123.47166798828819,9.748076991030752],[123.4716391953993,9.74807936220896],[123.4714666017381,9.748191463998495]]}},{"type":"Feature","properties":{"ID":"122687","Name":"12","Descriptio":"","brgy":"","OBJECTID":"0","NPAAAD":"","ORIG_FID":"0","Shape_Leng":"0.000000","Shape_Area":"0.000000","AGENCY":"","APPROVED_B":"","ATTESTED_B":"","PREPARED_B":"","YEAR":""},"geometry":{"type":"LineString","coordinates":[[123.55557135824851,9.832929460468534],[123.55551549916282,9.83289673428536],[123.55548067200763,9.832865613209012],[123.55543468329661,9.83279723159171],[123.55537777862112,9.832640505130646],[123.55527927717982,9.832382144004882],[123.55523018801611,9.83222427118636],[123.55519367144642,9.83204028998373],[123.55517113697533,9.831968512523389],[123.55516079112361,9.831946150894678],[123.55512615175662,9.83190985292109],[123.55509166471413,9.831895338215393],[123.55508877735481,9.83189558132717],[123.55503716053892,9.83188399068289],[123.55495288424342,9.831873008103571],[123.55487600892764,9.831855710156189],[123.5547773015861,9.831823605240292],[123.55470219011373,9.831792218456927],[123.5545833772079,9.831766839131308],[123.55448719693021,9.831734771798379],[123.55448413312473,9.831733502701201],[123.55442736196154,9.831727398907022],[123.55442579411653,9.831726092449426],[123.55436409489485,9.831714141308597],[123.55429399269241,9.8317145915324],[123.55424216938755,9.831720801856102],[123.55420838236941,9.831732083697279],[123.55415794804922,9.831762487602793],[123.55409147085422,9.83180615615701],[123.55404778171416,9.831823847411004],[123.55399190867695,9.831844384733108],[123.55393931056383,9.831853719561696],[123.55388421933404,9.831853140085684],[123.55383405629851,9.83184924622607],[123.55376845904331,9.83183640824219],[123.55369071283114,9.831828593332368],[123.55361429860855,9.831828251503387],[123.55357182838506,9.831832169386638],[123.55353613010143,9.831843462437428],[123.55348905249926,9.831865257022608],[123.55344619654254,9.83189017673358],[123.55340421770825,9.831918192368299],[123.55333235524706,9.831959021491492],[123.55327264514214,9.831984175817691],[123.55317406347014,9.832026361569312],[123.55311053829115,9.832045322067826],[123.55306080231854,9.832054389034083],[123.55297362463254,9.832058771000352],[123.55287936552055,9.832052965227286],[123.55280878009245,9.832053043693243],[123.55280472556784,9.832051280644041],[123.55280368309856,9.832050373592592],[123.55275612940565,9.832063422706014],[123.55272161934684,9.832080404280527],[123.55267893200606,9.832109903321298],[123.55263058511663,9.832138855990454],[123.55257501758865,9.832151742491698],[123.55253451545886,9.832171238846179],[123.55251069666653,9.832198961872841],[123.55250698376145,9.832200144515822],[123.55250610156874,9.832201138900984],[123.55246877273953,9.832221456721921],[123.55243025734833,9.832245310613951],[123.55238506928214,9.832285580389502],[123.55235421875724,9.83232452884065],[123.55232445174744,9.832363847211536],[123.55230425704434,9.832401196847968],[123.55229035455523,9.832460435755634],[123.55228191074386,9.832510844698483],[123.55227754475246,9.832545987214623],[123.55227318154685,9.832594234971657],[123.55225854450595,9.832617682810998],[123.55223935343105,9.83263505967984],[123.55221196175204,9.832648331985203],[123.55216734633323,9.832666554426803],[123.55212698975565,9.832676839501875],[123.55206469708943,9.832684726864262],[123.55199903041755,9.83269189594673],[123.55187455980582,9.832696872874342]]}},{"type":"Feature","properties":{"ID":"122688","Name":"13","Descriptio":"","brgy":"","OBJECTID":"0","NPAAAD":"","ORIG_FID":"0","Shape_Leng":"0.000000","Shape_Area":"0.000000","AGENCY":"","APPROVED_B":"","ATTESTED_B":"","PREPARED_B":"","YEAR":""},"geometry":{"type":"LineString","coordinates":[[123.47893928057005,9.749116110302703],[123.47898560162518,9.749164853353758],[123.4790115574035,9.74919264491147],[123.47907342142081,9.749227496710754],[123.47912360836018,9.749252102515454],[123.47912999162641,9.74925535404629],[123.47913892928429,9.749260549124529],[123.4791768079732,9.749297088993444],[123.4791790299556,9.74929999707238],[123.47919681858849,9.749341522827699],[123.479188197491,9.749401685316796],[123.4791875111403,9.749403582021719],[123.4791696376347,9.74946718215999],[123.4790886612288,9.749576580030697],[123.47902730894279,9.749649933119812],[123.4789682376345,9.749704793043072],[123.4789392460413,9.749737090879462],[123.4789299385597,9.749809104126818],[123.4789155507672,9.749952849435042],[123.47891490265151,9.74995465706514],[123.4788996947263,9.750048633480873],[123.4788755074301,9.750121574184304],[123.4788579710942,9.75018736964251],[123.4788441728124,9.75025120906932],[123.4788397917306,9.75029453959743],[123.47885659999798,9.75034757233442],[123.4788562824205,9.750348445380386],[123.4788860977427,9.750377907804125],[123.4789306073724,9.750397406857553],[123.47900617196139,9.75041444274924],[123.479075120056,9.750436702470713],[123.4791446823348,9.750473765618322],[123.4792490708111,9.750493454027218],[123.47932011306922,9.750502196256171],[123.47940699553219,9.750505765703883],[123.47950249793129,9.750510775130182],[123.479573114452,9.750514050344956],[123.479638340261,9.750527064301352],[123.47963935616849,9.750527456731376],[123.47969990477691,9.750543927322354],[123.47975482448331,9.750575548792298],[123.47980696652002,9.75063083071056],[123.4798449816124,9.750694002816825],[123.47986492190711,9.750757535653758],[123.4798682214495,9.750820149148044],[123.4798569980762,9.750867855409535],[123.47983972892379,9.75091899152836],[123.4798297935491,9.75097951078255],[123.4798234747838,9.751056253931123],[123.4798115108773,9.75113789491423],[123.47980038030511,9.751181206641817],[123.4797830797553,9.751225081465016],[123.47975957788118,9.75126981516358],[123.479746916865,9.751323567921105],[123.4797454070804,9.751366327766968],[123.47974668522879,9.75137249177664],[123.4797472809771,9.751416048886977],[123.47975930131999,9.751444442646234],[123.47978794502569,9.751466487186711],[123.47983920836522,9.75148319386501],[123.47989373267859,9.751492961499487],[123.47996078298388,9.75151218176845],[123.48003704964698,9.751533555848777],[123.4800846210071,9.751542957121574],[123.4801555118299,9.75157047296868],[123.4802160507618,9.751596898305447],[123.4802182372279,9.751597723170399],[123.4802702544042,9.751627086436724],[123.48033194685509,9.751671338473257],[123.48038929162381,9.751703162025406],[123.4804632797563,9.75173030478636],[123.48050959558711,9.751747993939604],[123.4805808667462,9.751771298795537],[123.4806258244684,9.7517959877234],[123.48069408434469,9.751862088014558],[123.4807162524016,9.751889555432372],[123.4807743630465,9.751969191209986],[123.4808264947244,9.752037963306133],[123.4808646883682,9.752095625452224],[123.4809069429475,9.752145439922334],[123.4809634579399,9.752176065126747],[123.48103542702229,9.752200753626504],[123.4811015001911,9.752220732731844],[123.4811416911065,9.752242963715213],[123.48117231566138,9.752273339398366],[123.4812392073746,9.752303977181604],[123.4813066955957,9.75231935610199],[123.48138564037589,9.752316711513258],[123.4814460204087,9.752298944920563],[123.48151585160129,9.752283129066315],[123.4815961106072,9.752274313908133],[123.4816695340557,9.752275987056002],[123.481732477631,9.752276518862745],[123.4817934824563,9.752297813471602],[123.48186201511258,9.752355213097788],[123.4819034812727,9.75240420143251],[123.48194194505459,9.752451224451326],[123.4819427077776,9.752452862762821],[123.48195697748119,9.75248792491882],[123.48196899175778,9.752524700804381],[123.4819599579599,9.75255121239307],[123.4819281401265,9.752565562301927],[123.48192526039469,9.752565892751022],[123.48185313207999,9.75258977256096],[123.481782220391,9.752619916790142],[123.4817484822126,9.752649437574416],[123.4817243265989,9.752693639848479],[123.48170863311579,9.752740246581807],[123.48170973583248,9.75279837918474],[123.4817230071397,9.752983510470301],[123.4817232508476,9.753056098435653],[123.48170389956948,9.753171944616723],[123.48171173503181,9.753292715267868],[123.4817235508128,9.753390841728192],[123.4817613403681,9.7534966475672],[123.4818386382003,9.75365719242387],[123.4818748534626,9.753739076659492],[123.4819177228637,9.753815867575984],[123.4819472436402,9.753856012107532],[123.48199038924189,9.753891177512982],[123.4820160754598,9.753927351780598],[123.4820288950045,9.753990155445651],[123.48202922959359,9.753992754614318],[123.4820324358413,9.754001315581059],[123.4820429514734,9.754070747602464],[123.48204323673819,9.754077049492176],[123.4820533751147,9.754119039952036],[123.48207913103892,9.754180154777334],[123.4821208567098,9.754238261806776],[123.48215970439949,9.754269358148873],[123.48221826673179,9.75429017680938],[123.48227817670498,9.754298290967622],[123.48232924219492,9.754298005604918],[123.48238845457908,9.754290342961898],[123.48246191317739,9.754269570799591],[123.482544595562,9.754225621439886],[123.4826191308381,9.754185455785517],[123.48269092161269,9.754162918016396],[123.482767519429,9.754118804003184],[123.48283236033261,9.754087022528491],[123.48292699813739,9.754060239831901],[123.4830318902558,9.754038420462544],[123.4830363404425,9.754037279614574],[123.48304405022249,9.754034568380638],[123.48304893684889,9.754032212130026],[123.48310675647998,9.754007371746278],[123.4831846206352,9.753955217380833],[123.48324919420268,9.753940425224298],[123.48333382766849,9.753941516000797],[123.483455310434,9.75393366761503],[123.4835225798366,9.753924633086292],[123.4835660132435,9.753911929097404],[123.4836576723994,9.753917311742173],[123.4837533860118,9.753921903445923],[123.4838657167399,9.753918030779525],[123.48397218134089,9.753909443977518],[123.4840492642641,9.753895812078758],[123.484156524447,9.753845736298628]]}},{"type":"Feature","properties":{"ID":"122689","Name":"13","Descriptio":"","brgy":"","OBJECTID":"0","NPAAAD":"","ORIG_FID":"0","Shape_Leng":"0.000000","Shape_Area":"0.000000","AGENCY":"","APPROVED_B":"","ATTESTED_B":"","PREPARED_B":"","YEAR":""},"geometry":{"type":"LineString","coordinates":[[123.54090615550265,9.836012074784756],[123.54083555422345,9.835947632587319],[123.54080285297185,9.835894512182902],[123.54077084086684,9.835831736464794],[123.54075841337233,9.835776234943568],[123.54075565969913,9.835710880705514],[123.54076210366516,9.835659439788465],[123.54078325196704,9.835591443175051],[123.54082352216675,9.8355096300351],[123.54086767562696,9.835428859603573],[123.54095580969974,9.835288489388677],[123.54098294756524,9.83523470034104],[123.54102794058645,9.835128172582372],[123.54108139877593,9.835003336691427],[123.54110367095316,9.834905163419304],[123.54113115226295,9.83476887395832],[123.54113258826534,9.83476500551713],[123.54113862693465,9.834692697811004],[123.54116350522925,9.834535817566056],[123.54118952930345,9.834472925504647],[123.54122562806653,9.834379447207908],[123.54122552993003,9.834378501649125],[123.54125660854143,9.834276046781127],[123.54126218537405,9.83417244672688],[123.54125750408164,9.834043672949793],[123.54125090579154,9.833966121390102],[123.54122804811446,9.833879958770453],[123.54119693749516,9.833823217396661],[123.54114091017946,9.833748988561293],[123.54108310242036,9.833657629390839],[123.54099662668303,9.833524347702733],[123.54093384356335,9.833407169690348],[123.54087612450056,9.833286737992086],[123.54083133577926,9.833196367201959],[123.54079505669155,9.833123878256801],[123.54078495007565,9.833083464754344],[123.54078459732646,9.833016051071423],[123.54078343677165,9.83294478931123],[123.54078349436185,9.832818984126687],[123.54077470660445,9.832733478056825],[123.54075576480474,9.832646689517462],[123.54074833240234,9.832582911964987],[123.54073914171734,9.832521598106165],[123.54072140981704,9.832477256004218],[123.54071340623003,9.832429221365397],[123.54072102003585,9.83239103120589],[123.54074584450744,9.832362750547128],[123.54078854099214,9.832314434352863],[123.54083622200386,9.83226140506014],[123.54087309719415,9.832225820760506],[123.54090746093193,9.832185342731844],[123.54095135378965,9.832146607933737],[123.54098604346154,9.832118401988584],[123.54104339065893,9.83208486018364],[123.54108190375815,9.83207141691229],[123.54114500357375,9.832052133772347],[123.54119775027814,9.832035582418307],[123.54123207160094,9.83201188007927],[123.54125072577803,9.831979009570608]]}},{"type":"Feature","properties":{"ID":"122690","Name":"14","Descriptio":"","brgy":"","OBJECTID":"0","NPAAAD":"","ORIG_FID":"0","Shape_Leng":"0.000000","Shape_Area":"0.000000","AGENCY":"","APPROVED_B":"","ATTESTED_B":"","PREPARED_B":"","YEAR":""},"geometry":{"type":"LineString","coordinates":[[123.47668561417328,9.881999643204534],[123.4768298450473,9.881628272607418],[123.4768761168455,9.881546554646631],[123.47693680179549,9.881448701992598],[123.4769917479332,9.881395151888317],[123.47706661989851,9.88132213866486],[123.4772291714111,9.88121805445529],[123.47737106971958,9.881150428022625],[123.47737730326348,9.881150439610158],[123.47747949692048,9.881061076921421],[123.4776000095807,9.880961474427409],[123.47767879785282,9.880837275158036],[123.4777340985715,9.880708522607527],[123.477738480466,9.88052020403164],[123.47776634185941,9.880246435385114],[123.4777689704599,9.880238923213904],[123.47780910823019,9.879969385041818],[123.477875841173,9.879631224084326],[123.47793292638892,9.879293111539203],[123.47799450712398,9.878987125568258],[123.4781173943032,9.87857300682376],[123.47815009765829,9.87835595598567],[123.4781283674087,9.878205761883924],[123.4780837299782,9.878085339201892],[123.47799935257709,9.877899030742995],[123.4779230610385,9.877671362144087],[123.4778754546734,9.877510573786662],[123.47784491724968,9.877235618488234],[123.47786421326569,9.876970502152215],[123.4778778797583,9.876756708568832],[123.4779068785837,9.876440765552692],[123.4779130038404,9.876091599774846],[123.47789559380692,9.875872668625217],[123.47786616680598,9.875761323784484],[123.4778118351186,9.875654970161879],[123.4777488901408,9.875586356829318],[123.4776824076922,9.87553470448106],[123.4775996163654,9.87549126737312],[123.47748381410419,9.875464873419043],[123.4772875189586,9.875438344946366],[123.47715684210938,9.875398318862837],[123.47707193469282,9.87536249226074],[123.4769673577458,9.875254559625548],[123.47686386235361,9.875185755944473],[123.47681440122669,9.875180436880395],[123.47666870063068,9.875199946165026],[123.47653978981369,9.875270214510007],[123.4764603974311,9.875343111164293],[123.4763415710781,9.875450736892425],[123.47621696602751,9.875534536954302],[123.47605496526168,9.87561566770606],[123.4759118000208,9.875634131683928],[123.4757945267619,9.875614320441775],[123.47570178614801,9.875578372188688],[123.47560791247909,9.875515150508454],[123.47547338625981,9.875455875463356],[123.47540602185049,9.875451048887305],[123.47528469211379,9.875423682791553],[123.4751963551011,9.875398666649328],[123.4751023349924,9.875335901516339],[123.4750205153352,9.875261710674232],[123.47490883636499,9.875154540028614],[123.474855670833,9.875079831888304],[123.47480309633458,9.874989310535172],[123.47473164931989,9.87488478558055],[123.4746419217946,9.874809524937351],[123.4745926334313,9.874733854642868],[123.47455247920568,9.874683767028417],[123.4744971536014,9.874623962051736],[123.47447708333259,9.874559388111741],[123.4744777140919,9.874550262117875],[123.47443158062539,9.874422312575373],[123.47432326731219,9.874324690412365],[123.4742089402328,9.874245137911617],[123.4740315604239,9.874225011959632],[123.4738583991629,9.874164299934318],[123.4737428527632,9.874109241920063],[123.4736427928115,9.87400547038734],[123.4735414754004,9.87389378891115],[123.4734580391645,9.873850625292],[123.47335452941249,9.873819875301667],[123.4732498521096,9.873807156579657],[123.4731796070338,9.873807890790175],[123.473081162262,9.873844616663687],[123.4729593958212,9.873911975955123],[123.4728477369172,9.873993491467214],[123.47273381444809,9.874060461137914],[123.47265797725831,9.874088868523701],[123.4726032742809,9.874104397262338],[123.47253986734731,9.874095921927179],[123.47245016832998,9.874067416310318],[123.47234242433319,9.874021811487744],[123.4721046102197,9.873919596742418],[123.47206819145129,9.87389179576453],[123.4720242637668,9.87383382059974],[123.4720103422339,9.873769262271242],[123.47201309396709,9.873634401612616],[123.4720025366894,9.873475725289588],[123.4719360322422,9.873352472494743],[123.4718108389605,9.873250589608707],[123.4717053735576,9.87317182468303],[123.4716305229002,9.873129466238396],[123.47149585089998,9.87304564662822],[123.4714273102495,9.872965966550883],[123.4713513375604,9.872838392521947],[123.4712287807385,9.872631525465001],[123.4711189201275,9.872343341742939],[123.4710316085171,9.87216724386774],[123.4709408612178,9.87200818543177],[123.47084786265418,9.871890193186585],[123.47072479263988,9.871761778374731],[123.4706340869649,9.87167543416302],[123.470587144282,9.871606511217163],[123.47058522252411,9.871556006893918],[123.4705888230727,9.871502026257783],[123.47061788924678,9.871376771706421],[123.470642101593,9.871242738940397],[123.4706385114658,9.871015173770797],[123.47062280589961,9.870870344351395],[123.4706080503638,9.870788016745243],[123.4705790739726,9.870718310735128],[123.47052487294398,9.870641085637835],[123.4704557852454,9.870568682646027],[123.47036944470639,9.870482341341825],[123.47030739291068,9.870425796647911],[123.4702457796167,9.870345804144703],[123.47014959557849,9.870227116097459],[123.47007881393588,9.870175671287845],[123.4699946232118,9.870140466532131],[123.46991849880558,9.87011711336451],[123.4698336741499,9.87010352529134],[123.46971702222662,9.870082306479583],[123.4695401285676,9.870035283614435],[123.4692146903567,9.869946583666485],[123.4690901106188,9.869907024799433],[123.4690141637335,9.869876040229643],[123.46899490592189,9.86984251978386],[123.4689978776956,9.869787426426933],[123.46901842311249,9.869721947210788],[123.46906106565339,9.869657855650994],[123.46906867042368,9.869649076147585],[123.4691419216598,9.869581688723638],[123.4691864099329,9.869518223268505],[123.4691868706958,9.869516764955662],[123.46921402011009,9.869451326171012],[123.46921642605838,9.869448838998915],[123.4692617291435,9.869320941690447],[123.46930775776978,9.869189060244583],[123.469386169045,9.869018957094244],[123.4694342542246,9.868928696623875],[123.4695297142633,9.868777934760717],[123.46963865319599,9.868628315825758],[123.4697116361686,9.868519207629689],[123.4697638241419,9.86840306983838],[123.46981847476751,9.868213692681254],[123.46985231562869,9.868052260234638],[123.4698687871934,9.867951954099057],[123.4698398128833,9.867827724275411],[123.4697952343165,9.867699089623368],[123.4697215002668,9.86760448849954],[123.46958678417799,9.867481014516102],[123.46949774394459,9.867425932371042],[123.4693745859873,9.867355004641231],[123.4692133034397,9.867290882342548],[123.4691133424081,9.867241346788337],[123.4690404017512,9.867201640634535],[123.4689770265398,9.867142208268007],[123.4689198378892,9.867089534556245],[123.46886965333441,9.867019626456853],[123.4687845279777,9.866910340191694],[123.468668896997,9.866691275579225],[123.4685855212261,9.86658070425106],[123.4685359988394,9.866551361994672],[123.46848795306919,9.8665337730822],[123.46841652012779,9.866526950406366],[123.4683374601396,9.866522480391362],[123.4681740614853,9.866529997470154],[123.4680506660311,9.86652971069261],[123.46798454509369,9.866521769174337],[123.46792066671318,9.866503682139992],[123.4678219863289,9.86646122164003],[123.4676440900957,9.86640087744844],[123.46753785625859,9.866365497327562],[123.46742773258408,9.866337882536422],[123.4672936781749,9.866307296957215],[123.46716131479718,9.86628289664937],[123.4670411891939,9.86627790626258],[123.4669394679047,9.866276703538153],[123.4667803061861,9.866292800518337],[123.46668040354919,9.86628264766395],[123.466646731997,9.86625797001185],[123.46662528217689,9.866211813131818],[123.46663004687728,9.866144125808917],[123.46664014527529,9.866053682138672],[123.4666789581764,9.865971269458742],[123.4667203221187,9.865908813316004],[123.4667636510609,9.865854917638806],[123.4668192686386,9.86579951983519],[123.46692717204868,9.8657520221707],[123.4670459702409,9.865706025506995],[123.4671318559889,9.865649888721887],[123.46718804930738,9.865596969591442],[123.4672289647843,9.865543051461206],[123.46724607097019,9.865439371834576],[123.4672441471437,9.865335850986844],[123.4672029832091,9.865203256277134],[123.46715278738118,9.86506211987719],[123.46709499371909,9.864971821364247],[123.46703713845808,9.864934023909276],[123.46695411217429,9.864902225018277],[123.46683744924978,9.864865373299045],[123.4667258945153,9.864826905542607],[123.4665657925635,9.864772704200977],[123.46642222065938,9.864707950717893],[123.4661248395945,9.86457875771064],[123.46593746643418,9.864468625813712],[123.46568324098888,9.864390465443426],[123.46559992610881,9.864377702173542],[123.4654736586763,9.864408770732327],[123.46532889222729,9.8644710858515],[123.4652304011714,9.864515358036247],[123.46503462901218,9.864609278540852],[123.4648934717255,9.864681311589251],[123.4647325899751,9.864768039453494],[123.4646646223511,9.864792294702337],[123.46461694889871,9.86477560786771],[123.46458594003902,9.864727809550928],[123.4645261854492,9.864656844652604],[123.4644525908721,9.864617433421886],[123.46439572635221,9.864620688082773],[123.46431601606159,9.86463843163353],[123.4642358817981,9.864639931226275],[123.46418558847489,9.864617438917676],[123.4641546378771,9.864587212376765],[123.4641347967892,9.864533219382823],[123.46411331604959,9.864465666145714],[123.4640942765759,9.864392233245727],[123.4640212871858,9.864320685936987],[123.4639278269853,9.864271834216408],[123.46383059644769,9.864262333471292],[123.46371464596069,9.864255557389686],[123.4636056523528,9.864263267400638],[123.46354230946031,9.864288418573755],[123.4634257008558,9.864330094663963],[123.4633374820798,9.864359493571298],[123.4633351344861,9.864362749378447],[123.46320863314831,9.864389193630679],[123.46301811769818,9.864425771150389],[123.4628467493433,9.86444528209343],[123.4627510058987,9.86444338283999],[123.4626737314082,9.864426272027123],[123.4626061864514,9.864386042199436],[123.4625555592209,9.864324385459895],[123.46249328501308,9.864215366490443],[123.4624533002145,9.864088651291118],[123.46240575807569,9.863940945249338],[123.46236810517858,9.863740613513851],[123.46222949618509,9.863206591443873],[123.46214248451182,9.862941859529272],[123.4620691880224,9.862738505182604],[123.46205135305269,9.862587913646912],[123.46205873072668,9.862510128935645],[123.4620956078032,9.862394117382461],[123.46209617941409,9.862390636462857],[123.46212971052589,9.862318866909778],[123.46214049138239,9.862242563421104],[123.46214175866689,9.862134912596607],[123.4620665043681,9.861924993253155],[123.4619847557149,9.861699314845813],[123.461911538241,9.86149982152338],[123.4618618252147,9.86129929130727],[123.4618490629325,9.861161540544785],[123.4618540643854,9.860994403905929],[123.4619009452387,9.860847133172298],[123.46195571775358,9.860698687388597],[123.4620021499353,9.860548316277855],[123.46202033834578,9.860433586074173],[123.46200045208751,9.860309974981847],[123.46195528564078,9.860192147678609],[123.46190946310679,9.860084313574664],[123.4618947960285,9.859979844656518],[123.4618913479047,9.859864133167575],[123.4619198524078,9.859768401516058],[123.46198330712399,9.85962470761066],[123.46209262733429,9.859388503345272],[123.46219053410638,9.859149364339165],[123.46227837055248,9.858930749174192],[123.4623977528737,9.858519316102551],[123.4624821846305,9.858067759108444],[123.46249513439278,9.85783854589851],[123.462507891441,9.85759737091397],[123.462493021596,9.857398117525046],[123.4624588981506,9.85727116188008],[123.4624141577159,9.857165375985193],[123.4623336910205,9.857038373762757],[123.46225199220069,9.856919302815003],[123.4621783438937,9.856795058755676],[123.46213129714351,9.856642235209142],[123.4621179569672,9.856524871496182],[123.46211596073529,9.85639328026145],[123.46212424192952,9.856303419195036],[123.46215020024088,9.856210708631513],[123.4622067059914,9.85611216008392],[123.462315897167,9.855978469117657],[123.4623947504333,9.85586184450634],[123.4624241536643,9.855793950532421],[123.4624267887211,9.855789009747907],[123.46244793206318,9.855661460577531],[123.46243433159029,9.855506569119227],[123.46241883119768,9.855397354259734],[123.462413199771,9.855284779130534],[123.4624135514277,9.855196251637505],[123.4624305949365,9.855096942044536],[123.46246484995049,9.854993221541474],[123.4625028066449,9.854844979908878],[123.4625397680481,9.854720143832896],[123.4625528820065,9.854619635669469],[123.4625379567362,9.854528664733671],[123.4625137206032,9.854416659375607],[123.46249474136019,9.854315205878322],[123.4624842740797,9.854174728062874],[123.4624727969023,9.854010140108475],[123.4624755013807,9.853812632663825],[123.4624843219787,9.853631001811083],[123.4624812921493,9.853492250621247],[123.46243376172748,9.853302748642564],[123.4623720804592,9.853072270027406],[123.4623448060745,9.852930665501436],[123.46233573677989,9.85283075276257],[123.462339356928,9.852780932122503],[123.4623674270674,9.852720728179122],[123.46236768432969,9.852719233269978],[123.46243067397849,9.852655603553165],[123.462523625308,9.852592169548327],[123.46264014289828,9.852534883918452],[123.4627267027862,9.852519708029089],[123.46285121087159,9.852515840314355],[123.46300230339772,9.852529127561521],[123.46310997006928,9.852524622844008],[123.46318598341469,9.8525122220442],[123.46324178643368,9.85248271794104],[123.46331650366089,9.852407540271892],[123.4633728176953,9.85230974012871],[123.46344983127389,9.852175062582612],[123.46350097347178,9.852122243356783],[123.46355909243148,9.852095734700834],[123.4636279576946,9.85210320851391],[123.4637142109104,9.852150932785671],[123.46381966647888,9.852265639087971],[123.4639278045174,9.852414186252908],[123.4640459050019,9.852631780234974],[123.4641966461004,9.852862604735465],[123.46426835893308,9.85295446072807],[123.46435524275299,9.852994408311394],[123.4644209147319,9.853005362119188],[123.4644817671549,9.852991135028628],[123.46454047797319,9.852941236030427],[123.46458744519079,9.852842377837831],[123.4646261174312,9.852749078324536],[123.46467693115932,9.85259151788124],[123.46471807231819,9.852461606651849],[123.46479149640099,9.852310524436014],[123.4649413792832,9.85202369332644],[123.46504574446539,9.851834212107363],[123.4651005793335,9.851646433185072],[123.4650985540591,9.851513649014306],[123.46509883620399,9.851511991250241],[123.46505046368831,9.851458350140735],[123.464974098417,9.851404795814787],[123.4649132951829,9.851347344755366],[123.4648842961145,9.851292564403577],[123.46486401893699,9.851202736151837],[123.4648742131939,9.851117190830903],[123.46487602649341,9.851001835507056],[123.4648606061976,9.850870778163712],[123.4648324256043,9.850739654492607],[123.4647887373369,9.850658970312292],[123.46473608490051,9.850595077261756],[123.4646552518398,9.850540523806648],[123.4645976092629,9.850504933095623],[123.4645440063442,9.850420610109724],[123.46445201733628,9.850265644847326],[123.4643796870364,9.85013898496565],[123.46432265377639,9.850044058743329],[123.4642440657028,9.849955512322705],[123.4642023516951,9.849893659378582],[123.46418223653319,9.849792265140925],[123.4641973805335,9.849698068710156],[123.4642238130551,9.849634610753075],[123.46427062201639,9.849564118796762],[123.4643297780752,9.849523917170284],[123.46439781462261,9.849491177483793],[123.464479635336,9.849477666176083],[123.46461972726121,9.849452826192584],[123.46476021401759,9.849431992371091],[123.46488192153309,9.849413030014022],[123.46497581189058,9.849373129331273],[123.46502521450658,9.849322352152146],[123.4650585567817,9.849236552308678],[123.46507349358569,9.84913822938803],[123.4650686850759,9.849045244520116],[123.4650232910154,9.848909734540214],[123.46497143119079,9.848805844902161],[123.4648821202657,9.84866987401089],[123.46480183305519,9.84859942606345],[123.4646996472353,9.848528423854573],[123.46463667529429,9.848499642399132],[123.46455682074489,9.848500923552907],[123.46445238634249,9.848517019880566],[123.4643816533328,9.848523531314736],[123.46428544470508,9.848542889776194],[123.4641940538346,9.848540002864283],[123.4640872071606,9.848542091734993],[123.46395127785588,9.8485445040011],[123.4638689647483,9.848527263369009],[123.46376763785669,9.84847481927469],[123.4637051569501,9.84846645569057],[123.4636356349128,9.848472948060065],[123.4635809633988,9.848482485357602],[123.46354265552719,9.848529026975392],[123.4635124875024,9.848594199516693],[123.46346576524549,9.84865550789465],[123.4634227088796,9.848717742663778],[123.463366958428,9.848754358332537],[123.4633188175352,9.848767981914436],[123.46326360591539,9.848758782314647],[123.46320904238368,9.848740669550722],[123.46314948986831,9.848695773792612],[123.4630930032745,9.848591906460198],[123.4630497371322,9.848488335418468],[123.46298410905102,9.848330959226946],[123.46292254286959,9.848155301132213],[123.4628458399636,9.847993953006926],[123.46276738481099,9.847874551679489],[123.4626960049678,9.847794223198653],[123.4626579349208,9.84769930045037],[123.4626235048247,9.847536345763508],[123.46259147953988,9.84740870597856],[123.46252700940579,9.847346870816464],[123.4624263381133,9.847225386099332],[123.4623047644792,9.847089146212893],[123.4622259064421,9.846965864522636],[123.4621884317552,9.846847026308621],[123.46215857722359,9.8467171777097],[123.4621235981087,9.846544078195434],[123.4620812642411,9.846426618765827],[123.4620816038012,9.84642507565581],[123.46202267604409,9.846252961562794],[123.4619586531836,9.846061395520659],[123.4619163334733,9.845898483107861],[123.46187803187959,9.845739122810137],[123.46185995071319,9.845590672558883],[123.46186801810501,9.84549653388129],[123.46189192548371,9.845409419757964],[123.46193387732218,9.84530563806483],[123.46196980564089,9.845200606350986],[123.4619811651907,9.84511909943133],[123.46197471801139,9.845052644592608],[123.46194198617209,9.844968284341354],[123.46190076586299,9.844883365326607],[123.46188477609658,9.844799749191033],[123.46188540524528,9.844739606421498],[123.461903789898,9.84469043108834],[123.46193781864488,9.844626972738705],[123.4619885994137,9.844555982700667],[123.462044455473,9.844475463723658],[123.4620713595127,9.844383101891284],[123.46208609073159,9.844298451603436],[123.46210497033688,9.844222070229604],[123.4621385087565,9.844167396541897],[123.46218904017209,9.844119750437008],[123.4622690396508,9.844068716105541],[123.4623436484268,9.844019820363478],[123.46242078952142,9.843964002211758],[123.4624586366027,9.84391066216868],[123.46247560404508,9.843870581890128],[123.4624817172036,9.843782097909726],[123.4624645691721,9.84363682612457],[123.46246093208889,9.843528438829653],[123.46245588831721,9.843413312847831],[123.4624695909838,9.843257223623649],[123.4624953924633,9.843039605888269],[123.4625340006756,9.842777836339684],[123.46254443401308,9.842631508249147],[123.46251960499309,9.842543373739897],[123.4624810185775,9.842473389168457],[123.46242739069758,9.842409926655465],[123.4623546819622,9.842331520232383],[123.46231258009048,9.842270873508742],[123.46228790402849,9.842211919271303],[123.46228887203809,9.842124854851813],[123.4622963883875,9.84206169046787],[123.4623175492852,9.841975797855456],[123.4623542163365,9.841881128992965],[123.46238853859188,9.841752549128573],[123.46238965814038,9.841747039989231],[123.4624022079485,9.84164407661431],[123.46243588839471,9.841491519664213],[123.462495574218,9.841364833823844],[123.4625732722291,9.841256471987316],[123.46258062077891,9.841251819808642],[123.46276461920259,9.8410056623199],[123.46297818527181,9.840667251040335],[123.46309120596469,9.84046124846123],[123.46309212732419,9.840457152358494],[123.46316138588651,9.84026336392545],[123.4631538363639,9.840168958736573],[123.46311327760019,9.840107697285319],[123.4630669962235,9.84003338935362],[123.4630249160472,9.839930844367824],[123.46301186981029,9.839858908493637],[123.46301278388948,9.839855091220045],[123.46301967015178,9.839764594993],[123.4630552671516,9.839652088450269],[123.463112984318,9.839523410942126],[123.4631986344488,9.839393257271386],[123.46334149835529,9.839201142375122],[123.4634039017671,9.83909480156862],[123.46345399800039,9.838953524861756],[123.46346824829018,9.838819764653085],[123.46346687519218,9.838647829234418],[123.46347356189519,9.83856220925634],[123.4634926893464,9.838486023067816],[123.4635571745986,9.838348153874676],[123.46364897123328,9.838175054552108],[123.46371544697769,9.838065160533274],[123.4637491730265,9.837965213102413],[123.4637513336655,9.837902193282563],[123.46374808623091,9.837822570847191],[123.46370389394488,9.837760951378545],[123.463625444314,9.837736234768812],[123.4635228476732,9.837714902221874],[123.4634449705883,9.837695284269033],[123.4633535649404,9.837648411244238],[123.4632580082822,9.837563949097527],[123.46315747287161,9.837475487256492],[123.4631098956885,9.837410213122677],[123.4630914149665,9.837327336642101],[123.4631001154206,9.837236969883785],[123.4631199741784,9.837175290767052],[123.46312048808468,9.837172769250866],[123.46316211693359,9.837113526582655],[123.4632319466129,9.837034326698634],[123.46333073133259,9.836899460933475],[123.46342564037309,9.836747070411464],[123.46349108014948,9.836618913128563],[123.4635357238571,9.836505464109102],[123.4635363145055,9.836502782021052],[123.46356121420999,9.836415228257877],[123.46360527471299,9.836291773599974],[123.46364330555389,9.83618951239171],[123.4637307463271,9.836042943663543],[123.4638306900539,9.835894174152035],[123.46390743542659,9.835787110613708],[123.4639789678813,9.835755783634474],[123.46403544592178,9.8357446440339],[123.4640370865636,9.835743591501855],[123.4641131207601,9.835749483916684],[123.46421254223701,9.8357780113558],[123.46435103813239,9.835800638058789],[123.46448612368178,9.835798076618893],[123.4646641042196,9.835783695069663],[123.46475194412591,9.835759824738135],[123.4648726805703,9.835699000750962],[123.46499408159599,9.835631575742061],[123.4649959106761,9.8356304087233],[123.4651074384575,9.83557513826021],[123.46524502700419,9.835517348476888],[123.46534017205958,9.835464902402482],[123.4654055932693,9.835374387014635],[123.4654422512554,9.835239786541353],[123.4654482259147,9.835078385220827],[123.46541772089529,9.834894318552692],[123.4653710806913,9.834737805964298],[123.4653179418979,9.834577103288622],[123.46526458170341,9.834434174421546],[123.46525781601059,9.834360911097864],[123.465262297822,9.834298557063798],[123.46529510229989,9.834230888254364],[123.4653913798451,9.834127184679275],[123.46545526695878,9.834055844827992],[123.46550300233581,9.833988877185433],[123.4655223160199,9.83390725675999],[123.46550671598769,9.833834750799584],[123.4654434302157,9.8337662947105],[123.46538132264,9.833696103915075],[123.4653208182943,9.83363909321252],[123.46528088810838,9.833601248257832],[123.4652433270232,9.833517133010211],[123.4652345451503,9.833438864490846],[123.46525418584451,9.833365601868998],[123.46529115130001,9.833316967346356],[123.46537630063459,9.833279989081234],[123.46550629592109,9.833249904476673],[123.46566034705319,9.833219693597012],[123.46595584816629,9.833182052439998],[123.46612578049898,9.833144526781673],[123.46623708059079,9.833108772921879],[123.4663308414697,9.833030205678941],[123.46642272595939,9.832907873352326],[123.4665163035449,9.832796166196593],[123.4665902951026,9.83270838440577],[123.46667990051088,9.832620629986772],[123.4667983537939,9.83256085568216],[123.46700956451778,9.832492322847624],[123.46719076848258,9.832456001588593],[123.46726350866071,9.832417780138398],[123.46731729069438,9.832358733511342],[123.4673192611331,9.832356113165476],[123.46740523999898,9.83223588070232],[123.46751956227119,9.832063096234801],[123.4675822044178,9.831932744629029],[123.4676064160035,9.83183249101596],[123.46766452255228,9.831694186782094],[123.4677132824349,9.831589566118158],[123.46777454004969,9.831453498545672],[123.46783439457688,9.831356829313847],[123.4679082100778,9.831277647235204],[123.46798793442488,9.831194842577766],[123.46809193445878,9.831117331007093],[123.468237969898,9.831040482531622],[123.4684776040475,9.830968663331275],[123.4685640635626,9.83093401742255],[123.4686261239754,9.830853219409198],[123.46868277090161,9.830721987560233],[123.4687370763498,9.830569860672957],[123.468760416112,9.830397084844867],[123.4687655041451,9.830245982027684],[123.4687899628618,9.830087951887753],[123.468853324897,9.829931131822544],[123.46895094094339,9.829739547482268],[123.46905398135401,9.829532588791725],[123.4691731841035,9.829356764703087],[123.4692448361226,9.829181090889287],[123.46924569794601,9.829176896324206],[123.46928413516268,9.8290491224504],[123.46929209333109,9.8289291213044],[123.46927772938159,9.828791631946553],[123.4692883371407,9.828680242866698],[123.46930729289879,9.828471581093018],[123.46934614501949,9.82825133470242],[123.46938010373559,9.828055907078781],[123.46939845348889,9.827815764734588],[123.4693919864936,9.827615553553452],[123.46937276589908,9.827447073643597],[123.4693500190938,9.827287889970933],[123.4693502731863,9.827174153493493],[123.4693601878836,9.827077162871698],[123.46939571876139,9.826936566306838],[123.46943405128408,9.826837089954239],[123.4695266129118,9.826657803522012],[123.46961353822779,9.826490298369029],[123.4696577568645,9.826348856263225],[123.4697289371783,9.826155543200027],[123.4698263810933,9.825981549584853],[123.4699189265761,9.825841363592037],[123.4700167214677,9.825728259762858],[123.4700935488092,9.82565526984471],[123.47013108430738,9.825583565527404],[123.47014915486781,9.825487590456358],[123.47015319870039,9.825360368181112],[123.47014753152608,9.825247920306376],[123.47017007634429,9.825133893321413],[123.47020763549129,9.825011088804153],[123.4702598812167,9.824926313816446],[123.47035809819438,9.824824826242674],[123.4703607994481,9.824822250487593],[123.4704481444146,9.824733982513001],[123.47053562596419,9.824609392440076],[123.47058716811298,9.824495463170885],[123.47061104100598,9.824345059233202],[123.4706135335668,9.824139807951621],[123.47060469282079,9.823715061972749],[123.47062645766792,9.823265589914136],[123.4706204337032,9.822803578780801],[123.4706002847577,9.822513152990616],[123.47055354089841,9.822275979410676],[123.4704825428527,9.822046127016192],[123.47034547737219,9.821672621686053],[123.4702805465988,9.821480253516645],[123.470246326427,9.821321035066887],[123.47023663023879,9.821166624791086],[123.470244820053,9.821020533977352],[123.47026325273998,9.820918464175769],[123.4702862995592,9.82083381080365],[123.47032493854068,9.820765423107895],[123.47037367442759,9.820668464700928],[123.4703960454503,9.82057369465155],[123.4703855535785,9.820398411963149],[123.470361383751,9.820283407067686],[123.4703388024749,9.82019314703032],[123.470350342703,9.820075154587439],[123.47034280480732,9.81997495019063],[123.470313980904,9.819912601689337],[123.470270737014,9.819849303183856],[123.4702051728533,9.819812334137358],[123.4701284855573,9.819791634871475],[123.4700420942498,9.81978065216684],[123.46996817067348,9.819774835910087],[123.46989729839218,9.819760224734468],[123.46980819389898,9.81972199249097],[123.46974357393708,9.819684197384316],[123.4696884352162,9.819643343441657],[123.46962740650831,9.819614837195632],[123.46956168669679,9.819600545829168],[123.46948945630758,9.819598018502345],[123.4693796653904,9.819599344319856],[123.46930911555519,9.819585935449286],[123.46925711706788,9.819560512378926],[123.4692217885281,9.81951794939772],[123.4691570991128,9.819423796296366],[123.46906602501649,9.819318715093614],[123.4689758623044,9.819202950029533],[123.46892236425309,9.819143473489017],[123.46879819283951,9.819055606069616],[123.4687141862494,9.819017800170746],[123.46858144966791,9.818993384269163],[123.4684885436158,9.81899142745503],[123.4683785637003,9.819002005463776],[123.46828727486181,9.819055788588482],[123.46822386927221,9.819117838773254],[123.4681574751755,9.81922032265873],[123.468112369492,9.819309580020093],[123.46806009688,9.81942369464225],[123.46803992562678,9.819484718868841],[123.46798588661659,9.819562992959392],[123.4679504847494,9.819588511972375],[123.4679147551331,9.81959363300766],[123.4678324633537,9.819582381848292],[123.46776276240391,9.819571609881477],[123.46771425919408,9.819561227286407],[123.46762275217199,9.819557276860799],[123.46755308610759,9.819561886833982],[123.46749670741781,9.819591006487407],[123.46744574875169,9.81963178184703],[123.46735430060508,9.819689745394557],[123.46727279017381,9.819738496014846],[123.4671900828569,9.819763158248827],[123.46711978444779,9.819763639982924],[123.46705784560311,9.819745096398055],[123.4669635194558,9.81971441343697],[123.46687627592608,9.819708019947393],[123.46680817811969,9.81971721501987],[123.46672349687559,9.819721953942077],[123.4666078871465,9.819695517043664],[123.4665320659802,9.819667365773965],[123.4664672052815,9.81961482861835],[123.4663953851878,9.819549135925705],[123.4663109459527,9.81949675140383],[123.46623217526339,9.81946173161496],[123.4662306766625,9.819461163069203],[123.4661588410239,9.81945117740101],[123.46608722182799,9.819453554829119],[123.46597262387039,9.819483087747068],[123.4658851500346,9.819514168908277],[123.4657940166834,9.819560892088175],[123.46570985115349,9.819623356371629],[123.4656116867524,9.819707043191746],[123.4655239203628,9.81978581794609],[123.46546702286709,9.819801828615914],[123.46539129323091,9.819805340274245],[123.4652783487432,9.81978936185508],[123.46513903883951,9.819761761883258],[123.46503121797758,9.819737829786172],[123.4649598057955,9.819712439576838],[123.464890939287,9.819687954574526],[123.4647983081331,9.819660816646838],[123.4647234812737,9.819648773460258],[123.46462841454961,9.819656675368979],[123.4645589907816,9.819686283171059],[123.4644862035649,9.819710730101633],[123.4644243442746,9.819704428824966],[123.4643438521425,9.819668615786757],[123.46428451710989,9.81963808769468],[123.4642829337431,9.81963747145221],[123.4642255549796,9.81958888351724],[123.4641338076459,9.819532150990097],[123.46405526696532,9.819501245565183],[123.46398640508139,9.819491206794204],[123.46385383374579,9.819475201261797],[123.46376694679819,9.819467747614652],[123.4636074272992,9.819442263876988],[123.46343626060079,9.819423020814744],[123.4632084051107,9.819391808604596],[123.4630369251506,9.819387471110591],[123.4628089899148,9.819380485885894],[123.46269396268458,9.819391716651221],[123.4625799139074,9.819419088663713],[123.4624571872061,9.819452759865007],[123.46239398894821,9.819493077400322],[123.4623304209338,9.81956873523829],[123.462280191466,9.819677793592598],[123.4622368498762,9.819797520690917],[123.4621953081135,9.81990754623102],[123.46214435602069,9.819969543495867],[123.4620737654452,9.820011302898912],[123.4619715983238,9.820041239716291],[123.461810842479,9.820083276795584],[123.46161925306998,9.820126259545434],[123.4614809797099,9.820135668773556],[123.46143522337069,9.820131044385572],[123.4613731107499,9.820093854676164],[123.4613231970277,9.820054255629248],[123.4612919866138,9.819984838471111],[123.461272995142,9.819916519905222],[123.46126112119079,9.819857863942143],[123.4612455503136,9.819766363545572],[123.46120744879188,9.819634875505642],[123.4611530756113,9.819513003804573],[123.46111364281458,9.81943707413241],[123.46104530299398,9.819388682044348],[123.46095081251399,9.819358085527048],[123.4608411925518,9.819347912127753],[123.46072810331631,9.819344784300716],[123.46057510218371,9.819339376022583],[123.46044253771112,9.819352673303348],[123.46030695739229,9.819372880324105],[123.4602275257,9.819404196811908],[123.4601521888941,9.819467162502338],[123.4600946857251,9.819520453410325],[123.4600299163126,9.819580465713372],[123.45996472554619,9.819601464312848],[123.45990571260519,9.819611205311901],[123.45982272846159,9.819587095780227],[123.4596949444068,9.819526597159081],[123.4595722088718,9.819461523392889],[123.4593993625143,9.819363225229122],[123.4593012209377,9.819307502058141],[123.45919441152851,9.819229036332617],[123.4591489108629,9.819174533904707],[123.4591291784752,9.819122096874247],[123.45912394861689,9.819039944895838],[123.45913992797159,9.818966493623725],[123.45917885649209,9.818875658249016],[123.4592320041168,9.818768879406223],[123.4592855479739,9.818652278338021],[123.45932317986728,9.81856055641544],[123.45934381118839,9.81846126943852],[123.4593363570884,9.818379908999466],[123.4593064323493,9.818275775968532],[123.4592706356955,9.818147898114264],[123.4592383947434,9.81801163575549],[123.4592236789987,9.81787956969257],[123.45923426920548,9.817746060399521],[123.45926032061419,9.817597907809324],[123.4593032553979,9.817444248819244],[123.4593480521885,9.81735980523524],[123.45947594293399,9.81718065917502],[123.4595977352797,9.817027668779149],[123.45967525260629,9.816912897616813],[123.4597082636662,9.816824757528368],[123.45972042173149,9.816703792021057],[123.45973593182178,9.816569536431842],[123.45975384073,9.816402017850002],[123.45977468215338,9.816262238728111],[123.45980532472949,9.81617616338375],[123.45983040867648,9.816126827279193],[123.459895488273,9.816067490001227],[123.460030065601,9.815976558060726],[123.4601683554674,9.815876145007401],[123.4603040387627,9.815783509050414],[123.4604033511897,9.815697741705016],[123.4604800682188,9.815604391573341],[123.4605900924948,9.815450507572734],[123.4607654478378,9.8152329505721],[123.4609454278571,9.815012772961214],[123.4610459085378,9.814864072585014],[123.4611401478972,9.814724407382785],[123.46119791168611,9.814611428107153],[123.46123282113228,9.814491612398042],[123.461238139594,9.814409400510517],[123.46122102763299,9.814282925191455],[123.4612089616403,9.814156657529107],[123.4611999799638,9.814045021439831],[123.46122746212438,9.813971712957548],[123.46126597330209,9.813914116929276],[123.4613461927568,9.813857789569408],[123.4613528744515,9.813853489927261],[123.46145710736839,9.813810380370494],[123.46159023128901,9.813790777082497],[123.46174757293488,9.813761712729802],[123.46195125785559,9.813731441044421],[123.462047732353,9.813709557021294],[123.4621037522252,9.813680236225508],[123.46215626419608,9.813622847715523],[123.4621779004108,9.813578394371374],[123.4621969971134,9.813512864018305],[123.4622218646669,9.81339915434505],[123.46223964886458,9.81326232789743],[123.4622738772137,9.813067983288157],[123.4623037239559,9.812923209464234],[123.462331026435,9.812854046813312],[123.462380080015,9.812776561878566],[123.46245568474158,9.81269086113947],[123.46251732473749,9.812610560874743],[123.46257304451919,9.812518684113256],[123.46257465025599,9.812514332173576],[123.46260272256738,9.812424496070351],[123.4626079980589,9.812328573826255],[123.4625826882089,9.812234821287694],[123.46251553294509,9.812055555974261],[123.46243714008799,9.81186436903063],[123.46230046512301,9.811483061262543],[123.46220119953401,9.811200591447394],[123.4621099961024,9.810998672289335],[123.4620458874532,9.810770520819354],[123.46200104661419,9.810573271032624],[123.4619828501766,9.810446560331158],[123.4620067443636,9.810334182962018],[123.4620366083719,9.810231983318296],[123.4620390985087,9.81022967216983],[123.46208702989409,9.81014034677676],[123.46209165920479,9.810132303153944],[123.46209325474389,9.81012801584565],[123.4621704136333,9.810009949353747],[123.4621729309606,9.81000761569152],[123.46224158761629,9.809908016249059],[123.46232164086268,9.809790821599135],[123.4624070275211,9.809689338464503],[123.4624723249048,9.809645683055134],[123.4626018902627,9.809589087693725],[123.46274137988391,9.809528238150136],[123.4628724231101,9.809486060664405],[123.46296600522929,9.80944447064492],[123.46307071729659,9.809395606300198],[123.46316863926909,9.80934162730624],[123.46331405116909,9.809230816893459],[123.46346052914359,9.809090697693739],[123.46358767003439,9.808994372619157],[123.4637336705103,9.808856420205373],[123.463920122447,9.808693498325972],[123.46402060901231,9.808585329466172],[123.464154178049,9.808438361939514],[123.46432178504341,9.8082462150519],[123.4643275630597,9.808244599491903],[123.4645310528021,9.807984392502782],[123.4647040951578,9.807784030142258],[123.46480220014328,9.807664951545823],[123.4648612458232,9.80760747342867],[123.4649308396271,9.80758187766796],[123.4650272073893,9.807568300906492],[123.46513183632818,9.80758135159985],[123.4652054674797,9.807606862209921],[123.4652645206091,9.807633385149831],[123.46534389569868,9.807696335496907],[123.4654373791552,9.807793030547096],[123.46553947604458,9.807951061270918],[123.4656301005837,9.808133594372446],[123.4656806332676,9.808262403426127],[123.4657466437745,9.808366112164721],[123.4658288582982,9.808433723295233],[123.4659135237528,9.808492436025345],[123.46611209476839,9.808564828310363],[123.46622447746729,9.808572515632301],[123.4663020737292,9.808546401095692],[123.46631144276608,9.808539732396007],[123.4663904315742,9.808498259986798],[123.4664017354041,9.808490747585848],[123.4665095077183,9.808486469207129],[123.4666067384504,9.80850472855215],[123.46666116204018,9.808542995941137],[123.4666667454411,9.808546548370591],[123.46675632607881,9.808618761831454],[123.4669085618612,9.808749180305906],[123.467016876396,9.8088232677227],[123.46702815656562,9.80882720298549],[123.46703193738132,9.808826779959269],[123.4671081105251,9.808842822785692],[123.46721012065738,9.808844707502317],[123.467278687525,9.808819975934659],[123.46735952940121,9.808759635358456],[123.4674482092787,9.808665993460052],[123.46753646874829,9.808572948055374],[123.46764662408259,9.8084301587184],[123.4676472146771,9.808428610168587],[123.4677057836957,9.808354313065934],[123.46777095076058,9.808304888610373],[123.4678716816832,9.808261700738766],[123.4679719041162,9.80825594684492],[123.46797353660848,9.808256472300721],[123.4681005137874,9.808242371723821],[123.46819216057028,9.808210733272006],[123.468263334492,9.808162077756194],[123.4683327382426,9.808089687816274],[123.46838944058969,9.80801210760718],[123.4684285546714,9.807892827671367],[123.4684777497674,9.80771709938303],[123.46853037709108,9.807552160184722],[123.4685764530397,9.807448771357894],[123.46863389054852,9.807383990863002],[123.4687091234748,9.807335620546088],[123.46871239822208,9.807336761508223],[123.46879401404759,9.807317221464302],[123.46887494942109,9.807321143343973],[123.468964717734,9.80734840648098],[123.46903551199368,9.80738346968821],[123.4691004217882,9.807447731201414],[123.46917271011549,9.807498263556392],[123.46927072615539,9.807533326285494],[123.46937223230968,9.807552721663974],[123.46951157302179,9.807552978909857],[123.46962958979289,9.807545479497174],[123.46976516056388,9.80751490609239],[123.4698646950569,9.807479120927928],[123.46993717134919,9.807412103136889],[123.4700013623158,9.807340262899814],[123.470076638109,9.80723856237576],[123.4701442506182,9.807158440090083],[123.47021039347669,9.80712052265074],[123.4702912909513,9.807119219137284],[123.4703641966673,9.807145154592112],[123.4704481079541,9.807190919572616],[123.47054922882919,9.807272171116042],[123.4706187657892,9.807315613510433],[123.47068094855048,9.807333171402725],[123.470759368369,9.807312036157438],[123.4708796355192,9.807243199211523],[123.47102410106119,9.807173393515184],[123.4711322885272,9.80718398460832],[123.47134365258259,9.807201756365226],[123.47156018248569,9.807125511974556],[123.4716871440403,9.807076366031502],[123.47179188009389,9.807008516972253],[123.47183485875931,9.806973771844842],[123.4718666522334,9.806880260739039],[123.4718813072897,9.806746265548474],[123.47186313815489,9.80663785456193],[123.47184171551379,9.806550816338929],[123.4718026770489,9.806437974973552],[123.4717443714841,9.80632805615358],[123.4716496347965,9.806208922719884],[123.4715407308888,9.806105575421697],[123.471344916375,9.805966593740553],[123.47120367066128,9.80588382374625],[123.47109803243461,9.805821984520296],[123.47103554171528,9.805741275619221],[123.47100456481328,9.805645157871556],[123.47101823319349,9.80554738812444],[123.4710744426311,9.805430030102778],[123.4710780350843,9.805425732043215],[123.4711655565857,9.805283164017833],[123.47116808448082,9.805276521764778],[123.4712790836884,9.805122167617991],[123.47137825861981,9.804954929738322],[123.4713819139444,9.804950777212975],[123.4714486204232,9.804787583477552],[123.4714499858342,9.804784415823965],[123.47147350270939,9.804668938913727],[123.47149332347789,9.804508687648417],[123.4715205615577,9.804262913803438],[123.4715091158389,9.804038161298305],[123.4714636422983,9.80387973366113],[123.4713934421982,9.8037495078808],[123.47135096658701,9.803655548327855],[123.47135860825341,9.803572348678875],[123.47136076588811,9.803566937175386],[123.4714100528822,9.803475466514621],[123.47147628013678,9.803389179630228],[123.4715790901151,9.803243456489255],[123.4716215957561,9.803146206767739],[123.4716738495312,9.803002598513656],[123.4717660591835,9.802867531484347],[123.4718539785366,9.802793015996944],[123.47193007572929,9.802725854490262],[123.4720089159411,9.80265343190979],[123.47209493975609,9.802533676806709],[123.47214612882588,9.802442213790098],[123.4721996140455,9.802323805311087],[123.47226021807599,9.802170569857026],[123.4723080032771,9.802012734603704],[123.47235107343501,9.801879264210488],[123.4723737526473,9.801769515846189],[123.47236955396959,9.801716972138442],[123.472357269362,9.801663026837563],[123.4723468342848,9.801617870606858],[123.4722959949552,9.801512945163378],[123.47222645061798,9.801359320151313],[123.4721664179404,9.801203826036502],[123.4720829691778,9.801058417920803],[123.47203138633678,9.800991697361658],[123.47193080242471,9.800895643673451],[123.4718635677226,9.800842595699326],[123.4718075052721,9.800769596336147],[123.47174763332059,9.800643417724586],[123.47172411141129,9.800559371056693],[123.4716799072591,9.800448064211308],[123.47163549330838,9.800354628571197],[123.471553252149,9.800268921300384],[123.4714927871883,9.800215367809352],[123.47129912059388,9.800031481124828],[123.4712425699699,9.799971832061367],[123.4712102330009,9.799931199402893],[123.4711867650142,9.799866880220625],[123.47116841019069,9.799803980065029],[123.4711578314187,9.799678081106164],[123.4711426993101,9.79953822130607],[123.47112442762509,9.79932234398015],[123.4711309613107,9.799215363206311],[123.4711563464191,9.799150238236685],[123.47120522051519,9.799099186305547],[123.4712644009746,9.799070595760766],[123.47134211771629,9.799042009215611],[123.47143757154689,9.799033984035644],[123.47155981923619,9.799044498872563],[123.4717043478968,9.799067256498365],[123.47189859988201,9.79910081416601],[123.4719812153138,9.799106253692713],[123.47203863959389,9.799090220777943],[123.4720836602189,9.799066611824674],[123.47212451056689,9.79902629745489],[123.4721601326118,9.79896512881558],[123.47218051009389,9.798891124665083],[123.4722008251067,9.798793548457631],[123.47223090328589,9.79866261251742],[123.47226987939848,9.798498574980824],[123.47227504746539,9.798407621712732],[123.4722547555778,9.79835291171895],[123.472218964141,9.798309936600775],[123.47217765144781,9.798289897292523],[123.47214470900819,9.798287055081607],[123.47210130700311,9.798291092557232],[123.47205499984548,9.79830620206851],[123.47201056618279,9.798347948353141],[123.47200932697739,9.798350667901305],[123.47196437234899,9.798424821418712],[123.47192079004638,9.798502076535186],[123.47190488496462,9.798569270530841],[123.471868008714,9.79864416467752],[123.47183483639562,9.79868914438195],[123.47180264200011,9.798719798749094],[123.47176503187988,9.798727828999583],[123.47171262699939,9.7987301571024],[123.4716470890566,9.798709516838647],[123.471601196083,9.798667806869279],[123.47157957479489,9.798595739847306],[123.4715817673359,9.798498854092223],[123.4716073906158,9.798356932002923],[123.4716551139076,9.798218877495861],[123.471691514829,9.79812074989902],[123.47172744450589,9.798060909914248],[123.4717294025241,9.798059215686814],[123.47179233797299,9.797993914236592],[123.4718574936658,9.797946822422492],[123.47196438647109,9.797892111924131],[123.4720436490005,9.797836228732407],[123.4721643248565,9.797777776401087],[123.47224086805139,9.79776665965366],[123.47231577585809,9.797774084270513],[123.472318432706,9.79777387161015],[123.4724133509217,9.797802256429211],[123.47241500097049,9.797804280295827],[123.47250809930819,9.797842652237662],[123.47260435832719,9.797888381316815],[123.4726698518137,9.797889173570596],[123.4727157291928,9.797868580323142],[123.47271764017259,9.797866826531791],[123.47276625996699,9.797812352657722],[123.4728006854791,9.797754066382653],[123.47283423739222,9.79766326204526],[123.47283568569608,9.797659618364204],[123.4728652834886,9.797598462144318],[123.4729141961729,9.797559635034027],[123.47296808719659,9.797546150372225],[123.473035352812,9.797553425315275],[123.4730864633699,9.797574143575012],[123.47308764717,9.797574623286419],[123.4731523820413,9.797617807867347],[123.47326122851469,9.797699423807904],[123.47333920524191,9.797807628310299],[123.47338138365579,9.797885588166016],[123.4734257694598,9.79793402103214],[123.4735130928243,9.797991068535918],[123.4735653351779,9.798013685005518],[123.4736286638614,9.79800343212341],[123.4736835974278,9.797986097607822],[123.4737572441953,9.797946072821812],[123.47379751070798,9.797904011392838],[123.47382859574181,9.797829151505026],[123.47384136806009,9.79776542962163],[123.47384339820299,9.797689963508834],[123.4738359229352,9.797615393308641],[123.4738257913824,9.797509689641176],[123.47380485620158,9.797397393867268],[123.47380276853768,9.797322106970311],[123.4738249059515,9.79724765649006],[123.4738649098432,9.797186169440733],[123.4739356737723,9.7971313119196],[123.474009834721,9.797094545505923],[123.47409935073338,9.797073655274042],[123.47417953028489,9.79706637575821],[123.47426670793949,9.79707501418406],[123.4743623286877,9.79709376270925],[123.47447583656658,9.797109661680933],[123.4746986422794,9.797136979207295],[123.474794593087,9.797160065021316],[123.47485057742229,9.797188003648294],[123.47491349735948,9.797223776296933],[123.47500268792528,9.797298303332873],[123.47513200491561,9.797391412656378],[123.4752006117881,9.797423957650881],[123.47525483067639,9.797431428350013],[123.4753202312595,9.797425612861064],[123.4753866035344,9.797400989919502],[123.47545343614159,9.797357081166101],[123.47553808136769,9.797294042916702],[123.4756212762442,9.797237717671473],[123.4757093366608,9.797172102001523],[123.475772121658,9.797144812680347],[123.47585604771581,9.797136911639733],[123.47594188024169,9.797161411990773],[123.4760159228956,9.79720472794943],[123.4761024421784,9.797282343601948],[123.47624951633598,9.797436780585082],[123.47639147289829,9.797614818793345],[123.4765400169786,9.797810961326611],[123.4766920768737,9.798001744195636],[123.47676207864059,9.798076722953127],[123.476837215384,9.798110406390837],[123.4769187166702,9.79813676143847],[123.4769952960252,9.798152940175683],[123.47705710086831,9.798190329531426],[123.4771108858019,9.798245068210631],[123.4771687126616,9.798346081613895],[123.4772457768929,9.798465433917302],[123.47735202208749,9.798638736456333],[123.47744576561259,9.798744359392385],[123.47755546321571,9.798844946979273],[123.4776282051409,9.79890536458524],[123.47770838175511,9.798948827802796],[123.4778041010509,9.798983228963271],[123.4779225335466,9.79900397827778],[123.4779872231691,9.79901958990858],[123.4780622066542,9.79905625918981],[123.4781311331774,9.799097906503466],[123.47820039722419,9.79915192298605],[123.4782765090173,9.799213561809221],[123.4783527950884,9.799273367156763],[123.4784405960661,9.799334044558861],[123.47853676984859,9.799409537595201],[123.47868477209849,9.799496445876114],[123.47883498685118,9.79956902380059],[123.4789759678454,9.799634366167343],[123.4790749645725,9.799670479809098],[123.47918330241488,9.799700347100606],[123.47925014009289,9.79970742738277],[123.4793251015183,9.799701395262536],[123.4793990401673,9.799688513531231],[123.47948076178311,9.799662347967395],[123.47958260134969,9.799608571849538],[123.47966680293149,9.799530843664842],[123.4797390125525,9.799453019793166],[123.479777461091,9.799410769152695],[123.4798469798319,9.799350483861854],[123.4798853528752,9.799326841561923],[123.47994367418218,9.799307904430394],[123.48000060825109,9.799301311763799],[123.4800926396014,9.79931566910978],[123.4801805666675,9.799349619298198],[123.4802659132028,9.79938105837896],[123.48031853725979,9.799391850699397],[123.4803467154048,9.799391352338109],[123.48037693879371,9.799378527066722],[123.4804248666822,9.799338107341672],[123.4804288374404,9.799334185298058],[123.4804809997825,9.799294838762224],[123.48056449690951,9.79925337335523],[123.4806108355696,9.799243406400388],[123.48065519285332,9.799243568530338],[123.4807002775326,9.799246538002805],[123.48081564912741,9.799265689594336],[123.4809433273162,9.799305006724083],[123.4810826403851,9.799339336261939],[123.4811609242393,9.799353231012352],[123.4812090251045,9.799353896075402],[123.4812428438484,9.799341540562404],[123.4812707047233,9.7993223786895],[123.4813022297485,9.799283203597335],[123.481325676923,9.799237911652838],[123.4813485896161,9.79917619681214],[123.4813708691699,9.799113426706379],[123.4814177609641,9.798970172732462],[123.4814619863073,9.798857973934506],[123.48157833424129,9.798607433135922],[123.4816483276389,9.798468602209542],[123.4817645493047,9.798252250546327],[123.48189664752289,9.797989685996031],[123.48198339726238,9.797818845790967],[123.4821208193881,9.79755505910805],[123.48219337333362,9.797440971414138],[123.4822524637881,9.797348206712945],[123.4823650472187,9.797189600181676],[123.482471917584,9.797059298724802],[123.482541531685,9.796936768527171],[123.4825681951219,9.796874101312133],[123.4826040052892,9.796782068474664],[123.4826190878862,9.796712748500871],[123.48263228389929,9.79662910818407],[123.48265332743539,9.796529762776292],[123.48267744466361,9.796448838552223],[123.48273647097349,9.79631166857498],[123.48283119100181,9.796160513344187],[123.48291883397049,9.79601815026121],[123.48301134639739,9.795845905792122],[123.4831101372384,9.795654134916905],[123.4832061591957,9.795524118505327],[123.48328444508958,9.795406139343669],[123.4833421446223,9.795300710638898],[123.4834025022349,9.795169127923206],[123.48343967530398,9.795046215488941],[123.48347021963178,9.794976409712982],[123.48352282736118,9.794908853816644],[123.4835782904448,9.794862012393754],[123.48367528992858,9.79478065467827],[123.4837837922182,9.79468456711862],[123.48391494960929,9.79454739814466],[123.48400713710869,9.794445221203402],[123.48410436931741,9.794289773248213],[123.48415505970058,9.79418024411302],[123.4842265783872,9.793969425899526],[123.4842840644005,9.79371347579415],[123.48436588686639,9.793369724076825],[123.4844317697227,9.79310322716887],[123.48447107621489,9.792875884523012],[123.484498093244,9.792666400173381],[123.4845301256828,9.792443902124457],[123.48454415070461,9.792268576485053],[123.4845531164716,9.792132729009806],[123.4845401123668,9.791991973499748],[123.4845202593469,9.791866225857817],[123.48448538908748,9.791729415805234],[123.48448191983279,9.791618191921767],[123.48451245500459,9.791515894448743],[123.4845557480915,9.791377055487597],[123.4845912652455,9.791184267107083],[123.48462493270388,9.791001427086751],[123.4846752717689,9.790753460270405],[123.4847221606333,9.790502907581754],[123.4847527841187,9.790430738713999],[123.48482258112921,9.790362118299122],[123.4848822484722,9.790329189099113],[123.48494547825048,9.790305732839682],[123.48502931030201,9.79028111720062],[123.485097637934,9.790281815858917],[123.48519235493441,9.790291834782728],[123.4852913651877,9.790328087867387],[123.4853865053163,9.790342216961703],[123.48538985554438,9.790342315113062],[123.4854719155617,9.79033678433904],[123.48555692957841,9.790320292185935],[123.4856110088814,9.79030605015213],[123.48566717265969,9.79029677442897],[123.4857313835418,9.79029595854113],[123.4857791965949,9.790308582320314],[123.485824589997,9.790336693604745],[123.48589804195021,9.790396927022114],[123.4859800803321,9.790454140572441],[123.4860579652965,9.790486783992947],[123.486126561305,9.790496881338244],[123.48619641022721,9.790488869757548],[123.48625034984039,9.790472155830436],[123.4863124302687,9.790434096417473],[123.48636908285438,9.790372588705813],[123.4864666033271,9.790255657659575],[123.4865592126828,9.790178164975602],[123.48656320505899,9.790175576836573],[123.48668836720749,9.790131994326217],[123.4868617592525,9.790107157915541],[123.4870177939743,9.790064564255607],[123.4872500378778,9.789978061196145],[123.4874181907174,9.789888236840424],[123.48760354735109,9.789818979803046],[123.48774118953351,9.789797086774751],[123.487892616238,9.789829301837637],[123.48789554315981,9.789829534453258],[123.48799141588978,9.789872812766934],[123.48806510396199,9.78991594369669],[123.4881704431823,9.789923302859513],[123.48829635178419,9.789907880619294],[123.48841912357479,9.789884734085557],[123.48853758029001,9.789869613416357],[123.4886074822515,9.789830352754274],[123.48866139901679,9.789759671533323],[123.4886768473324,9.78969506529446],[123.4886859137319,9.78962214206184],[123.4886785742481,9.789556500919659],[123.4886623901348,9.789440859842257],[123.48861866118631,9.789313237566676],[123.48857413591905,9.789164104302316],[123.48852988749405,9.789040050907026],[123.4885034547001,9.788897091129234],[123.48849916172588,9.788784404577065],[123.48852311469331,9.788689207442163],[123.48857158521639,9.788600966639327],[123.48861829363429,9.78854219656706],[123.4886918964693,9.788469213614325],[123.48878007277217,9.78842819871846],[123.48886926653441,9.78840981847505],[123.48894714500311,9.788420363196828],[123.48904212100729,9.788483243563729],[123.48912496348896,9.788545655999252],[123.4892331009038,9.788616599282626],[123.48933808093487,9.788681224258578],[123.48946101922616,9.7887302339014],[123.48954103375469,9.788746157565164],[123.48962938159727,9.788719528692464],[123.48971870050799,9.788677246408746],[123.48978361378508,9.788618342438404],[123.48985224887306,9.788537348078336],[123.48989361836307,9.788430998228106],[123.48990832291037,9.78834215736001],[123.48990960439157,9.788242419646767],[123.48989415988348,9.788129609396336],[123.48987095606107,9.788001675617304],[123.4898398156045,9.78785936184895],[123.48981365788667,9.7877608505849],[123.48976936633139,9.787673233258369],[123.48970600971077,9.78755700554455],[123.48966143271727,9.787458681986568],[123.48962709306467,9.78736627826653],[123.48959828809349,9.787284454995879],[123.48958549084439,9.787176944537771],[123.4895745640674,9.787054035099766],[123.48956885288638,9.786964372035392],[123.48954158863438,9.786905433790261],[123.4895060850805,9.786853425160693],[123.4894618018149,9.786819058303372],[123.48940858454637,9.786783401803362],[123.48935155610089,9.786746305421495],[123.48931297845458,9.786706537282914],[123.48929387040688,9.786656575984537],[123.48928234461337,9.786598501928584],[123.48926745130619,9.786503524485019],[123.4892652317531,9.786422455738192],[123.48927146066289,9.786322113032513],[123.4892993489177,9.786232740056544],[123.48935146264688,9.786165285394716],[123.489443581907,9.786116161186824],[123.4895302618009,9.786097654594917],[123.48959329292259,9.786097570285067],[123.48965336378627,9.786135190525247],[123.48972761610537,9.78618853387847],[123.48979136941388,9.786211620475342],[123.48988679273036,9.786216103484568],[123.48996609755598,9.78619794207062],[123.49004335744867,9.786166550545717],[123.49012526069868,9.786109956276327],[123.49018707176238,9.786058103858394],[123.49025742961409,9.785974109939717],[123.49029703542297,9.785887414016065],[123.49032177017232,9.785790183484925],[123.49033901193526,9.785697025696443],[123.49035081378197,9.785609809598913],[123.49039299520896,9.785500282670517],[123.49043269200887,9.785449873448254],[123.49049913857556,9.78544122619263],[123.49057839907898,9.785438653238854],[123.49065073135688,9.785468907424852],[123.49073624483127,9.785506111211701],[123.49081359199528,9.785562633241362],[123.49093835477326,9.785657516496286],[123.49103482676857,9.785735754920331],[123.49116413231167,9.785777629384869],[123.49139016244337,9.785873950104946],[123.49161634774407,9.785970816648573],[123.49175420783347,9.786033844259661],[123.49197039627218,9.78609882942739],[123.49216008903088,9.786142914122596],[123.49217274315237,9.786143683805074],[123.49228173199079,9.7861648937669],[123.49240409892226,9.786207033726194],[123.49252562922607,9.786247328885551],[123.49275666946745,9.786333233137652],[123.49293945034896,9.78637570722946],[123.49308181582688,9.78642866639975],[123.49321474446155,9.786499009571944],[123.49334117284626,9.786597155027525],[123.49343845183307,9.78664702531566],[123.49353856390687,9.786650657331846],[123.49360726061886,9.78663344409648],[123.49367122405307,9.786583204942021],[123.49368956844717,9.786512711465678],[123.49368936753469,9.78644743617831],[123.49367525946766,9.786366245827988],[123.49364483989069,9.78630853706389],[123.49360090177596,9.78623408526373],[123.49357309277028,9.786150007322668],[123.49357538612256,9.786072016815975],[123.49361280982266,9.78600829671569],[123.49361461610107,9.786005959389906],[123.49368565096488,9.785958357454287],[123.49376875773478,9.785927176180563],[123.49392462120288,9.785910248779286],[123.49410846333788,9.785883456014774],[123.49431153168045,9.785843135534792],[123.49446160846178,9.785789736394152],[123.49459414337767,9.78572261744912],[123.49473554056857,9.785656389088954],[123.49486335961308,9.785601210327396],[123.49500874286677,9.785560327370392],[123.49513381181849,9.78554790163219],[123.49527606984047,9.78555835317368],[123.49541812623507,9.785576828040622],[123.49558571564498,9.785628017433917],[123.49573296511568,9.785690710809009],[123.49588307827257,9.78576728420652],[123.49610511861728,9.785858437563729],[123.49625079000656,9.785913235518208],[123.49637667550638,9.785948609542997],[123.49652547929595,9.785956558192659],[123.49672739578307,9.78596093768835],[123.49706192604299,9.785970713838285],[123.49733892788748,9.785970660598444],[123.49755039227855,9.7859532223304],[123.49779337881307,9.785914025728559],[123.49793395116467,9.785884432343158],[123.49805756337315,9.785875648409428],[123.49819088276998,9.785888263080157],[123.49827427765688,9.785928641212454],[123.49833602498576,9.785955676606049],[123.49842192587018,9.78601411833169],[123.49853597150869,9.78607443801124],[123.49864800884687,9.786141064952995],[123.49880985297027,9.786187403922067],[123.49891907993157,9.786211127722243],[123.49901829465217,9.786199377116123],[123.49915193153437,9.786168325094653],[123.49932505037307,9.786100731985893],[123.49956009024788,9.786022145702491],[123.49976958895685,9.785947884314435],[123.49997901119107,9.785870454698676],[123.50012953373087,9.785779917839111],[123.50029510294087,9.785654740620872],[123.50046872892086,9.785482167646142],[123.50065293064009,9.78531676864266],[123.50091407115927,9.785084418190548],[123.50125024897409,9.784778209526374],[123.50145770298246,9.784635330294199],[123.50166872737807,9.784500821498039],[123.50194000168368,9.784344271179439],[123.50211942823945,9.784222945854506],[123.50218211757236,9.784146906542018],[123.50222576485696,9.784051633948204],[123.50228489131806,9.783932681508217],[123.50233611735707,9.783838558401094],[123.50238411533206,9.783759796600494],[123.50245199998797,9.783692346375384],[123.50256204869079,9.783613560020594],[123.50265135137147,9.783574028999357],[123.50279488782688,9.783542364152416],[123.50291013556377,9.783539183170433],[123.50306362535537,9.783551750635018],[123.50328922549737,9.78360269946251],[123.50346949024717,9.783658916943084],[123.50365765456806,9.783728068655147],[123.50383045170805,9.783784682759011],[123.50399884530107,9.783833333392344],[123.50413275703517,9.783837358636294],[123.50425559746537,9.78381806131925],[123.5044612846904,9.783774490267849],[123.50464610966496,9.783715318649332],[123.50475738818618,9.783651871777703],[123.50484167846957,9.78358045554818],[123.50491990608676,9.78348890433258],[123.50496382563597,9.783417223590432],[123.50500507559487,9.783305238993329],[123.50509193937248,9.783157505210749],[123.50517960485625,9.783057833133102],[123.50518470458138,9.78305747104482],[123.50531292923267,9.782950369821194],[123.50542928989256,9.782864974280296],[123.50558450307436,9.782767437322601],[123.50574508102608,9.782635794892926],[123.50587533152158,9.782503623067232],[123.50595090374357,9.782415263180535],[123.50598348324498,9.782337468198612],[123.5059888932225,9.782268942775454],[123.50597324651187,9.782151638433582],[123.50594678263177,9.782023020493137],[123.50592811282596,9.781867348647632],[123.50592286283347,9.781728470916827],[123.50593186401447,9.781576034680338],[123.50595736584248,9.781439949416212],[123.50599091357596,9.781276086118552],[123.50600598869757,9.781105456865614],[123.50599494160546,9.780922066615336],[123.50594419650159,9.78074865321715],[123.50591492926146,9.780660884542646],[123.50590143305708,9.780546945299445],[123.50592462542538,9.780415285957314],[123.50598719499976,9.780300938336685],[123.50607070964698,9.780159791851965],[123.50615105038446,9.780017162363182],[123.50619741872828,9.779896786541235],[123.50624828651456,9.779736014121893],[123.50630247004058,9.779537042604597],[123.50633779215306,9.779408736606863],[123.50636556152658,9.779330033455622],[123.50642485896157,9.779232890545398],[123.50647260181458,9.779200242653728],[123.50655394942197,9.779175028885616],[123.50667074535536,9.779150584473252],[123.50691229228568,9.779107206441624],[123.50729166767336,9.779052457267543],[123.50780007425647,9.77895756013166],[123.50849697143146,9.7787867170457],[123.50883383029216,9.778688221986714],[123.50913202728019,9.77862330002979],[123.50952852796077,9.778567873409308],[123.50991324147716,9.778498036378368],[123.51006213581405,9.778459298793882],[123.51017248133537,9.77839943888619],[123.51024133218458,9.778352102800522],[123.51033432654079,9.778256545773075],[123.51040102224857,9.778158254233684],[123.51043882033618,9.778045126514236],[123.51048468998626,9.77791802048162],[123.51053139026698,9.777791326925383],[123.51058340959388,9.777684353443423],[123.51066563720597,9.777629052070878],[123.51079929588727,9.777595565827303],[123.51096656717087,9.77755764370421],[123.51118533249796,9.777504262431039],[123.51138239469836,9.77744227233834],[123.51147501188618,9.777400854515793],[123.51158633334995,9.777324747323375],[123.51166357937616,9.777254031778531],[123.51174303851599,9.77715980309543],[123.51187590128745,9.777034155246398],[123.51201000755559,9.77690875350574],[123.51222370576917,9.776758639808047],[123.51248551846487,9.776650661596733],[123.51288835477827,9.776522347047012],[123.51308622572829,9.776456054879711],[123.51328793099496,9.776366487359594],[123.51355251483338,9.776245506381061],[123.51378383315968,9.776140993938277],[123.51399270515168,9.77603949923313],[123.51422610850507,9.775929773726727],[123.51438502548588,9.775873811146438],[123.51456101891837,9.775811705235446],[123.51484313936017,9.775725575909949],[123.51519701192117,9.77560513513736],[123.51553408759067,9.775466259431896],[123.51614079009308,9.77520977233611],[123.51655075970528,9.7750514971626],[123.51700390329937,9.774886562119605],[123.51729953067729,9.774795563713582],[123.51758385507537,9.774726885169496],[123.51782646336356,9.774640465935855],[123.51835322232186,9.774455719129445],[123.51887417004228,9.774259384415586],[123.51945147109696,9.774060806908265],[123.51985908109677,9.773919542278776],[123.52035824081847,9.773738638530366],[123.52058633381756,9.773634729219],[123.52107641026808,9.773396983945432],[123.52117810042385,9.773331766791289],[123.52125280344617,9.773259557452912],[123.52129470866127,9.773193511738954],[123.52132466598346,9.773127958557518],[123.52133883926517,9.77306709336689],[123.52135199861247,9.772982681040022],[123.52136235489355,9.77286125655512],[123.52136985555259,9.772715425129428],[123.52138163266677,9.7725891052768],[123.52140198500966,9.77249883570374],[123.52146211363838,9.772373285422534],[123.52155199518927,9.772270891583291],[123.52168894681188,9.772125437620648],[123.52187058785718,9.771927681473851],[123.52202556393318,9.77176601031432],[123.52217392290437,9.771596608077502],[123.52232961563307,9.771402495004569],[123.52238847387268,9.771306686105993],[123.52243499293239,9.771179886040155],[123.52244337331788,9.771043977367052],[123.52242915623988,9.770883203829793],[123.52240285424857,9.770715607733143],[123.52238034256546,9.770595439670277],[123.52236302522998,9.770467787777541],[123.52235804530297,9.77037948913218],[123.52237654393846,9.770290669415699],[123.52240909809758,9.770203726577753],[123.52246152608498,9.770123176107226],[123.52259732775318,9.76998641835588],[123.52279884866365,9.769808492122527],[123.52304623125728,9.769615540528605],[123.52329588023706,9.769420348673263],[123.52345331221098,9.769314746921943],[123.52363893676936,9.769206861455409],[123.52383690975758,9.769121675704707],[123.52406515492196,9.769029372964894],[123.52425473352977,9.76894603013395],[123.52445345493678,9.76884295053341],[123.52491925662457,9.768444904874299],[123.525093242044,9.768258180243588],[123.52516794201948,9.76813745716793],[123.52519777873209,9.768002178897087],[123.52521411506528,9.767856328419732],[123.52522240701806,9.767688468618685],[123.52522558950118,9.76749683197072],[123.52524149996428,9.767404531992684],[123.52527653638897,9.767336922469685],[123.52532340245327,9.767294699126149],[123.52540298132128,9.76726748310818],[123.5254776148521,9.767270856567139],[123.52554841027934,9.767308739116705],[123.52565736275946,9.767422523408069],[123.52591847421418,9.767751028895091],[123.52613086192127,9.768012104475746],[123.52618641350557,9.76806670577557],[123.52623671155266,9.768115323348292],[123.52630162660977,9.768152521987213],[123.52638002157835,9.768181604158658],[123.52645346618334,9.76818658375579],[123.52653426512364,9.768183303467081],[123.52660968583524,9.768157755769979],[123.52667409044666,9.768123076673232],[123.52673668740545,9.768068474111825],[123.52677890360144,9.76798178345889],[123.52680414475225,9.767900551448115],[123.52680693706914,9.767793159833168],[123.52677201275932,9.767593558938538],[123.52671196711015,9.767327974517494],[123.52666834618967,9.767129601736977],[123.52662249426456,9.766911633610137],[123.52657248880755,9.766665755136504],[123.52653608383774,9.766473677599466],[123.526529474614,9.76637537911713],[123.52653410777577,9.766263205770393],[123.52655945744705,9.766165511082413],[123.52660217309497,9.766085533334875],[123.52664935433737,9.7660236386392],[123.52673537901053,9.765966638747443],[123.52685048869155,9.765899059989577],[123.52694815546924,9.765844454454905],[123.52705798327445,9.765813844288717],[123.52721049505703,9.76579553133556],[123.52739305935584,9.765797263227329],[123.52755348966095,9.765800073732233],[123.52773284894286,9.765802751597997],[123.52781597682954,9.765796197115273],[123.52790471583884,9.765785867563187],[123.52796959077872,9.765762003857756],[123.52805939520205,9.76571203458039],[123.52814562333594,9.765658594572734],[123.52831981878406,9.765548654459726],[123.52860890924724,9.76536566390248],[123.52890412556195,9.765178657331665],[123.52929920501126,9.76492285857899],[123.52956014945545,9.76475671953951],[123.52983903210455,9.764582226304261],[123.52997234079864,9.76450601995372],[123.53010647165574,9.76445496817023],[123.53019823116314,9.764423248594776],[123.53032945358845,9.76439758195907],[123.53046853959606,9.764388061905764],[123.53076164467424,9.764379361648645],[123.53102195279862,9.764368040279987],[123.53127992010972,9.76435140046185],[123.53151318271534,9.764312152029706],[123.53172362155946,9.764269421607533],[123.53183766689703,9.764225498213543],[123.53201002931397,9.764153752332183],[123.53233281990825,9.764024473768714]]}},{"type":"Feature","properties":{"ID":"122691","Name":"14","Descriptio":"","brgy":"","OBJECTID":"0","NPAAAD":"","ORIG_FID":"0","Shape_Leng":"0.000000","Shape_Area":"0.000000","AGENCY":"","APPROVED_B":"","ATTESTED_B":"","PREPARED_B":"","YEAR":""},"geometry":{"type":"LineString","coordinates":[[123.53800764666394,9.832287812358452],[123.53823350370705,9.832224173658366],[123.53837021608645,9.832165660445293],[123.53846122781815,9.832132987395878],[123.53856830157285,9.832074084230625],[123.53863538473973,9.832018968223563],[123.53870300651616,9.831975422472006],[123.53880982463086,9.831933768195833],[123.53888007960875,9.831906930510268],[123.53888467752905,9.831908077661486],[123.53895133963003,9.831892866225267],[123.53903410050995,9.83188953937647],[123.53911946469424,9.831880727435834],[123.53922023650426,9.831860139963498],[123.53930670833225,9.831835525379773],[123.53938363458496,9.831801643937872],[123.53945446829144,9.831761343181519],[123.53950592092284,9.831718816804797],[123.53958327287855,9.831636707762764],[123.53962515700573,9.831588790687563],[123.53967170009426,9.831517251926345],[123.53969890747655,9.831466730975054],[123.53972751498044,9.831444209448163],[123.53979610986744,9.831397730323635],[123.53994111826404,9.831302050652097],[123.54002202594504,9.831249702090803],[123.54012638838942,9.831205603724495],[123.54018767482775,9.831168201167928],[123.54022358816984,9.831132556643412],[123.54028632833464,9.831079353784297],[123.54036295566985,9.83101538136302],[123.54057034136106,9.830839142142368],[123.54074117238474,9.830691390620329],[123.54091720417004,9.830537875317463],[123.54112245471684,9.83037590769126],[123.54130813534775,9.830251058910713],[123.54140152268924,9.830188746951896],[123.54146745906554,9.830132874867203],[123.54153847935534,9.830063643791425],[123.54161719491475,9.83000082112723],[123.54179479821084,9.829903313051837],[123.54198709857424,9.829793183048592],[123.54209910433154,9.829724352666574],[123.54218946263074,9.829666323260305],[123.54227822198052,9.829619531959333],[123.54235378768604,9.829587208371752],[123.54245854287095,9.829551098974436],[123.54252280774637,9.82952479831397],[123.54256818074374,9.829499281898121],[123.54263910451364,9.829451753907037],[123.54273115093363,9.829389436004599],[123.54283532631423,9.829310374218828],[123.54292749482255,9.829249208101734],[123.54301912330996,9.829171184975213],[123.54309123053476,9.829107956250326],[123.54321481919986,9.829017101029946],[123.54331362758144,9.828939550423254],[123.54337466629306,9.828883993886267],[123.54343713323023,9.828815957750656],[123.54351920827165,9.828724398120759],[123.54364141189424,9.828611921837215],[123.54371143211145,9.828551767934083],[123.54380112203505,9.828492734140687],[123.54389065281985,9.828456070741],[123.54397419987284,9.828406061643364],[123.54403657279865,9.828356370376339],[123.54408162494806,9.828297678549054],[123.54412671266886,9.828210685729385],[123.54416828434773,9.828108879713092],[123.54419980250215,9.828023156383308],[123.54424449126526,9.827945317808345],[123.54432124066206,9.827852859718455],[123.54438513896824,9.82778471446646],[123.54444687280565,9.827687890492827],[123.54449010342074,9.82760434320274],[123.54453643441975,9.827525172141923],[123.54458357085886,9.827461320076877],[123.54467514158416,9.827381404525868],[123.54478778760574,9.82730059711243],[123.54488919414115,9.827232059403748],[123.54497713770246,9.827174805326317],[123.54507566094264,9.827093073220777],[123.54521377424484,9.826963261636264],[123.54533623290314,9.826853139300953],[123.54546834248184,9.826740895072705],[123.54561251158184,9.826629998995404],[123.54579909519403,9.826503982353074],[123.54591261688275,9.82642593367936],[123.54604638365444,9.826337708433266],[123.54618382536225,9.826257102394244],[123.54631848044934,9.826173407861985],[123.54645909622974,9.826110972649186],[123.54654617402576,9.826067097377205],[123.54667132851694,9.82598631826297],[123.54677614675104,9.825911699424267],[123.54684789928282,9.825857506673485],[123.54687693435075,9.825817024656706],[123.54693240951364,9.825749958872947],[123.54697327441015,9.825695769957019],[123.54706465569274,9.825551959359526],[123.54713013787394,9.825435164398108],[123.54720135311365,9.825328719462151],[123.54725877651444,9.825251083120971],[123.54730609424315,9.825195383899494],[123.54734805686216,9.825155951934628],[123.54735017027043,9.825155147302189],[123.54740857525177,9.825130572902653],[123.54748825207444,9.825108981248748],[123.54761529591055,9.82509049821426],[123.54769388674674,9.825086700146093],[123.54777376525846,9.825074171578745],[123.54786436009975,9.825075515097788],[123.54805120984415,9.825115646357283],[123.54819318518445,9.825150039468083],[123.54836754101915,9.82517776271457],[123.54845316635912,9.825191056852876],[123.54850586923574,9.825193747142373],[123.54855273476714,9.825174855896751],[123.54859524281804,9.825148114951787],[123.54862770345423,9.82511078594111],[123.54865618053034,9.825074827449187],[123.54869072167644,9.825035349269921],[123.54872889302294,9.82498599983818],[123.54875169019023,9.824951129548367],[123.54875300557954,9.824913229803403],[123.54876587029474,9.824857488439102],[123.54879544414695,9.82480772107268],[123.54883114066764,9.824775726560278],[123.54888596532194,9.824742650798969],[123.54897684829307,9.824704497391956],[123.54912563454073,9.824668515075597],[123.54927063288754,9.824637654983405],[123.54940792328645,9.824616821145979],[123.54949742807054,9.824626221981811],[123.54955891224695,9.824661121121453]]}},{"type":"Feature","properties":{"ID":"122692","Name":"15","Descriptio":"","brgy":"","OBJECTID":"0","NPAAAD":"","ORIG_FID":"0","Shape_Leng":"0.000000","Shape_Area":"0.000000","AGENCY":"","APPROVED_B":"","ATTESTED_B":"","PREPARED_B":"","YEAR":""},"geometry":{"type":"LineString","coordinates":[[123.52500673962578,9.758263572724054],[123.52505546222898,9.758324464508268],[123.52511340953798,9.758385262705058],[123.52521794009677,9.758486568571914],[123.52530525775826,9.758567139052646],[123.52541015284537,9.758658937077419],[123.52549729567127,9.758724488384221],[123.52559438974,9.758806433518766],[123.52568147834587,9.758881597471392],[123.52577413376898,9.758956928716279],[123.52584203653058,9.759014355897762],[123.52589301542388,9.759063614957112],[123.52594470547517,9.759128352166291],[123.52598255690687,9.759199972033077],[123.52603977815208,9.759322159271173],[123.52608421035518,9.759403758688547],[123.52614758205095,9.759498878899757],[123.52619884935545,9.759587778376517],[123.52626895287037,9.759684501081352],[123.52632072420077,9.759744363506627],[123.52635696369717,9.759776071319475],[123.52642743218946,9.759804294165114],[123.52649549370797,9.759817812896044],[123.52655497799007,9.759822357985346],[123.52663126712106,9.759822930362436],[123.52670839937237,9.759869499389842],[123.52680008917888,9.759958348741785],[123.52685832659917,9.760073656543458],[123.52688441185094,9.760207840065226],[123.52686560645616,9.760307906826368],[123.52684628360507,9.760416885444926],[123.5268581634108,9.760496418799855],[123.52689419711636,9.76058564717747],[123.52694582990605,9.76066345671174],[123.52699865648945,9.760760990257673],[123.52704685083883,9.760866157388591],[123.52707715699331,9.760975596106677]]}},{"type":"Feature","properties":{"ID":"122693","Name":"16","Descriptio":"","brgy":"","OBJECTID":"0","NPAAAD":"","ORIG_FID":"0","Shape_Leng":"0.000000","Shape_Area":"0.000000","AGENCY":"","APPROVED_B":"","ATTESTED_B":"","PREPARED_B":"","YEAR":""},"geometry":{"type":"LineString","coordinates":[[123.52796155057219,9.76094498340769],[123.52786024093436,9.760344307727536],[123.52774237398654,9.75959817164868],[123.52769960711386,9.759329125590636],[123.52769520095123,9.759253192573711],[123.52769825450665,9.759195146840431],[123.52771049833945,9.75913170327782],[123.52772717061683,9.759064873747127]]}},{"type":"Feature","properties":{"ID":"122694","Name":"2","Descriptio":"","brgy":"","OBJECTID":"0","NPAAAD":"","ORIG_FID":"0","Shape_Leng":"0.000000","Shape_Area":"0.000000","AGENCY":"","APPROVED_B":"","ATTESTED_B":"","PREPARED_B":"","YEAR":""},"geometry":{"type":"LineString","coordinates":[[123.5305409101361,9.75459077813961],[123.53058550415275,9.754863000580478],[123.53069814490715,9.755456957364121],[123.53087550459874,9.75621413322589],[123.53100147759076,9.7568233664945],[123.53118558117414,9.757694037759665],[123.53149267163025,9.759081218674734],[123.53163614404063,9.75986177741793],[123.53178227329954,9.760738590181948],[123.53194641185334,9.762062089197666],[123.53207223942236,9.762871208739803],[123.53214649430154,9.763334873523949],[123.53220464586485,9.763640603301061],[123.53228003999966,9.76389557743872],[123.53233281990825,9.764024473768714],[123.53242948337916,9.763990110976637],[123.53250720532014,9.763973382337731],[123.53329551830785,9.764006107661205],[123.53372774457895,9.764009241498615],[123.53417969928144,9.76402239861317],[123.53476230666033,9.764042068837401],[123.53508539944154,9.764050383824568],[123.53568864943794,9.764067033061172],[123.53595514570824,9.764084715222666],[123.53597681766796,9.763702883573021],[123.53599687036265,9.76324441715259],[123.53596160558925,9.762793819434194],[123.53595431021373,9.762471113431689],[123.53597353688924,9.761794523417395],[123.53600276384824,9.761684611994365],[123.53604891011425,9.76148295939769],[123.53618360277284,9.760967017416318],[123.53624520689245,9.760765619871888],[123.53630566625243,9.760644526701766],[123.53635829466654,9.760598475029822],[123.53640933531605,9.760531516609658],[123.53646981677406,9.76034905726911],[123.53653651325534,9.760141985913636],[123.53660820626884,9.759875172031803],[123.53670150641655,9.75938425803795],[123.53686737002924,9.758699024412891],[123.53698860139257,9.75810644064305],[123.53703707631284,9.757878438891066],[123.53706854666245,9.75774867764251],[123.53706054711314,9.757634558248748],[123.53704443214664,9.757495716304453],[123.53699812201405,9.75739729700178],[123.53694868707696,9.757310625549056],[123.53684919971765,9.757211854898971],[123.53667603377544,9.757062563603467],[123.53647860384326,9.75692365341716],[123.53621305441304,9.756718452765417],[123.53599658474003,9.756578334270213],[123.53565911440184,9.756369783766376],[123.53537145653094,9.756248050046569],[123.53411861683485,9.75583083895802],[123.53304456413483,9.755457426133166]]}},{"type":"Feature","properties":{"ID":"122695","Name":"17","Descriptio":"","brgy":"","OBJECTID":"0","NPAAAD":"","ORIG_FID":"0","Shape_Leng":"0.000000","Shape_Area":"0.000000","AGENCY":"","APPROVED_B":"","ATTESTED_B":"","PREPARED_B":"","YEAR":""},"geometry":{"type":"LineString","coordinates":[[123.5195409600024,9.76870025063062],[123.51947620216026,9.768613681121252],[123.51939959294337,9.768519351774081],[123.51935041034977,9.768461247567595],[123.51930672443687,9.768392367713508],[123.51927453140547,9.76833675559513],[123.51925358907916,9.768274876385746],[123.51924701065619,9.768223838301118],[123.51925601035086,9.768174136698075],[123.51925614681245,9.768172848026717],[123.51927672864507,9.768116471369785],[123.51930867070368,9.768051574723266],[123.51937124148527,9.767950340279985],[123.51942692082098,9.767869385589092],[123.51957800502137,9.767675000138203],[123.51978614876425,9.767410605320267],[123.51992287020937,9.767223865600029],[123.52001859034627,9.76706460555677],[123.52010989947318,9.766915982065045],[123.52015666793407,9.766806795540184],[123.52022363484176,9.7666485344578],[123.52031548725778,9.76650512381492],[123.52039843266517,9.766420395181461],[123.52050198457788,9.766355510864678],[123.52062909252577,9.766324933420263],[123.52077370678829,9.766304288401757],[123.52088969096887,9.76630295150593],[123.52106042136577,9.76629977928194],[123.52120929111337,9.766291982510069],[123.52129409465937,9.766279009210923],[123.52139360308318,9.766239026072174],[123.52147689550297,9.766188567767474],[123.52155722134057,9.766122039087],[123.52162030089326,9.766050149931347],[123.52168085482977,9.765966373046373],[123.52172992618927,9.765900549228098],[123.52181773598008,9.76579016957609],[123.52191802305308,9.765733795801795],[123.52205436427957,9.76564849730441],[123.52224132631417,9.765512829408413],[123.52246605168277,9.765378204348519],[123.52261736001036,9.765267767815905],[123.52283868387649,9.765106062580047],[123.52302164545956,9.764947786755588],[123.52330110897606,9.764744331405863],[123.52349587241427,9.764624275751164],[123.52360168499078,9.764531987609539],[123.52368450539048,9.764434949721464],[123.52374022571676,9.764349295182388],[123.52378852842467,9.764261623054127],[123.52382090856577,9.764216303171361],[123.52386388964268,9.764171248248681],[123.52394505288879,9.764133396536241],[123.52401483762807,9.764129272921469],[123.52410061075457,9.764153051480418],[123.52416471548288,9.76418042838282],[123.52428152788755,9.76424917863251],[123.52438525111297,9.764330124316627],[123.52448026612588,9.764382764877636],[123.52454215211687,9.7643861482589],[123.52465691523126,9.76435870822673],[123.52475271839955,9.764331233548713],[123.52484836564626,9.764301062520186],[123.52499856531007,9.764268204235103],[123.52512701716087,9.764260516702258],[123.52524066560407,9.764281604338352],[123.52538309657807,9.764320310106488],[123.52552672293469,9.764324411039265],[123.52564807085137,9.764314309578412],[123.52579447962555,9.764278184525052],[123.52590546098895,9.764231905147822],[123.52605788017348,9.764188250452028],[123.52620977372408,9.76416678374342],[123.52636763291869,9.764153879785523],[123.52657583327296,9.764123196170573],[123.52684243319524,9.764083231106108],[123.52706482785436,9.764005203616529],[123.52723207528655,9.763967936834797],[123.52753239380505,9.763912934756458],[123.52780053503805,9.76388132231179],[123.52794227647483,9.763870247692548],[123.52803169666994,9.763865714056244],[123.52812260250693,9.76387109455532],[123.52820898592167,9.763869002345052],[123.52846356265084,9.7638605130998],[123.52889559182996,9.76385156761243],[123.52913673563664,9.763843187726282],[123.52929041466753,9.763852283819068],[123.52971326838234,9.763874772765641],[123.53014086096952,9.763880682347684],[123.53046312632334,9.763883832318758],[123.53083176702326,9.763892547618237],[123.53106144547215,9.763891708791055],[123.53127850251633,9.763897649834155],[123.53134078955195,9.763905078953616],[123.53138173764934,9.763922737532653],[123.53141284625444,9.76396188424608],[123.53143926484265,9.764027387869374],[123.53147751160554,9.764148154110734],[123.53151509548876,9.764311763634288]]}},{"type":"Feature","properties":{"ID":"122696","Name":"18","Descriptio":"","brgy":"","OBJECTID":"0","NPAAAD":"","ORIG_FID":"0","Shape_Leng":"0.000000","Shape_Area":"0.000000","AGENCY":"","APPROVED_B":"","ATTESTED_B":"","PREPARED_B":"","YEAR":""},"geometry":{"type":"LineString","coordinates":[[123.52246152608498,9.770123176107226],[123.52232981142397,9.770092174522206],[123.52218062461655,9.770081846550724],[123.52203972848577,9.770084257732979],[123.52190031320467,9.77009139153812],[123.52178181671397,9.770090225573076],[123.52170230699608,9.770081566655591],[123.52169863483405,9.770081807277153],[123.52160149034067,9.770054088783864],[123.52151233586736,9.770008486499192],[123.52140866903159,9.769937076041469],[123.52132432898267,9.769852858638139],[123.52125726580776,9.76975483488691],[123.52120803976938,9.769655754095096],[123.52117919879167,9.769562642365665],[123.52116586290026,9.769424880509138],[123.52118121562987,9.769216578469768],[123.52118324797527,9.768970904827503],[123.52118087228077,9.768780645695799],[123.52116770907038,9.768601742482003],[123.52115176716808,9.768542615247924],[123.52109134795246,9.768461037673228],[123.52099005941477,9.768379381754343],[123.52091751631136,9.76833175245761],[123.52079769383695,9.768348996084486],[123.52062575724257,9.768402780495997],[123.52044619289866,9.768470313542439],[123.52035109424418,9.768504927128292],[123.52025430963695,9.7685636130186],[123.52010009219266,9.768654788238042],[123.51998354422217,9.768697828049334],[123.51991738052918,9.768718556242037],[123.51943510356266,9.768695102677333],[123.51929038880189,9.768699006104754],[123.51920428689698,9.76872163586412],[123.51912065059418,9.768763051327262],[123.51902685652166,9.768817240143356],[123.51894713956057,9.768866642099036],[123.51883291735827,9.768925767921692],[123.51868100415167,9.768989521679634],[123.51849404348897,9.769064913808085],[123.51832250721377,9.769114789572683],[123.51819824565497,9.769155999762416],[123.51808107717018,9.769193101741728],[123.51798610518237,9.769207294973969],[123.51787274258596,9.769210967695424],[123.51774259510138,9.769185095938735],[123.51764051471419,9.76916153552376],[123.51748932248957,9.769133964385512],[123.51740014321467,9.769109322576806],[123.51739714989337,9.76910870960601],[123.51730849016528,9.769101292189918],[123.51723001644007,9.76912619416344],[123.51716957428549,9.76916713060944],[123.51712144526887,9.769232885002229],[123.51709441598086,9.769314165679285],[123.51706879311786,9.769392975582868],[123.51702952086046,9.76947293882231],[123.51697288538357,9.769528587694749],[123.51691350810896,9.76958193701328],[123.51684401419489,9.769616783191463],[123.51675827696415,9.769651284878694],[123.51666683694756,9.769667308459384],[123.51660409169237,9.769680071418632]]}},{"type":"Feature","properties":{"ID":"122697","Name":"19","Descriptio":"","brgy":"","OBJECTID":"0","NPAAAD":"","ORIG_FID":"0","Shape_Leng":"0.000000","Shape_Area":"0.000000","AGENCY":"","APPROVED_B":"","ATTESTED_B":"","PREPARED_B":"","YEAR":""},"geometry":{"type":"LineString","coordinates":[[123.5307567144263,9.7643795079956],[123.53078264774312,9.764502358508079],[123.53084098670034,9.76469417764162],[123.53089156002315,9.764856750867304],[123.53092970557707,9.764979661611168],[123.53097621686436,9.765097156370524],[123.53101790450023,9.765179593099937],[123.53105915982113,9.765254783894164],[123.53111667361745,9.765342160108087],[123.53117117284994,9.76541251273804],[123.53123298348484,9.765497330814819],[123.53127095356615,9.765560325151176],[123.53130868538965,9.765656710752678],[123.53133910343024,9.76577458763778],[123.53136111791213,9.76589800132917],[123.53136787019265,9.765980095766748],[123.53136617876282,9.766066788731282],[123.53136108804856,9.766158594401315],[123.53136689852656,9.766244677679014],[123.53137825241964,9.766357432982566],[123.53140043872473,9.766482918311352],[123.53144227799125,9.766789490236254],[123.53148533846654,9.767096603331868],[123.53151356506284,9.767313263204631],[123.53153336549305,9.767497366306376],[123.53156433094175,9.767700232280657],[123.53161113681725,9.76771859054576],[123.53165643650026,9.767728886750039],[123.53173609849104,9.767727309528619],[123.53184313568835,9.767724102438406],[123.53213471724897,9.7677037319194],[123.53228185493955,9.767700305460034],[123.53263117903013,9.767699527493614],[123.53294597190595,9.767694902097274],[123.53317267371544,9.767693216513782],[123.53342511814222,9.767684475092679]]}},{"type":"Feature","properties":{"ID":"122698","Name":"20","Descriptio":"","brgy":"","OBJECTID":"0","NPAAAD":"","ORIG_FID":"0","Shape_Leng":"0.000000","Shape_Area":"0.000000","AGENCY":"","APPROVED_B":"","ATTESTED_B":"","PREPARED_B":"","YEAR":""},"geometry":{"type":"LineString","coordinates":[[123.53094977197803,9.772451023746555],[123.53071251271993,9.77233429255062],[123.53064943426324,9.772256057561634],[123.53058229060414,9.772153160554828],[123.53052611942515,9.772061195902829],[123.53047593213986,9.771989744693643],[123.53042130104154,9.771908337821662],[123.53038890693965,9.771825939347137],[123.53037044003744,9.771742226571906],[123.53046289626333,9.771646389435055],[123.53053150728945,9.771569531018388],[123.53056472212916,9.771492707159984],[123.53060614069574,9.771395728349336],[123.53063737529214,9.771308628341481],[123.53067213775986,9.771231534067564],[123.53072607277915,9.771134887153895],[123.53075014484385,9.771077051007428],[123.53077651000774,9.77098703471073],[123.53079626875476,9.77088199768094],[123.53081368226016,9.770802299106174],[123.53083554323764,9.770699632907814],[123.53086466046804,9.770629846874554],[123.53092670234524,9.77050611728746],[123.53096166309966,9.770434168332798],[123.53100036069883,9.770371180463908],[123.53101328706094,9.77031277525969],[123.53100526604804,9.770249052804939],[123.53097882853196,9.770188546952122],[123.53093945799814,9.770117483442041],[123.53092894558736,9.77005340330178],[123.53091676741325,9.769942981012147],[123.53090280149645,9.769821277413964],[123.53090158650464,9.769738589173567],[123.53090740011284,9.769614203840357],[123.53095366491394,9.769479129879688],[123.53098857486756,9.769359598484888],[123.53104392524554,9.769178827734248],[123.53108839969825,9.7690181117736],[123.53113693350734,9.768857267710434],[123.53118487404154,9.768719515369801],[123.53123519733126,9.768563417609665],[123.53125858528553,9.768446553381144],[123.53129615542674,9.768286450380026],[123.53133303879784,9.76817731938216],[123.53139117496865,9.768037322452738],[123.53144476086314,9.767913514393896],[123.53149034577615,9.767809379022626],[123.53153635876784,9.76773735667713],[123.53156433094175,9.767700232280657]]}},{"type":"Feature","properties":{"ID":"122699","Name":"21","Descriptio":"","brgy":"","OBJECTID":"0","NPAAAD":"","ORIG_FID":"0","Shape_Leng":"0.000000","Shape_Area":"0.000000","AGENCY":"","APPROVED_B":"","ATTESTED_B":"","PREPARED_B":"","YEAR":""},"geometry":{"type":"LineString","coordinates":[[123.4699729939387,9.766923884516984],[123.4700452180027,9.767002440030005],[123.47011853036788,9.767094598561032],[123.4701894259328,9.767192432092418],[123.47019232126848,9.767198595347505],[123.4702427904016,9.767290138477808],[123.47028848434451,9.767397074809992],[123.4703344262669,9.76752214815089],[123.4703899264338,9.767696532944234],[123.47042338763208,9.767844668195012],[123.47042359770309,9.76796878628751],[123.4703969757943,9.768127122879763],[123.4704130048114,9.768281632488906],[123.4704365292327,9.76841246176306],[123.47047096386741,9.768508594987384],[123.47052761475929,9.768600119618265],[123.4706086763,9.768701561851316],[123.4706833187939,9.76874162415991],[123.4707469969822,9.768737691013204],[123.47083337299648,9.768717989372917],[123.47093038029449,9.768699654346717],[123.4709991636468,9.76869634074782],[123.4710408406585,9.768705042618631],[123.47107465065129,9.768734555713186],[123.47109039198689,9.76878438798161],[123.4710736002467,9.768828839929771],[123.4709761155313,9.768909132396189],[123.47091088656988,9.768962702778444],[123.4708362726256,9.769049926526668],[123.4707167266845,9.769186355187072],[123.4706482053849,9.769287104657998],[123.4705466702015,9.769475979564913],[123.47042849442381,9.769689134136927],[123.47038525649609,9.769821511783606],[123.4703402944243,9.76990836221714],[123.4702793983928,9.76996632369359],[123.46999909179088,9.7701748516644],[123.4699291056335,9.770259619022717],[123.4698822015816,9.770379092625225],[123.4698512755358,9.770478141376124],[123.4698089453562,9.770554668138411],[123.46971990399159,9.770646910046516],[123.469625224113,9.770765020692114],[123.4695513632563,9.770887727426345],[123.4694453099907,9.771007460557996],[123.46933979391488,9.77111096295666],[123.46927054853799,9.771197120174538],[123.469221311886,9.77130898497222],[123.46917689907241,9.771483583071662],[123.46914710126379,9.771615139119177],[123.46907997996838,9.771738817916546],[123.46899264539078,9.771862569698676],[123.46888190835449,9.772000184325485],[123.4687699883454,9.772092440091312],[123.4686589859537,9.772193879376779],[123.4685518540353,9.772331750815095],[123.468492125003,9.77249199973869],[123.46846678422239,9.772630805851886],[123.46845994041661,9.772702801747416],[123.4684500360662,9.772776218942049],[123.4684437482742,9.772814578951703],[123.46839897535239,9.77284076705866],[123.46833562393451,9.772846688019051],[123.4682336872788,9.772801680919068],[123.46812223020089,9.772743408038526],[123.4679835657713,9.772732111880513],[123.4676424625664,9.772761391398873],[123.46746400042419,9.772782212782124],[123.46721917137559,9.772828963555312],[123.46707210788709,9.772869170343283],[123.46700516505399,9.772927776098276],[123.46695182168901,9.773084334793584],[123.4669109769761,9.773178520987553],[123.4668667248759,9.773248957894314],[123.4668217374195,9.773338772410696],[123.46679826213179,9.77343845396093],[123.4667842408078,9.773501200364215],[123.46673027706291,9.773567916535349],[123.46665580868338,9.773608762748875],[123.466587552872,9.773621801503685],[123.46649396514418,9.773618426312161],[123.4664029734807,9.77360479085154],[123.4663121419091,9.77355803681293],[123.4660774209879,9.773434376233556],[123.46592423312362,9.773345738182831],[123.46575574326361,9.773202872508742],[123.4655939301677,9.772992789612333],[123.4653992086218,9.772792257335333],[123.46524863726928,9.77270638592108],[123.46507619801591,9.772659122731206],[123.4648829959809,9.772731896567146],[123.4646292790804,9.772919602176865],[123.4645186363462,9.7729346440025],[123.4643209275522,9.77284729409655],[123.46401141913191,9.772719341706022],[123.46371822832688,9.772681043374345],[123.46362007300048,9.772706205402283],[123.4635344243735,9.77276184793531],[123.4634772420385,9.772876079091715],[123.46342752927708,9.773006901595645],[123.46335194572549,9.773104160779281],[123.4632310171941,9.773176561255204],[123.46312737815501,9.773198444952897],[123.46299748700889,9.773216080539848],[123.46286908636161,9.773181315773536],[123.4626071947071,9.773053088947275],[123.4623436155363,9.772908267868058],[123.46218133489289,9.772795975563938],[123.462016951125,9.772692638505081],[123.46193487888259,9.772605417267679],[123.46190629186529,9.772504392619672],[123.4619040002017,9.772363584838697],[123.4618769683388,9.772270224775506],[123.4618066191796,9.77215679827602],[123.46175209822088,9.772074267395256],[123.4617618876795,9.771959051067507],[123.46179915505348,9.771863686333562],[123.4618479962543,9.77175446905262],[123.46185752016238,9.771672093197425],[123.4618178733942,9.771616928255586],[123.4616985076933,9.77157545548203],[123.4615223282543,9.771561287317295],[123.46134078584429,9.771553420675838],[123.461152709696,9.771524355733114],[123.46096286962471,9.771518788530948],[123.4608090936235,9.77152922986845],[123.46066742243669,9.771514464505902],[123.46052849778398,9.771469010210863],[123.4604163997354,9.771406315550959],[123.4603127413766,9.771311267073237],[123.460230426141,9.77123810898571],[123.4601685780035,9.771169206518126],[123.46013321606858,9.771080776330162],[123.46007953641352,9.771013289158486],[123.45999669663671,9.770952128484993],[123.4599307397097,9.770900894298999],[123.45985542882919,9.770814746700983],[123.45979121018219,9.770752321009283],[123.4597190014875,9.770686870257963],[123.45949407790968,9.770560850981825],[123.45944379427951,9.7705080960773],[123.4594005075549,9.770431666087866],[123.4593631247354,9.770349331937394],[123.45933961346029,9.770239783802614],[123.4593204870441,9.77014797227357],[123.459284204038,9.770078945775978],[123.45923982560309,9.770022049691297],[123.45915107654281,9.769996032817435],[123.45898148981229,9.769961739233667],[123.4588521676608,9.769961980078044],[123.45875116425441,9.769997868302127],[123.4586632438543,9.770056725534904],[123.45858307243441,9.770084301824479],[123.4584865829933,9.770094449105008],[123.45839534393419,9.770088613731009],[123.4582856238105,9.77002893514949],[123.4581435559383,9.769972906264696],[123.45805787324839,9.769946349092242],[123.4579559618215,9.769940436526003],[123.45784447223609,9.769920427540344],[123.4576891676185,9.769854996977935],[123.457547227627,9.769791736117796],[123.4574432167321,9.769724601488482],[123.4573616985958,9.76965099353955],[123.45728880811531,9.769545264754015],[123.4572486425134,9.76950871049509],[123.4571789443426,9.769478338058958],[123.45708492907929,9.76947588991934],[123.4565914906265,9.769411603185992],[123.45629762161289,9.769312261618026],[123.4561145312256,9.769170437690416],[123.4558708055876,9.768825187472283],[123.45565418873291,9.768693193780365],[123.4554475830278,9.768700212928273],[123.4552564727024,9.768768689831344],[123.45484705423203,9.768739207603218],[123.4545751220186,9.768669387349219],[123.45446272302954,9.768621063913956],[123.4543904439856,9.768526677102104],[123.45438013842391,9.768417828619247],[123.45438445351803,9.768325184269743],[123.45437375479322,9.76822535301789],[123.45435065713751,9.768183546486213],[123.45427620551372,9.768147284019792],[123.45416367949791,9.768171024926762],[123.45407228414692,9.768199522420426],[123.45396416353103,9.768235523970548],[123.45385398329843,9.768248151549004],[123.45369455637683,9.76825345116051],[123.45363983947863,9.768253302243474],[123.45355121555943,9.76829728646293],[123.45345595074693,9.768356998433568],[123.45336051798583,9.768455891051666],[123.45326437306002,9.768591132961607],[123.45313710297572,9.768794130751736],[123.45311817635401,9.768858246418679],[123.45312456182002,9.768953560615119],[123.45312971681383,9.769025873620297],[123.45311446940713,9.769127395320428],[123.45310434761912,9.769223731594053],[123.45311555271753,9.769326789032982],[123.45310794313322,9.769407921823817],[123.45309491781234,9.769463583822045],[123.45304522076111,9.769537721218079],[123.45291382266542,9.769611392294616],[123.45282103039092,9.769728929429226],[123.45272625209162,9.769834726896885],[123.45266452907622,9.76988802861984],[123.45256100205681,9.769952257866448],[123.45253720233283,9.769873993049956],[123.45251708707052,9.76978069494123],[123.45249852875453,9.769703371430554],[123.45246965174381,9.769649050944595],[123.45242671558262,9.769590512881104],[123.45235581791992,9.769523602440481],[123.45228925752083,9.769447842776142],[123.45224764712323,9.769378146047446],[123.45220158023582,9.769277705240835],[123.45215757860993,9.76918589157903],[123.45210064531652,9.769104623443383],[123.45201789344881,9.76901041462281],[123.45195230665414,9.768933356600096],[123.45190018265491,9.768867593712052],[123.45187017987472,9.768772254710711],[123.45185832392741,9.768671877169973],[123.45185571769161,9.768520148383073],[123.45187309450704,9.768381391635783],[123.45199227425502,9.7682626769595],[123.45207948720721,9.76817356173748],[123.45216097868853,9.768090177366904],[123.45225912019752,9.768032189634575],[123.45233803207931,9.768008477308287],[123.45237861292242,9.76797783043334],[123.45240041814732,9.767925137529767],[123.45239620091164,9.767866217323762],[123.45238264130772,9.767781985760335],[123.45234734841551,9.767665672594463],[123.45232552725801,9.767587451511],[123.45230062933722,9.767485990266989],[123.45225028929794,9.767395585508558],[123.45219172657433,9.767305123893111],[123.45213017249434,9.767214232300494],[123.45205179584784,9.767101514117124],[123.45198340632074,9.767029332842297],[123.45188709760502,9.766939481050152],[123.45179792466482,9.76687281047269],[123.45172306586412,9.766808365653276],[123.45166884213484,9.76673099610558],[123.45163860755171,9.76663036223669],[123.45162924303693,9.766532584371763],[123.45163076630321,9.76642255839883],[123.45168002776121,9.76634709277819],[123.45176637712922,9.766270054391354],[123.45186000717231,9.766183519395451],[123.45191457082521,9.766120580405486],[123.45194404134742,9.766054442997195],[123.45195175222402,9.765965137221198],[123.45191515549124,9.765861228098622],[123.45185477169822,9.765781569952674],[123.45178390872204,9.765684464581957],[123.45169088337522,9.76553750675375],[123.45154826426673,9.76529572279954],[123.45151495429123,9.765050089517757],[123.45150452006924,9.764839074746481],[123.45147934988071,9.764606669532613],[123.45149074219172,9.764466431652036],[123.45151327879542,9.764332589446644],[123.45157041527632,9.764225846992037],[123.45164497716682,9.764138644118175],[123.45173310456013,9.764071993008418],[123.45182829873333,9.764020508736795],[123.45191569437381,9.76398901405146],[123.45196059956933,9.763946318321386],[123.45200821865431,9.763885847854484],[123.45204302531721,9.763795075484506],[123.45206206845283,9.763695401973722],[123.45208013885191,9.763594591712744],[123.45214089412173,9.763476792560839],[123.45218617902192,9.763374120418376],[123.45221587137932,9.763279307754098],[123.45223836484193,9.763154487987793],[123.45224709310082,9.763037637121597],[123.45227697669863,9.762930173828712],[123.45229254548163,9.762849092444945],[123.45229617697922,9.762761664719944],[123.45227791654642,9.762681114348547],[123.45225214161952,9.762610464236355],[123.45219328770283,9.762512800476454],[123.45214153083872,9.76245361531291],[123.45206902657551,9.762403406670305],[123.45200528205501,9.762369870102921],[123.45194205357342,9.762353150882003],[123.45188209441923,9.762317554312926],[123.45182828248232,9.762253001286588],[123.45178122332904,9.762157156020214],[123.45171294645792,9.762052001383529],[123.45163090099352,9.761948432243662],[123.45152212495691,9.761808759361337],[123.45144067733543,9.761670683841741],[123.45137471115802,9.761523208859693],[123.45135161655281,9.7614190990476],[123.45133748861721,9.76131593007422],[123.45130654283072,9.761208036578253],[123.45122235603162,9.76103705947528],[123.45113643037922,9.760890977450128],[123.45104149864322,9.76072756853596],[123.45096739494262,9.7606248000609],[123.45087723065231,9.76053550322585],[123.45076571925443,9.76046881542848],[123.45065795836703,9.760427967698442],[123.45058921070282,9.760390556628726],[123.45055197947423,9.760343179994495],[123.45054583299533,9.760273055964216],[123.45053553310603,9.760174865197653],[123.45052925452393,9.76007557478165],[123.45051977224934,9.759981293878553],[123.45049317581503,9.759917978644708],[123.45044641170793,9.759876607078537],[123.45037046726031,9.759831480038113],[123.45031021545033,9.759792085575622],[123.45024358506922,9.759712403931834],[123.45020893397484,9.759646075967783],[123.45015008346351,9.759545429519536],[123.45005509226911,9.759439622455245],[123.44998106121892,9.759367806527198],[123.44994506912242,9.759311462213514],[123.44990969038672,9.759255777970132],[123.44987224761383,9.759205848957635],[123.44983164016291,9.759169005855803],[123.44978100493984,9.759133433040711],[123.44970128900512,9.759088433734009],[123.44959826514093,9.759031424784652],[123.44952046044291,9.7589612811684],[123.44944222598401,9.75890020948708],[123.44936974586311,9.758833440684171],[123.44930025915053,9.758769832099587],[123.44926152337753,9.758723584784935],[123.44922137056193,9.75864824289758],[123.44917493489453,9.758503169189376],[123.44913435857931,9.75839113833857],[123.44909981928303,9.758229495031873],[123.44904424563873,9.758000513316574],[123.44901631942543,9.757785449266834],[123.44899795879432,9.757697671277443],[123.44896329359771,9.75753841449647],[123.44894204796051,9.757443341144327],[123.44891409380664,9.757347938379905],[123.44888044726673,9.757288866563298],[123.44880482370782,9.757203920541654],[123.44874589475332,9.757131179910079],[123.44869220108953,9.757018717231999],[123.44862189296421,9.756887075224396],[123.44857721740003,9.756798501842525],[123.44850402281712,9.756682310749754],[123.44840017285743,9.756543998576914],[123.44823116739371,9.756368633972997],[123.44806419880152,9.75621409527864],[123.44785622612403,9.75599490803485],[123.44773893488173,9.755869836210431],[123.44761517417152,9.755767551845038],[123.44749768399083,9.755690601130208],[123.44737695973312,9.755609690031896],[123.44731123402232,9.755580658046636],[123.44721221789904,9.755562063842323],[123.44710709885221,9.755542317445315],[123.44697385088563,9.755538512308064],[123.44690862515112,9.75552241681383],[123.44683377731383,9.755470250466539],[123.44675108860034,9.755426433896494],[123.44666198134392,9.755419150893218],[123.44659385128622,9.755443463422425],[123.44650634175613,9.75547310463473],[123.44637755672811,9.7554865777037],[123.44626664916711,9.755471950758817],[123.44612566888371,9.755440540484855],[123.44599114158072,9.755413874444505],[123.44590758877783,9.755398047906382],[123.44583903360433,9.755374114966227],[123.44571946650733,9.7552858812825],[123.44558116824223,9.755180962138235],[123.44543399547973,9.755053287307065],[123.44526637532861,9.75492096020833],[123.44514994148903,9.754827732085477],[123.44504615366714,9.7547400186287],[123.44496367601282,9.754667241533761],[123.44487599223832,9.754620954728743],[123.44477227632373,9.754561831672314],[123.44472083361151,9.754516480812347],[123.44466790654013,9.754422485969751],[123.44464382154011,9.754278768259336],[123.44463211993192,9.754159061133528],[123.44463099238654,9.75415588021805],[123.44459796372361,9.754047365889823],[123.44455785028093,9.753970034085672],[123.44447897527142,9.753906660298705],[123.44440782480451,9.753844008296772],[123.44433642854344,9.753729889612814],[123.44426414582652,9.753598717985781],[123.44419447439813,9.753438113524082],[123.44416520314313,9.753282272095325],[123.44414038070433,9.753063166090294],[123.44411437231531,9.752814313493394],[123.44408490103773,9.7526329220473],[123.44409023817013,9.752494639489427],[123.44404746851191,9.752369802918446],[123.44399105573682,9.752255731314465],[123.44389135786092,9.752130141481619],[123.44381614858753,9.752063805555991],[123.44373668196573,9.752001106814081],[123.44358436606002,9.751943648358804],[123.44351285442731,9.751911698051577],[123.44341619671721,9.751876408546226],[123.44329907189882,9.751795189956416],[123.44318775609364,9.751708018114703],[123.44309019217022,9.751612154168056],[123.44301932258851,9.751522717357876],[123.44301711485413,9.751521690707579],[123.44297370317851,9.75147719464837],[123.44289495377723,9.751421640198291],[123.44279224301603,9.75138196940157],[123.44267941672852,9.751402999234967],[123.44257479488283,9.75145276459698],[123.44251757295923,9.751494068808388],[123.44248185106711,9.751563793742962],[123.44246302397441,9.751654219234515],[123.44246417453121,9.751657419218969],[123.44246861060563,9.751715447404347],[123.44246176970532,9.751785890462768],[123.44241863637171,9.751882040683137],[123.44238982188152,9.751942487873517],[123.44239101080233,9.75199022740772],[123.44241818975021,9.752039370860455],[123.44242708336041,9.752048693507062],[123.44245457430091,9.752108541164601],[123.44248183900312,9.752202447488065],[123.44247479730882,9.752306089050123],[123.44243282942503,9.752478066034534],[123.44239732315194,9.75257795609168],[123.44234833856282,9.75265455253304],[123.44228307624492,9.752690374102722],[123.44219621491973,9.75270336594728],[123.44210073660773,9.752707011331006],[123.44200479386191,9.752712774262228],[123.44194024560403,9.752709314593732],[123.44186650872604,9.752748217380173],[123.44175742875753,9.752840217049147],[123.44167013073782,9.7529030309525],[123.44155426884483,9.753002504620497],[123.44147901406943,9.753070920070988],[123.44135270375271,9.753165778925336],[123.44122200595604,9.753221956387119],[123.44111279358722,9.753258103662597],[123.44100999496112,9.753289909481826],[123.44090640128412,9.753352474337357],[123.44080602437441,9.753381382219262],[123.44067580120613,9.753371332668731],[123.44057772510132,9.75335823744399],[123.44057215133863,9.75335572965859],[123.44049800599151,9.753348125198308],[123.44041590036171,9.75334917785568],[123.44041181270892,9.753350901901824],[123.44033674148771,9.753357852175487],[123.44024028458641,9.753347522629884],[123.44015089072333,9.753347393811604],[123.44006496914713,9.753349817116897],[123.44006130076902,9.753347264617897],[123.43997121507421,9.753327952713551],[123.43986673361212,9.753247579681737],[123.43977640096114,9.753154622124233],[123.43969944668362,9.753072040090046],[123.43962971707622,9.753045979329293],[123.43948144090781,9.753024601497435],[123.43933519674773,9.753031080976251],[123.43926016253383,9.753040994043804],[123.43913147450704,9.753122947873287],[123.43901247803342,9.753223140803652],[123.43890754648541,9.7533272698091],[123.43880582792082,9.753418311648234],[123.43872067402003,9.753496914373917],[123.43865435531842,9.753574783199662],[123.43860756550183,9.753661418305873],[123.43858023953601,9.753724912625524],[123.43853255285063,9.753795292533484],[123.43847025375543,9.753846283499456],[123.43836548589492,9.753905697211277],[123.43827926795814,9.753944332966494],[123.43814891947353,9.754017977170568],[123.43804167104581,9.754075733050307],[123.43790642604911,9.75413101104618],[123.43779392202933,9.754158599255428],[123.43766148710182,9.754207824628855],[123.43752745870441,9.754274996220223],[123.43738094670172,9.7543379636524],[123.43727388824402,9.754373215887227],[123.43711009013052,9.754365540774888],[123.43687848809301,9.75431868758992],[123.43665833040912,9.754295201368938],[123.43643047475581,9.75427741744002],[123.43621250736001,9.754244692880864],[123.43613057885733,9.754241051632615],[123.43606418574741,9.754257452516056],[123.43603782941801,9.754299707143415],[123.43599046407512,9.754405282580038],[123.43598048382292,9.754569468057982],[123.43595444640152,9.754693173835632],[123.43592457988392,9.754749681951893],[123.43585180114563,9.754787325693759],[123.43571321442562,9.754861795725022],[123.43563805457532,9.75494857330733],[123.43560806502992,9.755006252549187],[123.43556105112641,9.75503171554107],[123.43542285224733,9.755007238796097],[123.43524736932721,9.754951347833286],[123.43508032061553,9.75491551351866],[123.43504684084893,9.754904425634889],[123.43500868476471,9.754889193124574],[123.43495513765912,9.754891267696651],[123.43495256798872,9.75489208980325],[123.43492260342062,9.75490440500717],[123.43489725913933,9.754934327874277],[123.43487875930653,9.754963404116033],[123.43482932258571,9.754988666575539],[123.43474020252843,9.755010407973453],[123.43473633816502,9.755011645766574],[123.43466245408904,9.755019188771398],[123.43455993981543,9.755006632066216],[123.43449451840522,9.75501966347165],[123.43440839079753,9.75502226633094],[123.43433245417462,9.755000764948214],[123.43425956262901,9.754980515810358],[123.43419118768361,9.754949584737423],[123.43407483706862,9.754949147103941],[123.43395386110211,9.754953294600183],[123.43385816490641,9.754956883206308],[123.43378416738443,9.754957026854433],[123.43374709377292,9.754938261330143],[123.43369106789362,9.75487230236131],[123.43362559872013,9.754765057751616],[123.43359969970324,9.754659759740516],[123.43358210126154,9.754546181030301],[123.43356873268252,9.754399875752078],[123.43357217818883,9.754299428252882],[123.43358952492451,9.75425347653117],[123.43359426107943,9.754192693315717],[123.43357556498192,9.754130090512433],[123.43353631910061,9.754056939399007],[123.43348776837003,9.754001805030395],[123.43340659221701,9.75397801488414],[123.43331082409193,9.753951863966583],[123.43325506215832,9.75391132401266],[123.43318137744002,9.75380952518798],[123.43313020520552,9.753728929165996],[123.43308614014063,9.753665445702273],[123.43304561528453,9.753625443794498],[123.43304272533022,9.753622591300761],[123.43301698627931,9.753607937962931],[123.43297849403642,9.75359929521324],[123.43292076532921,9.753597049959934],[123.43284542823463,9.75360612778273],[123.43276983995132,9.753606119372416],[123.43273010308502,9.753600847510857],[123.43269503850163,9.753585275960642],[123.43265532413633,9.753558189246993],[123.43262268788601,9.753541717944605],[123.43261959510242,9.753540957947022],[123.43256790058692,9.75353793631848],[123.43253296779731,9.753540591492394],[123.43248499836722,9.753555916683437],[123.43245728258862,9.753592267954009],[123.43241236937733,9.753658381005565],[123.43236438228622,9.753704977394728],[123.43233810114224,9.753731369774327],[123.43228511263612,9.753754450072783],[123.43224782999773,9.753766621610492],[123.43216323523492,9.753776716803062],[123.43207570712151,9.753790856582235],[123.43196615868341,9.753797414397727],[123.43189822815913,9.753796644477982],[123.43189438116512,9.753796876021672],[123.43183867624533,9.75377906166248],[123.43179104392652,9.753747362482004],[123.43174636912211,9.753693973829215],[123.43171436186714,9.75365380067303],[123.43167922474542,9.753587785273798],[123.43165302505292,9.753491237905557],[123.43162065196043,9.753387296858271],[123.43158933861343,9.753327089521115],[123.43152244730334,9.75325622769173],[123.43152055119833,9.75325544372969],[123.43151561456702,9.753250314253886],[123.43149348756322,9.753220065727277],[123.43147123155514,9.753185529169578],[123.43142899680363,9.753148265539854],[123.43137263671072,9.753126572413594],[123.43132778336022,9.753130646408898],[123.43127950405781,9.753152685663693],[123.43101092446153,9.753319324753994],[123.43069373822934,9.75347224640018],[123.43069179463812,9.753503993961084],[123.43070072459173,9.75354544796552],[123.43071878374224,9.753591048714988],[123.43074285634881,9.75364198595006],[123.43077998636261,9.75369155082584],[123.43081075872283,9.753731544409153],[123.43083048070082,9.753760229138857],[123.43084216951782,9.753795394303634],[123.43084018420612,9.753837718863931],[123.43082540395832,9.753882425828985],[123.43079877800363,9.753916188866839],[123.43074774900903,9.753966504275262],[123.43068866705102,9.754020959710466],[123.43064657980992,9.754065374954784],[123.43062523380803,9.754110506941013],[123.43061119531761,9.75417100170742],[123.43060975127243,9.754247703453318],[123.43061287675151,9.754326624827165],[123.43063562436252,9.754442165867369],[123.43065621352481,9.754523764346299],[123.43066575170961,9.754600268727993],[123.43066197350552,9.75469150148418],[123.43064333820543,9.754822025910856],[123.43062023001933,9.754952830820937],[123.43058659325841,9.755106565345468],[123.43055963009053,9.755184370130237],[123.43052621556622,9.75524022777946],[123.43047329825411,9.755302770037902],[123.43039446162042,9.755402865088065],[123.43032671580202,9.755491019486021],[123.43028205791032,9.755548056203331],[123.43025599096671,9.755594947815519],[123.43024822340442,9.75565268942503],[123.43025752218492,9.755694308946024],[123.43029646785062,9.755789128445162],[123.43034135570751,9.755874508085823],[123.43038737251861,9.755957968950497],[123.43039538936212,9.756007365984571],[123.43039600113931,9.756085652215152],[123.43040387400342,9.756162414094424],[123.43042822130393,9.75624455957066],[123.43047372060572,9.756353141250981],[123.43051990532972,9.756476338634428],[123.43057592077201,9.756592469831045],[123.43062804044233,9.756662155746847],[123.43070754515924,9.756742629829706],[123.43077944262834,9.756802457668691],[123.43084434794483,9.756835051031912],[123.43090345559551,9.756863404690815],[123.43094204100824,9.756894961714409],[123.43096822198032,9.756925209659542],[123.43099718678621,9.756987016695591],[123.43102068646941,9.757045490113622],[123.43105056135741,9.757141088497049],[123.43108353485042,9.757215484326753],[123.43111441239861,9.757269632296111],[123.43114462553633,9.757312934226807],[123.43116184511604,9.757341690727332],[123.43117470215753,9.7573710158551],[123.43117476605063,9.757371778019449],[123.43117604677252,9.75740487586443],[123.43116874882752,9.757434592980008],[123.43115239443433,9.757457013870189],[123.43112430298251,9.757479521314508],[123.43108753244842,9.757496134615526],[123.43102487999774,9.757502315134207],[123.43095514257404,9.757489354972854],[123.43088099960431,9.757478888610713],[123.43083013819333,9.757474099820612],[123.43078300988623,9.757484250316029],[123.43073039734541,9.757505225858296],[123.43068257533072,9.757537014415995],[123.43063336787712,9.757578152914878],[123.43058220358371,9.75762794769564],[123.43053397644273,9.757685129035911],[123.43050397370942,9.757731741199876],[123.43046984156751,9.757765200595692],[123.43043591528792,9.757784802463974],[123.43038607128132,9.757796744648898],[123.43031949204392,9.757798334357902],[123.43023994132082,9.757789111972873],[123.43014595611142,9.757784621229764],[123.43006458383773,9.757790200634618],[123.42999685076072,9.757805151509743],[123.42999593226853,9.757805204955261],[123.42992478231191,9.757844628452123],[123.42985919569023,9.757899847269227],[123.42974676003901,9.757988332740638],[123.42964051001292,9.758054197778646],[123.42952649152843,9.758115886108808],[123.42937773752752,9.758180889258103],[123.42925503547093,9.75822568004263],[123.42918606688602,9.758241866270696],[123.42913856264441,9.758253626921194],[123.42910768429623,9.758271880321917],[123.42908764519822,9.758291864457894],[123.42907549691931,9.75832347661299],[123.42907229538733,9.758366927877361],[123.42908224661572,9.758419181986223],[123.42909831110782,9.758482498835166],[123.42912563794373,9.758553971757873],[123.42914914792783,9.758609109921855],[123.42915710628493,9.758652615127671],[123.42915910545614,9.758686044731204],[123.42915024718272,9.758719440711232],[123.42912944991834,9.758750914110118],[123.42909421760241,9.758766604903164],[123.42903461815261,9.758775228219692],[123.42894648335563,9.758785270889865],[123.42880970114324,9.758793752653451],[123.42870813574082,9.758796395093432],[123.42862933187293,9.758785930358785],[123.42857200256174,9.758775838528502],[123.42851571836691,9.758780035117057],[123.42846171417722,9.758793312419844],[123.42838231316102,9.758844883720252],[123.42832637433702,9.758888337241185],[123.42827538062232,9.758915697447366],[123.42827121201312,9.758918628605835],[123.42821264262851,9.758945731313434],[123.42817843489581,9.758988191605987],[123.42816684263782,9.759023374424709],[123.42817521260943,9.759065422387344],[123.42819954066222,9.759101218689405],[123.42826425756454,9.759141981569282],[123.42837398596713,9.759216509227075],[123.42848869884472,9.759312815496298],[123.42857969316123,9.759398026070809],[123.42866162864422,9.759480804035006],[123.42871507318071,9.759554985195386],[123.42873913450663,9.759625043050482],[123.42875145655712,9.759717489343359],[123.42877470466972,9.759801251988744],[123.42880307098821,9.759874477573657],[123.42884906926541,9.759958881664414],[123.42888098885221,9.760019396320441],[123.42890031144091,9.760061994967899],[123.42891411818573,9.760131317547698],[123.42891047568732,9.760203081708188],[123.42891249557442,9.760278347886993],[123.42892624857221,9.760341505751224],[123.42894942989761,9.760408438993654],[123.42898234084531,9.76047193182278],[123.42899882380752,9.760535850911362],[123.42899937098231,9.760588809212319],[123.42899363037311,9.760670111866574],[123.42897410242442,9.760771143933624],[123.42894920790683,9.760868628840749],[123.42892801160721,9.760959411643878],[123.42892781454852,9.761023610415394],[123.42895197462224,9.76110928869038],[123.42899224947031,9.761233130727573],[123.42902807782393,9.76137996774358],[123.42904771136902,9.761528011304051],[123.42909400438343,9.761701755410188],[123.42911218888393,9.761794913688998],[123.42911987384024,9.76187470126697],[123.42912063576583,9.761947393518144],[123.42912782341682,9.761987725189858],[123.42914577367974,9.76203185306097],[123.42920038683951,9.76210745833154],[123.42929453547242,9.762210226113764],[123.42937624587012,9.762311917099668],[123.42945974244752,9.762408435028346],[123.42953776294452,9.762524990894162],[123.42963657695503,9.762644376578418],[123.42978113619301,9.762772889743646],[123.42992024337933,9.762885191844303],[123.42999362337612,9.762997444541535],[123.43005783658494,9.763151358342082],[123.43012761735854,9.763265044352261],[123.43021420782132,9.763329147380215],[123.43033040225863,9.763415344369243],[123.43048008041691,9.76352662842449],[123.43061155833291,9.76358407429344],[123.43068817460492,9.763669738830831],[123.43069287608974,9.763748985805066],[123.43068708186722,9.763864704554647],[123.43067560787861,9.763957161864507],[123.43069278906994,9.764032972096743],[123.43076124070943,9.764161479114554],[123.43080697579482,9.764304718360146],[123.43079341133031,9.764392070641025],[123.43077262824693,9.764541092405475],[123.43075610451783,9.76468909446705],[123.43074819689554,9.764791161156268],[123.43076394042991,9.764891151686165],[123.43080867201482,9.764932480602106],[123.43092803057812,9.76492421192361],[123.43109074386003,9.764912940263294],[123.43128691743851,9.764946869558955],[123.43152129094672,9.7650178228752],[123.43171625808061,9.765099525258915],[123.43191465357171,9.765270579960395],[123.43205423095331,9.765439748004288],[123.43212770360691,9.765587630038446],[123.43219080981241,9.76586986657682],[123.43220347540272,9.76621801756068]]}},{"type":"Feature","properties":{"ID":"122700","Name":"22","Descriptio":"","brgy":"","OBJECTID":"0","NPAAAD":"","ORIG_FID":"0","Shape_Leng":"0.000000","Shape_Area":"0.000000","AGENCY":"","APPROVED_B":"","ATTESTED_B":"","PREPARED_B":"","YEAR":""},"geometry":{"type":"LineString","coordinates":[[123.45191562389707,9.7639890394491],[123.45244429161312,9.764097101133494],[123.45286375720903,9.764183117971264],[123.45302973356213,9.764186510703786],[123.45341858885251,9.764259809475588],[123.45365636119942,9.764262083169038],[123.45382006752352,9.764196269827938],[123.45390951217713,9.764092576242751],[123.45397939592063,9.763927955196221],[123.45404432050302,9.763832013685333],[123.45415964008863,9.763713305107261],[123.45421019271662,9.763574154762695],[123.45424734975072,9.76340433240534],[123.45423633703062,9.763266020153381],[123.45424556029681,9.763146484062556],[123.45427886670102,9.763063898299087],[123.45432037461234,9.763003948472033],[123.45438706300001,9.76292991369853],[123.45451417227252,9.762858359785076],[123.45461477794393,9.762795327081113],[123.45469878493032,9.762725763565685],[123.45474900039834,9.762669853780125],[123.4547677173962,9.762602943669181],[123.45477361757703,9.7625216584886],[123.45477163598741,9.762517024175],[123.45479237857163,9.762451478456937],[123.45484330200412,9.762387457721529],[123.4549301690276,9.762314643771722],[123.45498301651,9.762244999144103],[123.45500449297582,9.762116198933583],[123.45502879351032,9.761827218681592],[123.45503554726933,9.761699826701037],[123.45501577023632,9.761606393471515],[123.45497841398873,9.761540960611741],[123.45495944648052,9.761496350708669],[123.45496228742368,9.761425467517302],[123.45497683390549,9.761359018128617],[123.45501966731152,9.761278649550112],[123.45506720062852,9.761191763918239],[123.4551277086075,9.761119906327602],[123.45519283770513,9.761077339867272],[123.45530405086393,9.76106213169295],[123.45543108241031,9.761023021261991],[123.4556069302589,9.761033131215134],[123.4558638066972,9.761069649631867],[123.45604943307069,9.761109463516236],[123.45624928814539,9.761124295751694],[123.4563363994561,9.761141191046114],[123.4565317620895,9.761223489639736],[123.4567635771697,9.761294366380918],[123.45716764185782,9.761335482304546],[123.4572962987839,9.761313816332082],[123.45737770235999,9.761287811258768],[123.4575300220725,9.761335095613363],[123.4577048778629,9.761451326266686],[123.458082882146,9.761475369682879],[123.45851518477889,9.761530180564181],[123.4590397862693,9.761748041967765]]}},{"type":"Feature","properties":{"ID":"122701","Name":"23","Descriptio":"","brgy":"","OBJECTID":"0","NPAAAD":"","ORIG_FID":"0","Shape_Leng":"0.000000","Shape_Area":"0.000000","AGENCY":"","APPROVED_B":"","ATTESTED_B":"","PREPARED_B":"","YEAR":""},"geometry":{"type":"LineString","coordinates":[[123.45187309450704,9.768381391635783],[123.45179504755822,9.768264564496985],[123.45144923274853,9.767692886773084],[123.45117845563713,9.767246824137791],[123.45104969114782,9.766878998779115],[123.45104556349762,9.766719025612241],[123.45107263070521,9.766504610137162],[123.45107443304072,9.766396590696939],[123.45105308138263,9.766343005465346],[123.45101422939142,9.766309494278842],[123.45097769172041,9.766294220425248],[123.45089501945922,9.766302854924946],[123.45080341975492,9.766311815421163],[123.45073511403272,9.766299328445736],[123.45060829129552,9.766313304989875],[123.45048014488212,9.766335502187754],[123.45020582037913,9.766271332055995],[123.45012741302433,9.766278225359835],[123.45007275666133,9.766307682624872],[123.45003595550712,9.766462152343472],[123.44995858095503,9.766506866039347],[123.44983242368322,9.766443841576356],[123.44957965279582,9.766323231902046],[123.44934954304323,9.76617596789913],[123.44916891479193,9.765906981195222],[123.44904530441111,9.765833093155674],[123.44887326267863,9.765893273817584],[123.44867350656142,9.766102508647759],[123.44884756090113,9.766341869506547],[123.44907143621592,9.766701472328448],[123.44905025744653,9.766803564932035],[123.44901010578722,9.766935468528324],[123.44885547214663,9.767164775669647],[123.44886387286373,9.76771325909745],[123.44940546876212,9.768204828532],[123.44976880807813,9.768697145891844],[123.44981916528131,9.769157162252412]]}},{"type":"Feature","properties":{"ID":"122702","Name":"24","Descriptio":"","brgy":"","OBJECTID":"0","NPAAAD":"","ORIG_FID":"0","Shape_Leng":"0.000000","Shape_Area":"0.000000","AGENCY":"","APPROVED_B":"","ATTESTED_B":"","PREPARED_B":"","YEAR":""},"geometry":{"type":"LineString","coordinates":[[123.46665580868338,9.773608762748875],[123.46667823943818,9.773656135607842],[123.4666684715146,9.773710816998095],[123.46664422878929,9.773774477839929],[123.4665946710161,9.773829177013873],[123.46657871614511,9.773871019763824],[123.46658134726708,9.77392375129796],[123.46660823527151,9.773966655345452],[123.4666641725067,9.774036894278753],[123.4667346048864,9.77412533431354],[123.46678420775471,9.774204491293112],[123.4668181481199,9.774292990065625],[123.4668218790398,9.774440432219029],[123.46681877605279,9.774579077978222],[123.46680797877819,9.774680917805833],[123.46678920605041,9.774748116518653],[123.4667611649547,9.774790563195804],[123.46673699205658,9.774834291280417],[123.46673037914131,9.774886669664443],[123.46674844940691,9.77491676343025],[123.46678455416391,9.77494320431248],[123.46682847293839,9.774942987548792],[123.4668731962933,9.774923879227678],[123.46692600612589,9.77491192479294],[123.4669805316408,9.77490245803262],[123.4670416205797,9.774910321505875],[123.4671146337072,9.774933277910282],[123.4671438576364,9.774976400064403],[123.4671429663408,9.775036391289339],[123.46710173718898,9.775100430586244],[123.4670366676273,9.775192027160006],[123.46696122623581,9.775272458595694],[123.466890813106,9.775340521529],[123.46681890673509,9.775402668457675],[123.4667798492528,9.775467480711523],[123.4667654691362,9.775534265457848],[123.4667678587309,9.775539252479529],[123.46677827072891,9.775610478328367],[123.466823508885,9.775721152315898],[123.46684077176289,9.775834557408226],[123.46688253978388,9.775921335408022],[123.46694440203738,9.77600122822834],[123.46704193063348,9.776094549112896],[123.4670727237183,9.776179765210157],[123.46709098454158,9.776243014433767],[123.4671174112744,9.776341419074333],[123.4671573354428,9.776442421410053],[123.4672163788395,9.776517157895617],[123.46721752648901,9.776519622296723],[123.4672336776416,9.776570524183104],[123.4672427182184,9.77666610425516],[123.4672413125633,9.776669712912025],[123.467242200216,9.776748635877729],[123.4673012461343,9.776829003814182],[123.46735862720789,9.776897350313398],[123.46741833495619,9.776950144398313],[123.46748461085069,9.776976483155014],[123.4675772610305,9.777000150001937],[123.4676671078401,9.777018726789205],[123.46772865130932,9.77700411361254],[123.467803547312,9.777004743615752],[123.46780607698349,9.777003633703282],[123.46787813733168,9.777018344907574],[123.4679380286041,9.777046949436551],[123.46801099746298,9.777104749085058],[123.4680866625508,9.77718541487071],[123.468156904743,9.777245479401184],[123.46816042603879,9.777246771800916],[123.4682222342424,9.77727345243884],[123.4683276569032,9.777286315336879],[123.4684426948595,9.777285358480169],[123.46853680760451,9.777291190028727],[123.46862270415649,9.777310037247332],[123.46873400546,9.777348264276155],[123.4688360307211,9.777398235278918],[123.46889786556729,9.777444197916527],[123.46894358165869,9.777519538687699],[123.4689918668742,9.777641827150646],[123.4690319339714,9.777752705437948],[123.46905698261818,9.777865279006672],[123.4690613753783,9.777960372490005],[123.46904020576478,9.778117763023877],[123.4690388877775,9.778120951142203],[123.4690321009169,9.778269189975395],[123.46904029842091,9.77838669456802],[123.46906866478162,9.778494947223514],[123.4691384562238,9.778599365355218],[123.4692151193727,9.778678626845155],[123.4692855666216,9.778719893600798],[123.4693506235047,9.778730483288633],[123.4694358772836,9.778718301687586],[123.46953518852789,9.77870557431023],[123.4696536080072,9.778711082122898],[123.46980817209409,9.778729540434721],[123.46990782795669,9.778727679929016],[123.4699842438668,9.778702182102661],[123.47009365096808,9.778624184945413],[123.4701752376436,9.77857230292507],[123.4702366130454,9.778537807114795],[123.4702406366198,9.77853737694013],[123.4703732017048,9.77852878729642],[123.4705169223414,9.778510953174523],[123.4706801143761,9.778483683279239],[123.47084928200009,9.778444918646134],[123.4710302986302,9.778431807583846],[123.47114232432759,9.77842501359153],[123.4712279975199,9.778415968947161],[123.4713287097067,9.778417553461223],[123.4713887882378,9.77843379510097],[123.47139041306029,9.778434384130733],[123.471406664328,9.778440276039767],[123.4714655435225,9.778481939346568],[123.47150777421,9.778528483940866],[123.4715364841009,9.77858996471445],[123.4715564736295,9.77867013616539],[123.4715475982222,9.778768658679699],[123.4715381881677,9.778917389004631],[123.4715434622543,9.779026173001608],[123.47157420345619,9.779127961100357],[123.4716417930104,9.779243335510477],[123.4717236980388,9.779365656695171],[123.4718195054126,9.779470807618694],[123.4718221603577,9.779473571196865],[123.4719371599042,9.779597979338893],[123.47200773999269,9.779697219881903],[123.47204468055709,9.779812115412032],[123.4720467401247,9.779816492378032],[123.4720705043277,9.779906425946244],[123.47210605169349,9.779996070753244],[123.4721190688505,9.780100306259978],[123.47211781990649,9.780103429958977],[123.4721262045611,9.780215544799885],[123.4721274606788,9.780221416100778],[123.47217459831542,9.780300256467838],[123.4722722918871,9.780372501324448],[123.4722755644687,9.780373691067338],[123.47228147275949,9.780377690591893],[123.47230150769458,9.780388684536758],[123.4724166000673,9.780426830871633],[123.47255858959939,9.780442733808089],[123.4727028324026,9.780459597050358],[123.4728222785287,9.780505145521522],[123.4728874586946,9.78057010458082],[123.47296050438679,9.78067358864803],[123.47301519668969,9.780761032006044],[123.47307730217929,9.780824814557741],[123.4731783703527,9.78087249891672],[123.4732823923143,9.780891259330419],[123.4734299362478,9.780906832983224],[123.47365225495028,9.780886074721439],[123.4738308455149,9.780858692758644],[123.4740086323318,9.780831256928026],[123.4742233654589,9.780794629359576],[123.4745380698115,9.78077818914336],[123.47480729649439,9.780788365598287],[123.47497997666508,9.780796088229817],[123.47516794873052,9.780766486605636],[123.4753042181938,9.780745524812309],[123.4754644824658,9.780753528011553],[123.4755757426846,9.780751407387458],[123.47565807823759,9.780727698855916],[123.47571640255251,9.78066087410768],[123.47579422548539,9.780596363578528],[123.4758854455541,9.780543760200686],[123.47598091972421,9.780459638306413],[123.4760950598756,9.780368616090525],[123.4761828250156,9.780309665153997],[123.4762518227856,9.780303733783038],[123.47630553248989,9.780326932033967],[123.4763575712095,9.780367244701468],[123.4764013576377,9.780428788999844],[123.47643602106838,9.780477923013027],[123.4764655327526,9.780533860815112],[123.4764990113811,9.780567020455115],[123.4765028413946,9.780568460217266],[123.4765436357213,9.780561206878188],[123.4765851370519,9.780510767949233],[123.47665512925231,9.780379990507026],[123.4767062657355,9.780264541701037],[123.4767383409274,9.780145659508467],[123.4767490179969,9.78004455213311],[123.4767329282439,9.779942436623095],[123.4767050539434,9.779903173078736],[123.4766997304791,9.779898884398586],[123.476650834531,9.779814901856993],[123.4766333392932,9.779774124797356],[123.4766322045403,9.779739096939313],[123.4766656322252,9.779718760828048],[123.47670946134879,9.779718380517561],[123.47676936651091,9.779723804297241],[123.476776841558,9.779721807392782],[123.4768567716723,9.7797319317331],[123.4769433791976,9.77973941637725],[123.4770407898772,9.77978922987924],[123.47715305507799,9.779854236465487],[123.4772611069402,9.77992044261461],[123.4773355034682,9.779989724925004],[123.4773879657552,9.780026670222195],[123.47743536779498,9.780032074373947],[123.4774739118312,9.780013944848701],[123.4775069238722,9.779953324616729],[123.47750665488378,9.779903410308354],[123.4774854882079,9.779830955819335],[123.47744112383259,9.779774599821232],[123.47738758407009,9.779699504571168],[123.4773750287181,9.779648496655268],[123.4773925011909,9.779603500429927],[123.47744868332069,9.779573878519008],[123.4775280937082,9.779560432216906],[123.47766038677999,9.779492886898968],[123.4777339682975,9.779461741645232],[123.47784229004668,9.779399633429229],[123.47785263980448,9.779398475789],[123.47796895637649,9.779336275792247],[123.4780728626343,9.779313514159423],[123.4781794541094,9.779338325270693],[123.4782973263376,9.779416212193002],[123.4783892734415,9.77945578033431],[123.478502774704,9.779478859066964],[123.47857022440948,9.779449973642562],[123.478660353192,9.779404915211453],[123.4787126805598,9.77938100256667],[123.4788048257794,9.779383527046528],[123.478884065573,9.779392177403826],[123.4789862451218,9.779434633971396],[123.4790837159242,9.779495008002414],[123.4791639003052,9.7795260071785],[123.4791687898449,9.77952789747159],[123.47924704725129,9.779515060019605],[123.47942011758299,9.779455204915495],[123.4794226182078,9.779456141898399],[123.47958918753999,9.779393421149718],[123.47959609989569,9.77939030645216],[123.4797152747927,9.779340591086054],[123.4798372525722,9.779300005745881],[123.4800874556892,9.779230980336715]]}},{"type":"Feature","properties":{"ID":"122703","Name":"25","Descriptio":"","brgy":"","OBJECTID":"0","NPAAAD":"","ORIG_FID":"0","Shape_Leng":"0.000000","Shape_Area":"0.000000","AGENCY":"","APPROVED_B":"","ATTESTED_B":"","PREPARED_B":"","YEAR":""},"geometry":{"type":"LineString","coordinates":[[123.4647980806856,9.807669951693923],[123.46437984113899,9.80717728571794],[123.4642835443492,9.807015810896928],[123.46421217502429,9.806850767390902],[123.4641768255503,9.806650476582737],[123.46413631167991,9.806560915116302],[123.4640838498342,9.806492179087565],[123.46401432074799,9.80647097450728],[123.4639232913732,9.806479892273792],[123.4637554349784,9.806471047496796],[123.4636851835741,9.806447767260137],[123.46360768480591,9.80640201568054],[123.4635005671656,9.806292368440458],[123.46336410149628,9.806124406335629],[123.4632589336278,9.806054591339958],[123.4630774707193,9.806005559041388],[123.46295457651999,9.805941270317241],[123.4628871320122,9.805865248434719],[123.46281987806029,9.805730289056438],[123.4627566021184,9.805562787596326],[123.46269955994069,9.805459289077293],[123.4626047434273,9.805378539661088],[123.4625005530268,9.805296061391898],[123.462441172243,9.805201095092645],[123.46242138137498,9.805103125770353],[123.46238109685729,9.804890471925798],[123.46231803997259,9.804688536924012],[123.46225409822918,9.804560405881755],[123.46211930732049,9.804433147240225],[123.46201644335808,9.804367750613528],[123.4618518321581,9.804300205055373],[123.4616757554092,9.804271576012816],[123.4613771162074,9.80420572422617],[123.4609096699279,9.804047280625655],[123.4608017469929,9.803993974655121],[123.4607484057921,9.803942098049827],[123.46071050334508,9.803875357416414],[123.46062256294229,9.803594911180866],[123.4606212254114,9.803448418696433],[123.46064490065798,9.80318271187356],[123.46063679153039,9.803020957992105],[123.4606165645538,9.80296405123529],[123.4605951915978,9.802930503313545],[123.4605420173305,9.802854276075065],[123.460398311568,9.802665268462269],[123.4602821491374,9.802483924893004],[123.46021464967738,9.802341532903307],[123.4601855143447,9.802176843247636],[123.4601430134703,9.80207622800304],[123.4599983458853,9.801922596885003],[123.4598932020764,9.80180742842296],[123.4598091722471,9.801709240301651],[123.45977364168569,9.80164288332849],[123.4597290936333,9.80152556759428],[123.45965767846688,9.801309254856033],[123.45958154709558,9.801170830207457],[123.45948691184098,9.801017342935877],[123.4594651532062,9.800965633711353],[123.45946231899889,9.800905435346676],[123.45947026544489,9.800812465156486],[123.4594700976888,9.800710559943777],[123.45947290615452,9.80059347286646],[123.45947368652558,9.800477010740833],[123.45950795253002,9.80036623968831],[123.4595708461093,9.800274247555482],[123.4597205343143,9.80013931649367],[123.4598205201463,9.800034581400322],[123.4598788343511,9.799944494618169],[123.45991055700391,9.799857058824779],[123.45998812081498,9.799696590917122],[123.4600961987659,9.79948927105756],[123.4601987610759,9.799292340790233],[123.4602370384192,9.799163952048639],[123.4602644959224,9.799085005496615],[123.4602917665894,9.79904581234898],[123.4603308884425,9.799025187336923],[123.4604105065308,9.798981564110099],[123.46049138434088,9.798939655398735],[123.46053242540079,9.79888957347864],[123.4605371112432,9.798823867353429],[123.4605051049827,9.798744745940263],[123.4604763226728,9.798699725429806],[123.46041982430279,9.798620652606187],[123.4603508332684,9.79850806386511],[123.46025268097648,9.798381342908073],[123.46016186110649,9.798306334347831],[123.4601247942851,9.798255851010211],[123.46012392808821,9.798207555120579],[123.4601359081872,9.798164272653006],[123.46016520401581,9.798135256402043],[123.46019330206771,9.798123337234125],[123.46028706185379,9.798102157979706],[123.4603799321045,9.798081737016492],[123.4604534536657,9.79805631306516],[123.46048541927989,9.798001027844071],[123.4604873664042,9.797926347587198],[123.46047037713089,9.797834259438947],[123.46044759248178,9.79775226357283],[123.46044633854322,9.797694857230574],[123.4604691275332,9.797615389801523],[123.46050113921629,9.7975429641621],[123.4605788449226,9.797451016250038],[123.4606010859543,9.797393374987967],[123.4605897021412,9.797335198075439],[123.46053924327418,9.797283616222687],[123.4604835793371,9.79727260216962],[123.4604154527036,9.797270030265391],[123.46028206371771,9.797270329603485],[123.4601912592905,9.797253918972055],[123.46002259093099,9.797178282950966],[123.4598756533201,9.79709462562737],[123.4597205985017,9.796983234338041],[123.4595523989874,9.796866712337637],[123.4595210881056,9.796824345374805],[123.4595125365573,9.796768318369834],[123.4595314823134,9.796722439992077],[123.45958975955871,9.796668791497455],[123.459688192267,9.796621412747106],[123.4598317458315,9.796537441519835],[123.4600148849465,9.796401052488715],[123.4601367438239,9.796270638930956],[123.4602641876741,9.796093476112977],[123.4603613829682,9.795970171755494],[123.4604030781375,9.7958490126442],[123.4604101695128,9.79570929469941],[123.4603876516332,9.795527370770268],[123.4604207544282,9.7954064747809],[123.46043443463941,9.795304230212256],[123.4604398815858,9.795208356811413],[123.46042807919498,9.795129455122943],[123.4603576437788,9.795015152938108],[123.46025441486648,9.79491620884855],[123.4601827485473,9.794847666256164],[123.46015092325598,9.794769569532432],[123.4601480450619,9.794691082732568],[123.4601648310958,9.794583946514265],[123.46015350806809,9.794458332563877],[123.46012455357568,9.794301454483307],[123.4600762302384,9.794183328750417],[123.4600126731944,9.794082695794483],[123.4599152082319,9.79397983638653],[123.4597993521719,9.793886769973803],[123.45971299804741,9.793775518373682],[123.45966157211531,9.793661201943111],[123.4596370656162,9.79352890310959],[123.459642422687,9.793442795529597],[123.4596793913309,9.793389641544211],[123.4597461436784,9.793373662707669],[123.45981108820018,9.793381573880547],[123.45990115470158,9.793405449693669],[123.46000129867768,9.793405981609943],[123.46012545674049,9.793376123378044],[123.4602599797033,9.793293032132139],[123.4603654798723,9.793181271362156],[123.4604024015524,9.79308675894079],[123.46042627438351,9.792971063981634],[123.46040986748369,9.792852703241724],[123.4603191144064,9.792685144881066],[123.46023833590378,9.792582309959508],[123.46017209153769,9.792501922247396],[123.46014064717161,9.792424560234597],[123.4602202028926,9.792300759751337],[123.4602815735565,9.792240250327481],[123.4603963303755,9.792097908430224],[123.46047318497162,9.791969732659828],[123.46050435237208,9.791816082144415],[123.4604914083352,9.791660452741281],[123.4604397414651,9.791472998045679],[123.46035571203228,9.791296586054656],[123.46027806856681,9.791087024947002],[123.46027843200778,9.790938711404008],[123.4602791378278,9.790781940363992],[123.46025739197329,9.790610020509037],[123.4602060526473,9.790466374273768],[123.46009279836959,9.790308363277111],[123.45996780477078,9.790186699286258],[123.4597810456121,9.789922922682738],[123.4595526031172,9.789493724045828],[123.4594451033162,9.789245762443338],[123.4593517563207,9.78904616907495],[123.4591656273849,9.788881694346472],[123.4590474288921,9.788732165060093],[123.4589350437299,9.788542891807397],[123.45880965279099,9.788261252265551],[123.4586895799036,9.787945657021519],[123.4586329293138,9.787770598548102],[123.45856611398371,9.787642485238157],[123.45847874960708,9.78754784942577],[123.4583495358231,9.787501325983506],[123.4582102027711,9.78748714153652],[123.45798393825629,9.787479497474225],[123.4578344449331,9.787455057080077],[123.45767663162388,9.787380086950229],[123.45755488515191,9.787292850125045],[123.4574411750766,9.7871683177204],[123.4572719321943,9.786971452897621],[123.45705278523809,9.786724854663756],[123.45684859911358,9.78649027370074],[123.4566504926185,9.786283347868546],[123.4564691851043,9.786157681482765],[123.456302808973,9.786044164062496],[123.4562254230879,9.785949494680722],[123.4561886693072,9.785884352548166],[123.45619893862128,9.785810419331092],[123.4562550897468,9.78576980592669],[123.4563469386073,9.78568390513007],[123.4564396244688,9.78552287148456],[123.4564940968705,9.785328545851314],[123.4564880027907,9.785201195352931],[123.4564184042244,9.785016898867525],[123.4563613115581,9.78489017965688],[123.4562890370464,9.784775950628793],[123.45620156493149,9.784715949113329],[123.4561392147532,9.784675081029873],[123.456053483705,9.784617758460527],[123.4560219601793,9.784564970164736],[123.4560062934556,9.7845180794018],[123.4560019992955,9.784432996879616],[123.4560211674205,9.784338862975488],[123.45603066466428,9.784231078310208],[123.4560218152668,9.784084880188711],[123.45602853059322,9.783999171203394],[123.45606490129799,9.783866602258676],[123.456103765438,9.783769410985233],[123.45615600338118,9.783663698256612],[123.456262792774,9.783475831127635],[123.45630232222669,9.783356032623592],[123.4563166362935,9.783276375097595],[123.4563069915538,9.783089298888317],[123.4563014139835,9.782964970491605],[123.456258822752,9.78284637019037],[123.45620499443208,9.78272334408442],[123.45616647143218,9.782583604453897],[123.45616044455889,9.78243977347856],[123.456172060857,9.782336818141479],[123.4562107954469,9.782248912842904],[123.45625029136261,9.782152771797586],[123.45629974891952,9.782063952977754],[123.45634063799679,9.781951887143878],[123.4563320502774,9.781856516945833],[123.4562690649033,9.78178051400812],[123.45618779841399,9.781744602922466],[123.4561088350628,9.781693682469966],[123.45604647676488,9.78162040673364],[123.4559860742473,9.781512969740312],[123.45597738873589,9.781427302880719],[123.4559807388133,9.781314807950535],[123.45593735767538,9.781233040285946],[123.45586245582768,9.781184312524566],[123.45577762695771,9.781104598687092],[123.45571294740469,9.781006233921618],[123.45567222760249,9.780911406707805],[123.4556496585629,9.780792924755957],[123.45563351293791,9.780598850283964],[123.45559961842278,9.780429761927826],[123.4555526468709,9.78029237076996],[123.4554865691415,9.780158419865868],[123.45544865950139,9.780035534481831],[123.4554190491894,9.779871921116946],[123.4553541517279,9.779767793849144],[123.4552590915608,9.779587301473063],[123.4552044916422,9.779436135032013],[123.4551859281202,9.7792956600796],[123.4551954290145,9.779170031671194],[123.45514842298849,9.779053561663613],[123.4550836435641,9.778943822233725],[123.45499582751869,9.778853613862257],[123.4548675702177,9.778764344000514],[123.45475045235631,9.778678007330596],[123.45456485425092,9.778515169298732],[123.45445466594511,9.778409253668015],[123.45429938730399,9.778138238534668],[123.45414591801094,9.777949906961247],[123.45395312847121,9.777636400586704],[123.45383725129362,9.77739469727734],[123.45378696945883,9.777257451528783],[123.45373698949142,9.777006409501544],[123.45363515504471,9.776770756023398],[123.45355328516644,9.776625758887258],[123.45344440663051,9.776467967718892],[123.45342726267361,9.776370207810759],[123.45343547566851,9.776146843636388],[123.45341045568901,9.775949440341623],[123.45335834572042,9.77577323856211],[123.45330628239792,9.775657872963881],[123.45317881681171,9.775499275190487],[123.45305831903133,9.775386346839596],[123.45291956727452,9.775316335318077],[123.45284441411721,9.775244355257438],[123.45282877352501,9.775157274467889],[123.45285556831922,9.774974566012126],[123.45288399950631,9.774820285522125],[123.45290494691763,9.774661092579407],[123.45289047270181,9.774527834127031],[123.45283596256232,9.774407223133421],[123.45275495175443,9.77427778811763],[123.45265033964291,9.774123332870118],[123.45256595398442,9.774025173165215],[123.45248610474822,9.773942858084823],[123.45239003636861,9.773897220034693],[123.45229106765981,9.773867070235497],[123.45218360305941,9.773849226275214],[123.45210213387273,9.773832464363636],[123.45200833187783,9.773811366374499],[123.45193485702373,9.773783983972873],[123.45190038332143,9.773738692293728],[123.45188770598583,9.773685035917435],[123.45189998490432,9.77363424786471],[123.45192302010503,9.773574318613441],[123.45196588061121,9.773488930893306],[123.45203106489741,9.773320385981851],[123.45205080667942,9.773199022568214],[123.45204300681313,9.773108023050412],[123.45202605577701,9.773048676972849],[123.45199993059042,9.77300620676447],[123.45197930853041,9.772946021648469],[123.45197654135143,9.772888552781048],[123.45199508709904,9.772833830433791],[123.45204358988283,9.772755063998845],[123.45222105377383,9.772587554188938],[123.45239158560192,9.77242398831401],[123.45246133652321,9.77231984960853],[123.45249200074451,9.772219772311907],[123.45249245103521,9.772095507133418],[123.45246672535004,9.77190456568234],[123.45242151861441,9.771687597502885],[123.45238449899742,9.77160329913006],[123.45232986404643,9.771521300986427],[123.45229177842661,9.77145391874504],[123.45227447915381,9.771369680470302],[123.45226928387893,9.771277717899247],[123.45228320040061,9.771182662271315],[123.45233904191383,9.771081649984351],[123.45239787363633,9.770991695111228],[123.45245143162911,9.770905551096105],[123.45247910202842,9.770830754878094],[123.45249365870222,9.770752772055829],[123.45249867816982,9.770624863183043],[123.45249347223803,9.770472024856799],[123.45250800678532,9.770295224712298],[123.45252115980682,9.77017128293229],[123.45253866882153,9.770048623642838],[123.45256100205681,9.769952257866448]]}},{"type":"Feature","properties":{"ID":"122704","Name":"26","Descriptio":"","brgy":"","OBJECTID":"0","NPAAAD":"","ORIG_FID":"0","Shape_Leng":"0.000000","Shape_Area":"0.000000","AGENCY":"","APPROVED_B":"","ATTESTED_B":"","PREPARED_B":"","YEAR":""},"geometry":{"type":"LineString","coordinates":[[123.43246557488712,9.766617678715987],[123.43259349104441,9.766754594669115],[123.43272549539164,9.766863212598231],[123.43284121297943,9.766952961310675],[123.43290286529161,9.766996938774916],[123.43295278436872,9.76703848308485],[123.43298874694344,9.767088916235332],[123.43301083534142,9.767137535677946],[123.43303063636111,9.767217230960027],[123.43302892803263,9.767286443750152],[123.43301728808012,9.76735246550815],[123.43302169249463,9.767423803363641],[123.43303565952803,9.76751485571555],[123.43304826321851,9.76761848546415],[123.43305073981382,9.767732981896332],[123.43303939601792,9.767806381173985],[123.43301089799883,9.767879815857428],[123.43294553823112,9.767972014573147],[123.43289716634882,9.768060028859912],[123.43287893795653,9.768130777455882],[123.43284956661022,9.76834388747485],[123.43284844142032,9.76848006693658],[123.43285181800712,9.768642984504043],[123.43288394188983,9.768742857468053],[123.43292627679311,9.76880714675943],[123.43304906403871,9.768982204516437],[123.43315115507903,9.769125507232458],[123.43315076872823,9.769127151320477],[123.43323165837752,9.769242290755086],[123.43333051447173,9.769375889301402],[123.43339284357863,9.769435437793392],[123.43367013683641,9.76961904805358],[123.43367472301021,9.769621715060968],[123.43382073117982,9.769716797151174],[123.43394687602492,9.76980330148272],[123.43402650201114,9.769838182777272],[123.43411214814101,9.769852551114674],[123.43419796067083,9.769851170469884],[123.43427953097282,9.76984998185422],[123.43435595541894,9.769830120872296],[123.43442108536372,9.769822303134848],[123.43448475942843,9.769828989255725],[123.43453074533721,9.769851151570847],[123.43454809831454,9.769890929328295],[123.43455758252811,9.769942572219717],[123.43453733512493,9.769984725879949],[123.43443531033482,9.770105840975273],[123.43434203624021,9.770216252650545],[123.43428061969722,9.770341347390614],[123.43426941610211,9.770434671771389],[123.43429225160432,9.770510125713708],[123.43435091545183,9.770595890728275],[123.43446422955974,9.770683164857598],[123.43458203141783,9.770762461003965],[123.43473630631252,9.770810279007287],[123.43486730070403,9.770842670331445],[123.43494839952793,9.770868022683734],[123.43500439155032,9.77092582073005],[123.43500914556724,9.77093281222743],[123.43506036084382,9.771007108198884],[123.43506844360883,9.771018709319689],[123.43507167875933,9.771023352723935],[123.43513512332662,9.771076088179715],[123.43526423079703,9.771165849467312],[123.43543705830243,9.771257708334149],[123.43558158928133,9.771341675862832],[123.43571929185202,9.771428385843622],[123.43580098507253,9.771478204692434],[123.43585748351002,9.771556129731426],[123.43592577052273,9.771627703800801],[123.43601769027701,9.771706002649717],[123.43611319574592,9.771734371432746],[123.43627781456631,9.771742529677095],[123.43646928529633,9.771754268460127],[123.43664423056013,9.771765124807057],[123.43685686609912,9.771797352100256],[123.43702071112733,9.7718466099859],[123.43710906224551,9.77188497454305],[123.43721876846631,9.771975192621076],[123.43730373117472,9.772125871609273],[123.43743036582073,9.772275817693776],[123.43754260193252,9.77236690956188],[123.43765304273272,9.772479393723435],[123.43773541537142,9.772671406823985],[123.43779974094383,9.772832771459514],[123.43789693280743,9.77300950789592],[123.43799174193683,9.773133285255406],[123.43810792046092,9.773205621539613],[123.43831792490214,9.7733038490641],[123.43841932659501,9.7733636766742],[123.43853788540622,9.773488336044826],[123.43868471131792,9.773631382653546],[123.43880113458702,9.773722003798468],[123.43889278930311,9.773766163660733],[123.43909145024102,9.773804610273206],[123.43925181594594,9.773844744837863],[123.43939951496613,9.773904804258724],[123.43948084388931,9.773955693943678],[123.43958775906454,9.774066689451091],[123.43966518135892,9.774201608800418],[123.43974711949043,9.774479409217047],[123.43980403869442,9.774636455537713],[123.43989712235653,9.774764321254503],[123.44020812167743,9.775130385604504],[123.44048572763572,9.775401036046583],[123.44077654836853,9.775700780563428],[123.44095494042962,9.775847816618626],[123.44118073992321,9.776009465110242],[123.44137382707594,9.776164455373273],[123.44162411659943,9.776340269435774],[123.44171397262473,9.776441402869885],[123.44187278506011,9.776675087207725],[123.44199549154634,9.776823638407041],[123.44215818721143,9.77695411349237],[123.44252657875622,9.777166751033755],[123.44279028876953,9.777315508242104],[123.44289424787083,9.777409715336358],[123.44300594672312,9.777549382557211],[123.44307864019981,9.77770179949341],[123.44312459518574,9.777827855562872],[123.44314297388753,9.778027428995255],[123.44308797970282,9.778272983758718],[123.44304195850381,9.778462406841145],[123.44307152593363,9.778635688785746],[123.44320628314523,9.778831263952966],[123.44348717604421,9.779197283002057],[123.44371897878031,9.77954623148114],[123.44384544588111,9.779807768176193],[123.44386991593511,9.780026620286538],[123.44383827219362,9.78021718560471],[123.44374368946004,9.78045945619142],[123.44357692006093,9.780769327305112],[123.44345532647992,9.78106560063518],[123.44334563183881,9.781355906725402],[123.44328469264121,9.781436450669087],[123.44329324906712,9.781498388567739],[123.44334613599803,9.781554151782201],[123.44351439326043,9.781634812154959],[123.44369935528353,9.781711718480521],[123.44388287710063,9.78184112213915],[123.44393379423254,9.78191812832773],[123.44404245755122,9.78210892359461],[123.44410389163781,9.78232070453268],[123.44413003908953,9.78255447380336],[123.44420979129072,9.782688493350893],[123.44440999557492,9.78300302892863],[123.44450552241433,9.783233774807607],[123.44455962055842,9.783445058843006],[123.44449145692862,9.783856068445823],[123.44446670736292,9.784190874419679],[123.44453805337872,9.784437381578538],[123.44469797814082,9.784701138917193],[123.44490325450703,9.784980165248076],[123.44508237853982,9.785121891686517],[123.44535651228883,9.785220795078551],[123.44570869106441,9.785241601577033],[123.44583415139763,9.7852413539869],[123.44595727741302,9.78530708541037],[123.44639544132741,9.785534534271736],[123.44675704715473,9.785679818440071],[123.44724502077612,9.785869194569075],[123.44747437336233,9.786089149407497],[123.44780735787913,9.78661642707859],[123.44796090005522,9.786950112768263],[123.44807546673513,9.787061570869081],[123.44822783110094,9.78712002670111],[123.44846219260432,9.787186077985671],[123.44860817306873,9.787236801175105],[123.44868605285062,9.7872986665223],[123.44878039616802,9.787407701035178],[123.44881329524931,9.78756948144474],[123.44875953591561,9.787788809543889],[123.44873105745941,9.788051578962337],[123.44876120615953,9.788140758719024],[123.44892238490154,9.788309701896834],[123.44914697636354,9.788533814669739],[123.44925289907991,9.788655081599762],[123.44931638377193,9.788819777476249],[123.44937756418803,9.788894373287107],[123.44945615606251,9.78893958057747],[123.44958305216473,9.788942996945268],[123.44976959285482,9.788932888767869],[123.44988217437223,9.789000586905138],[123.44992021938133,9.789062174595719],[123.44996273038393,9.789170026809689],[123.44998973028022,9.78950874831035],[123.45003366444142,9.789672517660824],[123.45012652073183,9.78981481345528],[123.45027915518513,9.789937778107824],[123.45060425089953,9.79005501549827],[123.45096863007004,9.79011502509361],[123.45122157238313,9.790183164440183],[123.45141892199172,9.79023316294378],[123.45153233032491,9.790319394982825],[123.45155191405831,9.790444031113212],[123.45151578776473,9.790594357618223],[123.45140156193683,9.79082244037514],[123.45114242623083,9.791132772617972],[123.45099763334981,9.791379334794104],[123.45098160942673,9.791517416666435],[123.45104138318722,9.791691308381633],[123.45126551717381,9.791941604226004],[123.45152843457531,9.79224420901151],[123.45167612932491,9.792433657202976],[123.45175678719833,9.79258936515145],[123.45180211644782,9.792766300895124],[123.45181064969994,9.792946489033712],[123.45185013443184,9.79311591660325],[123.45194764228121,9.793249168860344],[123.45206998925133,9.793341789968975],[123.45238917690592,9.793473132986726],[123.45250717141202,9.79357033179518],[123.4527258274292,9.793852566800599],[123.4529337569377,9.794113005750397],[123.4530518536816,9.794422772051082],[123.45303244498851,9.79458905511199],[123.4529878310058,9.794762760877987],[123.45300358519819,9.794858353100091],[123.45306767296053,9.794909682494303],[123.4533231158829,9.795008824386473],[123.45365554570172,9.795162785874025],[123.4541136606328,9.795442553701028],[123.454277404259,9.795570750946037],[123.4543411960536,9.795735552312285],[123.4543149535584,9.795947942726768],[123.4543201789365,9.796097116981683],[123.45437704739538,9.79615199247059],[123.4544815438214,9.796166189816406],[123.45463292866741,9.796089004163118],[123.45493996049939,9.796065552981974],[123.45524490254219,9.796182889767591],[123.45554304143668,9.796384443590236],[123.45584208283991,9.796634084899551],[123.4561585358151,9.797045630753152],[123.45648045957628,9.79748070196061],[123.45659939347038,9.797616627268484],[123.45672475830268,9.797686445854703],[123.45687079688919,9.79773501897042],[123.457074553786,9.79773529930931],[123.457366436205,9.79774866743959],[123.45753582792828,9.797742663231293],[123.45775290471771,9.797758088108049],[123.4579149854947,9.797842173134338],[123.4580607203151,9.797942549954376],[123.45827197688901,9.798181656556864],[123.45835994668931,9.798268745223872],[123.45848325991061,9.79833055600962],[123.4586957165217,9.798363432487472],[123.4589798316243,9.798417130846884],[123.45916818113699,9.798462273414835],[123.4593960959049,9.798535470297859],[123.4595870532121,9.798598715763926],[123.4597041902274,9.798672056615226],[123.45982065602828,9.798788829225956],[123.4599002378061,9.798952828478159],[123.45986766856629,9.799135374477814],[123.4597816759712,9.799280801275955],[123.4596384807204,9.799385729705822],[123.4594401065041,9.799444383290199],[123.45924085954981,9.799466470063935],[123.45909250806471,9.799638086951333],[123.45905159953139,9.799873545613416],[123.4591166898421,9.80037228282383],[123.4592448630816,9.800851322766341],[123.45930193267701,9.801136913516775],[123.4594641675818,9.801536912894788],[123.45966405270981,9.80180603489669],[123.45986499060238,9.801959879932065],[123.4601460465167,9.80221135594861],[123.46021464967738,9.802341532903307]]}},{"type":"Feature","properties":{"ID":"122705","Name":"2","Descriptio":"","brgy":"","OBJECTID":"0","NPAAAD":"","ORIG_FID":"0","Shape_Leng":"0.000000","Shape_Area":"0.000000","AGENCY":"","APPROVED_B":"","ATTESTED_B":"","PREPARED_B":"","YEAR":""},"geometry":{"type":"LineString","coordinates":[[123.44271983486203,9.741368609280888],[123.44271321372622,9.741491003387443],[123.44272824708061,9.741564475732437],[123.44276979631043,9.741671939121284],[123.44280740818122,9.741741439379695],[123.44282958820041,9.741784634713762],[123.44287075039672,9.741846625348266],[123.44292013141013,9.741906794491436],[123.44296708612923,9.74194700946839],[123.44303011951621,9.741985047532065],[123.44306250906882,9.742014761751872],[123.44309249541591,9.742055439705203],[123.44310707815501,9.742126455116153],[123.44309709530772,9.742215485171199],[123.44307558816813,9.742306496523065],[123.44306014693203,9.742383231688644],[123.44305576710121,9.742455939494594],[123.44306984993104,9.742520186229392],[123.44308596097034,9.742586796605643],[123.44309901810722,9.742644387058721],[123.44312279670662,9.742699377610878],[123.44314557897532,9.742767263616516],[123.44316960584622,9.742833922463781],[123.44319112168762,9.742887547492876],[123.44321514870431,9.742960761511416],[123.44322702308743,9.743037052465214],[123.44323496967831,9.743098148965187],[123.44324514083513,9.743182552175641],[123.44324668231492,9.743246561512784],[123.44324209416664,9.743305304559389],[123.44324222913062,9.743361217404518],[123.44324058665723,9.74342911713196],[123.44323456401033,9.743544231305195],[123.44322397950373,9.743676490395657],[123.44321892564342,9.743813952432445],[123.44322416039182,9.743937799369208],[123.44323476157702,9.744034234104262],[123.44325138965381,9.744129129165524],[123.44327069266093,9.744209855456312],[123.44329638556734,9.744319322163204],[123.44331151029111,9.744417930174087],[123.44331433749322,9.744505418855612],[123.44330200265071,9.744634333011078],[123.44328483529911,9.74476155218914],[123.44330373054001,9.74491565297859],[123.44337103944761,9.745057625337823],[123.44344624672394,9.745229960299742],[123.44349221792842,9.745378478667515],[123.44352453044492,9.74551634762077],[123.44354316324352,9.74566849515566],[123.44356540645731,9.745759458927488],[123.44360060314212,9.745813569367332],[123.44364226190812,9.745863104101451],[123.44367568096933,9.74590228356427],[123.44371295116322,9.74594267141379],[123.44375111571752,9.745993102955328],[123.44378323854671,9.746033745764592],[123.44381387594383,9.746097984515817],[123.44384419732181,9.746157826946186],[123.44386443768833,9.746215327714497],[123.44388598702642,9.7462644913566],[123.44389746593373,9.746320645819566],[123.44390399625674,9.746379245264468],[123.44390688890402,9.746450709685204],[123.44391174377363,9.746515115823351],[123.44390406727122,9.746587979235885],[123.44389642270441,9.746673683505305],[123.44388930301922,9.746752957411713],[123.44387768765301,9.746863420485987],[123.44386760082841,9.746930423539373],[123.44385499558362,9.747009073676516],[123.44383977222473,9.747074769648275],[123.44380804977752,9.747133398453522],[123.44375401823352,9.747191390051714],[123.44367809254541,9.747231037303001],[123.44360782780451,9.747257082589327],[123.44355317801212,9.747277098161058],[123.44352209579802,9.747294996664499],[123.44350211307201,9.747322147296408],[123.44349917102822,9.747369289833623],[123.44351485555502,9.747403950618219],[123.44354827460873,9.747466282964568],[123.44358383153264,9.747511149411023],[123.44361207388732,9.747574815361489],[123.44361587166432,9.747617849990203],[123.44361282604574,9.747679436009337],[123.44356704772531,9.747776640378865],[123.44351754616393,9.747881378577995],[123.44347137236443,9.74799561513814],[123.44343972067043,9.748101632634704],[123.44340356715422,9.748282911503594],[123.44339469611843,9.748405274373765],[123.44338873189582,9.748479572598455],[123.44340085429883,9.74853581402489],[123.44342910077853,9.748565379967744],[123.44349335031902,9.748616752704084],[123.44357956967771,9.748681442683697],[123.44365631964163,9.748741733179365],[123.44372925449892,9.748804847093508],[123.44376883867872,9.74886475572441],[123.44382295009314,9.748958084922885],[123.44387027237372,9.74906138851089],[123.44389950668682,9.749117216164072],[123.44396616813711,9.749213838490572],[123.44401575903991,9.74930942655235],[123.44405121546443,9.749417692750042],[123.44406960493302,9.749519446512839],[123.44408496236453,9.749581573222635],[123.44407341873412,9.749669155208087],[123.44405431650772,9.749785506443558],[123.44404668934223,9.749852885783332],[123.44405680449552,9.749932936372765],[123.44408246737162,9.750036540994142],[123.44413368824073,9.750156124546102],[123.44419117779452,9.750274229558157],[123.44426764948442,9.750448786170573],[123.44438582687212,9.750696320584264],[123.44445095927242,9.750834049851424],[123.44449601610862,9.750979539948132],[123.44452141451812,9.751083078039214],[123.44452307135803,9.751086139541412],[123.44455329485332,9.751152949796756],[123.44455412487643,9.751154483840539],[123.44463169134491,9.751228222815422],[123.44469080586103,9.751278545715355],[123.44475489297281,9.751339593812354],[123.44481320500601,9.751412986922682],[123.44486848988251,9.7515032156842],[123.44491532062561,9.751618117028983],[123.44494897912512,9.751688779865537],[123.44499108216743,9.751752920875344],[123.44506347509332,9.751862775683003],[123.44514608004232,9.752042926081748],[123.44518869826173,9.752134065699122],[123.44524804735512,9.75223942873629],[123.44531980355013,9.752379426319347],[123.44537369223691,9.752503149853599],[123.44541063341833,9.75259325079642],[123.44542607230761,9.75265415935581],[123.44542995788221,9.75270814676091],[123.44541816158132,9.752795479900906],[123.44541186844754,9.752863979229739],[123.44540660057672,9.752928797159788],[123.44541666068221,9.753025624588336],[123.44540914085302,9.753170811372557],[123.44539843409743,9.753255253368902],[123.44535694743473,9.753365392975978],[123.44533635957373,9.753428610629667],[123.44532913670183,9.753487425116331],[123.44534477491372,9.753550520072103],[123.44536613849753,9.753610287708035],[123.44537400035023,9.75367433169662],[123.44537252489903,9.753724409666999],[123.44536569697202,9.753837256143427],[123.44536538800442,9.753907969296003],[123.44537090648471,9.753973618375763],[123.44538205069983,9.754018081232129],[123.44540845144434,9.754078585147274],[123.44545069506222,9.754124072407347],[123.44547957432893,9.754182473194735],[123.44550383603112,9.75426357156009],[123.44554178079623,9.754372776757444],[123.44557164819733,9.754483449037078],[123.44560296082302,9.754602619601693],[123.44563403042432,9.754703963370703],[123.44566982214532,9.75477466864236],[123.44570939066301,9.754861033052999],[123.44577948975922,9.755002712634498],[123.44581304781202,9.755123100449243],[123.44586461066473,9.755239117784212],[123.44602031871824,9.755419657949938]]}},{"type":"Feature","properties":{"ID":"122706","Name":"27","Descriptio":"","brgy":"","OBJECTID":"0","NPAAAD":"","ORIG_FID":"0","Shape_Leng":"0.000000","Shape_Area":"0.000000","AGENCY":"","APPROVED_B":"","ATTESTED_B":"","PREPARED_B":"","YEAR":""},"geometry":{"type":"LineString","coordinates":[[123.44477645279574,9.784807807358217],[123.44470869270513,9.784852881851766],[123.44465524169611,9.78488747631175],[123.44461139828842,9.784888368411032],[123.44459546738753,9.784887779068447],[123.44457952021052,9.784887188576754],[123.44456505148312,9.78488189572646],[123.44455056884992,9.784876597936705],[123.44453607172152,9.784871294489369],[123.44451672067014,9.784864215926678],[123.44449901917893,9.784860370185179],[123.44448279547044,9.784851805603173],[123.44446823257724,9.784846478232275],[123.44445683589042,9.78483967542952],[123.44444711171442,9.784836117252985],[123.44442753114402,9.784820961425359],[123.44441130202964,9.784812294369116],[123.44439972869563,9.784797437007429],[123.44438982738933,9.78478583326562],[123.44437655204501,9.784767682746812],[123.44435839296062,9.784747697085132],[123.44434696104382,9.784740788064425],[123.44433383149962,9.784730596993487],[123.44431242363692,9.784712012540787],[123.44430095624662,9.784705079196607],[123.44429427668781,9.784691878669467],[123.44428117693613,9.78467343593883],[123.44426154510653,9.784649801688335],[123.44425014505731,9.784642766214455],[123.44424031442371,9.784630933045845],[123.44422882561692,9.784615765553077],[123.44420755462892,9.784596858043322],[123.44419935489113,9.784588329006954],[123.44417812299402,9.784577522412992],[123.44416176748122,9.784568574875522],[123.44414698123872,9.784554815886555],[123.44413875285173,9.784546262123241],[123.44412236035122,9.78453728993371],[123.44410595267142,9.784528309021795],[123.44409119537372,9.784522666106879],[123.44407475867894,9.784513670595631],[123.44406156745671,9.784503203630424],[123.44404343228281,9.784490839818579],[123.44403515466924,9.784482245254138],[123.44402687313442,9.784473646742812],[123.44401356791803,9.784454976340712],[123.44400519832271,9.784438190025705],[123.44399187595192,9.784419493822192],[123.44398517194782,9.784406049681198],[123.44397846499011,9.784392600251902],[123.44397007775082,9.784375780743561],[123.44396336503412,9.784362319113146],[123.44395825049092,9.78434403095632],[123.44395809363172,9.784327653645667],[123.44395465645961,9.784312726218834],[123.44395281992713,9.784292975457555],[123.44394609999672,9.784279489599353],[123.44394426220323,9.784259730877267],[123.44394242420942,9.784239969539044],[123.44393898371112,9.78422502434713],[123.44393882625204,9.7842086335859],[123.44393370319912,9.784190305227963],[123.44393540435912,9.784168999493739],[123.44393709857661,9.78415592468622],[123.44393545371632,9.78414430862091],[123.44393384166104,9.784116234673492],[123.44393053544651,9.784101229973936],[123.44392554983821,9.784091062951076],[123.44392393838693,9.78406298750433],[123.44392397190992,9.78404653269232],[123.44392900720311,9.784032027727726],[123.44392570094791,9.784017020463763],[123.44392885078842,9.783999197388681],[123.44393362978222,9.783984778535466],[123.44393337457032,9.783968415086642],[123.44393643295982,9.783950622575624],[123.44394293048613,9.783939588011291],[123.44394929851732,9.783920376736955],[123.44394904455812,9.783904013998221],[123.44394879038411,9.783887649266683],[123.44394707130733,9.783884267658323],[123.44393834445194,9.783859166103662],[123.44393993742692,9.78385436365003],[123.44393636882981,9.783839404132234],[123.44392087180442,9.783808907774326],[123.44391397824212,9.783795341949817],[123.44390363086902,9.783774979717348],[123.44389340422133,9.783762806393025],[123.44387811476223,9.783748634553536],[123.44386293914883,9.783742661489564],[123.44384601578082,9.783733278202957],[123.44383574750661,9.783721065033046],[123.44382213220432,9.783710251393217],[123.44380516113523,9.783700836001353],[123.44379325662122,9.783693415197481],[123.44377786018774,9.78367915659019],[123.44376593330783,9.78367171993366],[123.44374705826063,9.78366712440628],[123.44373824081822,9.783658297542576],[123.44371893024481,9.783645462471862],[123.44370484017031,9.783634611709038],[123.44368547331541,9.783621738113567],[123.44366607421412,9.783608843176797],[123.44365206098611,9.783606230327434],[123.44363274841301,9.783601596303855],[123.44361159270294,9.783593514564828],[123.44359221490862,9.783588862493163],[123.44357280574181,9.783584202796506],[123.44355868355233,9.783581565301768],[123.44353922025812,9.783576893291304],[123.44352155253603,9.78357566954524],[123.44350202912064,9.783570985466092],[123.44348247445373,9.783566293986699],[123.44346641071131,9.78356017222552],[123.44344326963852,9.7835568881031],[123.44342715324883,9.783550750058811],[123.44341101544173,9.783544603481646],[123.44339316032483,9.7835433492968],[123.44337712954903,9.783545571785028],[123.44331579032153,9.78353615350197],[123.44330059355252,9.783535261391709],[123.44328391160532,9.783538790147103],[123.44326600391872,9.783539093457655],[123.44325423320193,9.783544272243644],[123.44324085647533,9.783546366070436],[123.44322746872383,9.783548461427493],[123.44321541672632,9.783546170598303],[123.44319744902764,9.783546472555692],[123.44318080766332,9.783542382018432],[123.44317006349992,9.783535689697134],[123.44315177462111,9.783528488225697],[123.44313022536132,9.783515068944512],[123.44312078498614,9.783503945081913],[123.44309593102413,9.783484260990472],[123.44308808415613,9.783476218863617],[123.44306939070061,9.78346141555853],[123.44305637165341,9.783451678707282],[123.44303850737181,9.78344015055643],[123.44301576511431,9.783426814872316],[123.44299982304163,9.783425918385705],[123.44298698877871,9.783423684908183],[123.44297443946333,9.783429028669007],[123.44296187539021,9.783434378774965],[123.44294614916313,9.783441075340948],[123.44293039923953,9.78344778200016],[123.44292928868863,9.783459840628376],[123.44291871889601,9.783475934639842],[123.44290956392652,9.783487568795612],[123.44290356234401,9.783497859303324],[123.44289123774223,9.783510859118863],[123.44287541743591,9.783517630129095],[123.44286274437572,9.78352305460588],[123.44285497644061,9.783530249454708],[123.44284085341812,9.783540169370283],[123.44282495954172,9.783546977674787],[123.44281222769172,9.78355243162417],[123.44280123944543,9.78356101796885],[123.44278528759621,9.783567854314253],[123.44277250857263,9.783573330691564],[123.44269159895393,9.783592405811897],[123.44267870434781,9.783597922732955],[123.44266400374222,9.7836003060187],[123.44265019686422,9.783606090361234],[123.44263592716572,9.783612013323959],[123.44261804200892,9.783619437148904],[123.44260010290563,9.783626883295296],[123.44258210941952,9.7836343519182],[123.44256406174482,9.78364184314704],[123.44253870289631,9.783652368964633],[123.44251688105103,9.783661426693833],[123.44250228896553,9.783667483540082],[123.44248399882491,9.783675075328011],[123.44246583989072,9.783674741299253],[123.44244937733242,9.783677623318901],[123.44242723122593,9.783686793875878],[123.44240890800171,9.78368647508229],[123.44239601135652,9.783687850154038],[123.44237346840512,9.78369713908499],[123.44235638348063,9.783700183018627],[123.44233743247922,9.783700003674886],[123.44232206118932,9.783706298054232],[123.44230278765292,9.783714190230214],[123.44227957220222,9.78372369677922],[123.44226015253781,9.78373164874495],[123.44224846866703,9.7837364331713],[123.44222894191843,9.783744429049264],[123.44220934777901,9.783752452714031],[123.44219362333132,9.783758891573418],[123.44216995550812,9.78376858338393],[123.44215412189232,9.783775067141992],[123.44213649279222,9.783782095658957],[123.44212247457443,9.783787611149714],[123.44203795383453,9.783818216176076],[123.44202007646922,9.78382513068513],[123.44200210743482,9.783832080719389],[123.44198042235833,9.783840468342039],[123.44197249590152,9.783850769268339],[123.44196157486333,9.783855004649304],[123.44193963060833,9.783863514922533],[123.44192492506203,9.78386921781235],[123.44191015825363,9.783874944533505],[123.44189161272104,9.783882136563111],[123.44188043923093,9.783886469977578],[123.44186173795322,9.78389372248146],[123.44184215740243,9.78389026420311],[123.44182174237892,9.783894457835355],[123.44180350000661,9.783894095548153],[123.44179052983732,9.783895381074997],[123.44176984110581,9.783899616181612],[123.44175907556583,9.783896311408423],[123.44173822134802,9.783900564845535],[123.44172114680562,9.783903356366478],[123.44170008630792,9.783907650202012],[123.44168284318053,9.783910471508714],[123.44166552464891,9.783913304477991],[123.44164656484583,9.783912977033532],[123.44162908853933,9.783915828325123],[123.44160996140752,9.783915506023765],[123.44158978981662,9.78391186043844],[123.44157398194353,9.783906604424287],[123.44155996981974,9.783896746656646],[123.44154235490072,9.783888279158985],[123.44152827211171,9.783878376109392],[123.44151415836151,9.783868450927374],[123.44150361012183,9.783857096051602],[123.44149664622422,9.783844318936914],[123.44148607056842,9.783832930404001],[123.44147722530673,9.783824726939137],[123.44146498785723,9.783802287701485],[123.44144734984152,9.783777984162205],[123.44144033044633,9.783765116877948],[123.44142074651961,9.78374532713779],[123.44141181426372,9.783737025185408],[123.44139568081494,9.783723621598108],[123.44138494487622,9.78371205078155],[123.44136874495682,9.783698588731108],[123.44135974157852,9.783690221434565],[123.44134169834082,9.783673453351977],[123.44132717562843,9.78366315786715],[123.44130519729592,9.78365556499312],[123.44128673363913,9.78365448777025],[123.44127001359732,9.783656682456781],[123.44125130396863,9.783663534265791],[123.44123253437982,9.783670408188714],[123.44121747492633,9.783675923227493],[123.44120237650513,9.783681452550027],[123.44118527222022,9.783691679040604],[123.44116628784502,9.783698637930618],[123.44115288896451,9.78370752347964],[123.44113563686223,9.783717833421257],[123.44112032422822,9.783723456594359],[123.44110112760173,9.783730506294496],[123.44108957947661,9.783734747163656],[123.44106641524002,9.783743253773627],[123.44105092186633,9.783748943384888],[123.44103149818602,9.783756076562778],[123.44101201069121,9.783763232963572],[123.44096007388121,9.783771616233444],[123.44094260414353,9.783777656784933],[123.44092506937291,9.783783719856432],[123.44090746964282,9.783789805480962],[123.44089334251612,9.78379469030765],[123.44087562408832,9.783800816961094],[123.44086140159062,9.783805734784423],[123.44084356390421,9.78381190275634],[123.44082924495011,9.783816853714606],[123.44081316734123,9.783826222248097],[123.44080607774411,9.783836280230082],[123.44079719771241,9.783850765940386],[123.44078830175351,9.783865278216274],[123.44077761524352,9.783876657492309],[123.44076869682173,9.783883627353013],[123.44075796872322,9.783895048719058],[123.44074721723942,9.78390649468186],[123.44073644251532,9.783917965188632],[123.44072564473403,9.783929460444043],[123.44071842814563,9.783939682692141],[123.44070938934242,9.783954391759693],[123.44070034883013,9.783961478706894],[123.44069127668192,9.783976234579068],[123.44067674903754,9.783989165179952],[123.44066399259303,9.784005307622014],[123.44065658354683,9.784015656826863],[123.44064898532632,9.784026035988191],[123.44063767672263,9.784037778521721],[123.44062807913222,9.784052738594063],[123.44061323322131,9.784058158655844],[123.44060183721221,9.78406998593344],[123.44058866276413,9.784078644792002],[123.44057545234003,9.784087327336877],[123.44056396420133,9.784099237610375],[123.44056020827102,9.784100617611271],[123.44051975283021,9.784129569743827],[123.44050402171982,9.78413525326655],[123.44048823646463,9.784140956183961],[123.44047556937801,9.78414553267905],[123.44046439272503,9.784153099725764],[123.44045385870673,9.784160722460323],[123.44044186623691,9.784172506208062],[123.44042667724663,9.784178340898263],[123.44041609111773,9.784186007153675],[123.44040694587852,9.784189524081674],[123.44040084156701,9.78419187114405],[123.44038409252151,9.784201918254237],[123.44036569592971,9.784208996700416],[123.44035032498843,9.78421491097191],[123.44033491667001,9.78422083970574],[123.44032255813201,9.784225592785786],[123.44031313745641,9.784229162354952],[123.44030055287182,9.784233930930208],[123.44028162470913,9.784241103756383],[123.44026897196102,9.7842458982305],[123.44025311708381,9.784251906226588],[123.44024040207283,9.784256724347541],[123.44022446908492,9.784262761183268],[123.44021169140063,9.78426760315516],[123.44019568048923,9.784273670184788],[123.44017962578343,9.78427975375608],[123.44016997162983,9.784283412156801],[123.44015061615272,9.784290746815042],[123.44013597953492,9.784292610038904],[123.44011960340552,9.784291433473225],[123.44010984969503,9.784295120222197],[123.44009355768102,9.7843012785657],[123.44007722083533,9.784307453867644],[123.44007067371352,9.784309928772698],[123.44005098815211,9.784317369821538],[123.44003123751123,9.784324835542224],[123.44001472802913,9.784331076114936],[123.43999817305563,9.78433733395573],[123.43998315005243,9.784339281111954],[123.43996808861533,9.784341233523877],[123.43995773196183,9.784337602566303],[123.43994013486083,9.784336506145815],[123.43991890279652,9.7843366775608],[123.43990116487961,9.78433557500653],[123.43989757718774,9.784336849529003],[123.43986218280263,9.78435842926826],[123.43984390958052,9.78435795019081],[123.43982863943484,9.784356401476598],[123.43980872947142,9.784352999819303],[123.43979023915684,9.784352505739847],[123.43977478737273,9.78435093863373],[123.43976080004853,9.784352299368315],[123.43973897542153,9.784352878598629],[123.43972172643673,9.784355326885837],[123.43970441053364,9.784357784750433],[123.43968538936201,9.784364294225137],[123.43966947529503,9.784369740388726],[123.43965989941093,9.784373017546347],[123.43964389277653,9.784378495286386],[123.43962811319432,9.784384029425379],[123.43961716951954,9.78439146184469],[123.43960932334362,9.784397789088672],[123.43959833903013,9.78440525028852],[123.43958268277113,9.784410880131382],[123.43957001566582,9.78442248472754],[123.43955894698114,9.784430001236919],[123.43954937714652,9.784440517206097],[123.43953673715421,9.784445083112692],[123.43952078148223,9.784457932217105],[123.43951113795713,9.784468515902782],[123.43949840527661,9.784473132435085],[123.43948398575593,9.78448191646669],[123.43947272952292,9.784489561236596],[123.43945990383611,9.784494219877605],[123.43944859524552,9.78450189521265],[123.43944005592363,9.784508398198417],[123.43942223401034,9.784514209632684],[123.43940936135743,9.784521895948151],[123.43940218187423,9.784524240631063],[123.43938923330953,9.784531968472455],[123.43936827581821,9.784549356576925],[123.43934206046033,9.784565021022534],[123.43932153033222,9.784575322677663],[123.43930826733161,9.784583243407882],[123.43929347596452,9.784588130332105],[123.43927117869524,9.784595496213333],[123.43925326742641,9.784594271589784],[123.43923379148742,9.78458995569561],[123.43921950332171,9.784587479001372],[123.43919988277682,9.784583131601105],[123.43918548686253,9.784580634748856],[123.43916803913912,9.784571911556885],[123.43915354510973,9.784569388795573],[123.43913598626021,9.784560617774462],[123.43911601456462,9.78455617476909],[123.43910135782382,9.784553612707816],[123.43907733239644,9.784550371539606],[123.43906102605261,9.784544643135686],[123.43903919962553,9.784536975739012],[123.43901727607172,9.784529275082987],[123.43900076994531,9.784523476444786],[123.43898819633871,9.784516429701302],[123.43897159472172,9.784510593400892],[123.43894938485462,9.784502781022217],[123.43893740495392,9.784495701122284],[123.43892101780743,9.784479051414573],[123.43886473675502,9.784429958965875],[123.43879100267513,9.784408711751496],[123.43869496735552,9.784377675652236],[123.43859657680001,9.7843007668477],[123.43850968596983,9.784240084234161],[123.43850102659553,9.784238141740337],[123.43848829873151,9.784232538056425],[123.43837592314642,9.784222837589214],[123.43821452969532,9.784291937911544],[123.43803926888464,9.78435394936674],[123.43802523625233,9.784359120014555],[123.43789424914982,9.784360954228879],[123.43788308220391,9.784359925526216],[123.43771231958742,9.78438438733026],[123.43770114921071,9.784383356508535],[123.43768762296943,9.784383196275478],[123.43747106724352,9.784414939572075],[123.43731414776333,9.784470699547997],[123.43705154240821,9.784572502144755],[123.43702980136491,9.784580092929753],[123.43690407046023,9.784618836997028],[123.43688687704453,9.784617159211397],[123.43676276098532,9.78463733017254],[123.43662993479141,9.784686712642866],[123.43645239492993,9.784719299993201],[123.43644999312501,9.784720196909785],[123.43626078568543,9.784757247509003],[123.43624864746214,9.784754143470067],[123.43610403761252,9.78473973309154],[123.43609198951793,9.784736595406773],[123.43594880662194,9.784745116451553],[123.43594561460823,9.784743769784338],[123.43583462331533,9.78471976351771],[123.43575752147842,9.78464718148288],[123.43574726009663,9.784640944651104],[123.43568942725221,9.784643027476296],[123.43568323214691,9.784647990843602],[123.43554090927641,9.784715942981185],[123.43530429529922,9.784856496274678],[123.43514252511582,9.784954594594168],[123.43508725789522,9.785019082518911],[123.43503752179711,9.78508798927849],[123.43502798513993,9.785097297484965],[123.43500791422402,9.785140341528942],[123.43500606818392,9.785149111810508],[123.43500148712722,9.785164346067878],[123.43504170710332,9.785241161258362],[123.43504616459433,9.785252674293965],[123.43505062278822,9.785264188936415],[123.43507998857473,9.785353585889347],[123.43506341019021,9.78544464062607],[123.43501557241981,9.785583228218949],[123.43489806340963,9.785714265771775],[123.43473584729033,9.785883623561434],[123.43454240819531,9.785993935221656],[123.43397087149123,9.786246517717007],[123.43382037000471,9.786337424847837],[123.43367234947121,9.786486218429086],[123.43357619560271,9.786641766151119],[123.43356586369181,9.786760225820817],[123.43359104568391,9.786853712512327],[123.43358753667893,9.786914784281581]]}},{"type":"Feature","properties":{"ID":"122707","Name":"28","Descriptio":"","brgy":"","OBJECTID":"0","NPAAAD":"","ORIG_FID":"0","Shape_Leng":"0.000000","Shape_Area":"0.000000","AGENCY":"","APPROVED_B":"","ATTESTED_B":"","PREPARED_B":"","YEAR":""},"geometry":{"type":"LineString","coordinates":[[123.44223555761272,9.786568164008992],[123.44226717278632,9.786661890114964],[123.44232583416203,9.78676314279248],[123.44240192139253,9.786884618136515],[123.44250158975682,9.787016114810541],[123.44254120414652,9.787058032660493],[123.44254421428322,9.787061654105061],[123.44256816494952,9.787090466455014],[123.44265472160752,9.787149913613385],[123.44274425616041,9.787219808949237],[123.44284961430543,9.787315801832651],[123.44292960122502,9.787354187620119],[123.44308526796023,9.787373566295093],[123.44320786985271,9.787423412572545],[123.44331331614244,9.787521275496454],[123.44331573123803,9.787531031412318],[123.44341009884612,9.787715437309592],[123.44348874371423,9.787937307250912],[123.44349105377411,9.787946641545098],[123.44352138506623,9.78806127104064],[123.44356058349193,9.788109016730141],[123.44366050652232,9.788129108708464],[123.44378610378983,9.788152816742768],[123.44388437990122,9.788145525481621],[123.44400032678502,9.788146006325102],[123.44405697970213,9.788160168190062],[123.44412419534231,9.788204857990396],[123.44423361097982,9.78832350342192],[123.44433253540912,9.788407143155805],[123.44444958661032,9.78849091549193],[123.44461141099292,9.788558890696754],[123.44472741737462,9.788645740970933],[123.44490554299782,9.788759344561514],[123.44499085089801,9.788824150281217],[123.44509027126901,9.788910904779035],[123.44517438207643,9.789001787072536],[123.44525014224801,9.789056021268257],[123.44532696086452,9.789123880035556],[123.44544711717391,9.789286527186638],[123.44555113058962,9.789414699639643],[123.44563329833113,9.789539016901248],[123.44568047434602,9.789631056391675],[123.44571194728411,9.789726542702942],[123.44573969608032,9.78982486658925],[123.44576810097782,9.789958508495458],[123.44580283850601,9.790062424047486],[123.44584004586513,9.790142211052656],[123.44588069774284,9.790189257360636],[123.44596669138082,9.790257411332108],[123.44606481066472,9.790333161019811],[123.44615977352022,9.790417422801085],[123.44625226797353,9.79049588233826],[123.44625727454242,9.790501758167396],[123.44633028320882,9.790545909291302],[123.44641032696083,9.790570599129975],[123.44647037925832,9.790573974705088],[123.44647690644334,9.790574688136152],[123.44648026563833,9.790573991198034],[123.44658824604353,9.79055957322],[123.44672064550353,9.790542455462584],[123.44682592195842,9.7905392757169],[123.44691126962402,9.790550375172058],[123.44702041161713,9.790579170838136],[123.44712407331863,9.790628228972809],[123.44717479206972,9.790657547760711],[123.44726800393161,9.790678852215057],[123.44732023242862,9.790703463386526],[123.44739337810852,9.790762252648241],[123.44747365494133,9.790817604131252],[123.44753684494933,9.790846877027771],[123.44760844369391,9.790859485687374],[123.44768727384213,9.790846287819146],[123.44776202330813,9.790822452777856],[123.44776566087631,9.790819515171032],[123.44783784945894,9.790802003507592],[123.44791795320803,9.790796741978152],[123.44800192151841,9.790793068780555],[123.44806618646841,9.790766515610496],[123.44813056093223,9.79071102496808],[123.44820958576952,9.79062282370291],[123.44828651348172,9.790542260398473],[123.44835139883273,9.79046044183761],[123.44843221471092,9.79031136153318],[123.44848543927202,9.790177695753147],[123.44850769447753,9.790085968267094],[123.44852038586093,9.78999200991542],[123.44854659708702,9.789943398690305],[123.44858377477053,9.78989688804796],[123.44865543030481,9.789831889492337],[123.44870382264422,9.789767542776048],[123.44876768931563,9.789666323532883],[123.44881447703042,9.789542494453146],[123.44883597845363,9.789438801681978],[123.44883894701742,9.789325042703036],[123.44885838487212,9.789242330720908],[123.44888081586512,9.78919963601426],[123.44892438689374,9.789148838635226],[123.44899824874031,9.78908889893989],[123.44900883663061,9.789079086511189],[123.44910720078863,9.789015044862078],[123.44921089192543,9.788911686906655],[123.44931638377193,9.788819777476249]]}},{"type":"Feature","properties":{"ID":"122708","Name":"29","Descriptio":"","brgy":"","OBJECTID":"0","NPAAAD":"","ORIG_FID":"0","Shape_Leng":"0.000000","Shape_Area":"0.000000","AGENCY":"","APPROVED_B":"","ATTESTED_B":"","PREPARED_B":"","YEAR":""},"geometry":{"type":"LineString","coordinates":[[123.4645748057553,9.799415648126171],[123.46462127147271,9.799486188079443],[123.464705470939,9.799604111023326],[123.4647590537518,9.799637817052188],[123.46486339928428,9.799685754575949],[123.46503733588759,9.79975931799889],[123.46531567698518,9.799893498342664],[123.4654717495248,9.799972745212647],[123.46555497861739,9.800022206539966],[123.46568185184519,9.800095614962856],[123.4657454084581,9.800139634261972],[123.46580513620148,9.800211588761384],[123.4658801657196,9.800292670293729],[123.46588403297311,9.800319200347037],[123.46585042423209,9.8003613919975],[123.46581802169528,9.800396793502763],[123.4657883661801,9.800430139675383],[123.4657717198957,9.800477088638582],[123.46575061751922,9.800541632066148],[123.46573034345738,9.80061713881244],[123.4657140154824,9.800716355402365],[123.465663133281,9.80081284978741],[123.46561669732378,9.80090252877549],[123.4655386254247,9.801122279649402],[123.46549925656198,9.801200896321836],[123.46546371212558,9.801241621383253],[123.4654347777123,9.801292997577931],[123.46541574407229,9.801348155880572],[123.46538190287389,9.801394919988471],[123.4653355248918,9.801436850112822],[123.4652777511028,9.801483525186356],[123.4652250927893,9.801524825736976],[123.46519169301828,9.801568879100971],[123.4651771836926,9.801627712058346],[123.46517151754779,9.801692779599655],[123.46519155676688,9.801749586221835],[123.4652244537118,9.801819979451043],[123.46528296033749,9.801895012994931],[123.4653297789511,9.801947123047414],[123.4653425923301,9.801985268651633],[123.4653525536389,9.802075296428],[123.46534284899559,9.802340737487192],[123.465349043085,9.802613991441053],[123.46534590115151,9.802660516527357],[123.4653196764622,9.802738938309469],[123.46512610034469,9.803068203517453],[123.4650339005775,9.803260188160518],[123.4650025543127,9.80334118196579],[123.46500079233971,9.803393158656334],[123.4650011052944,9.803397605745195],[123.46503575437758,9.803479174794965],[123.4650716484786,9.803543626225075],[123.46513332179269,9.803628051550485],[123.4651353683208,9.803631505592765],[123.4651858203209,9.803692918790704],[123.465244649066,9.803792128185929],[123.4653103278926,9.803918815933898],[123.4653602051599,9.80398625078818],[123.46542953454559,9.80410568926989],[123.4654926136415,9.80422255854744],[123.46553857276758,9.804287351329062],[123.46554276124999,9.80429432963637],[123.46557531179289,9.804360326357832],[123.4656380934931,9.80447666219466],[123.4657176463487,9.804589610355267],[123.4657899953156,9.804683058064233],[123.46584335327418,9.804752712146671],[123.4658635872805,9.804806670105489],[123.4658819796503,9.804913654577444],[123.46591955162019,9.805057235967821],[123.46596478482779,9.80526538752188],[123.4660051733226,9.805416982179615],[123.4660311464421,9.805456321123273],[123.46609000688538,9.805514395579653],[123.4661881689761,9.805642067206104],[123.46621196708338,9.805689829971563],[123.4662207314431,9.805748674094223],[123.46622464457919,9.805815263964872],[123.46624557391821,9.805893986952848],[123.46630547553669,9.806118932885292],[123.4662869952329,9.806220328474163],[123.466285041609,9.806233046362951],[123.4662838337237,9.806243004117393],[123.46625002955008,9.806346046431702],[123.4661862642991,9.806478354881655],[123.46607012406339,9.806676160291584],[123.4659776022977,9.806798031738753],[123.4658859586579,9.806879556022356],[123.46581792515738,9.806942211189805],[123.4657971987279,9.806988187845805],[123.465774573968,9.807047329597285],[123.4657421197493,9.80713890106182],[123.46567349854949,9.807280513638812],[123.46558860322709,9.80735579857522],[123.46521871688898,9.80761281300992]]}},{"type":"Feature","properties":{"ID":"122709","Name":"30","Descriptio":"","brgy":"","OBJECTID":"0","NPAAAD":"","ORIG_FID":"0","Shape_Leng":"0.000000","Shape_Area":"0.000000","AGENCY":"","APPROVED_B":"","ATTESTED_B":"","PREPARED_B":"","YEAR":""},"geometry":{"type":"LineString","coordinates":[[123.4593480521885,9.81735980523524],[123.45920392587199,9.817514081903099],[123.4591193972124,9.817650273932799],[123.45903119526679,9.817773123305363],[123.45894116104269,9.817880581484253],[123.45884194048058,9.818004537083205],[123.4587880289679,9.81808609234343],[123.45873581663778,9.818196346362207],[123.4586801432846,9.81827227159979],[123.45861973490891,9.818327981408649],[123.4585539928649,9.818385501761822],[123.45849378689009,9.81843949419771],[123.45845042880639,9.818506805700029],[123.45839924514749,9.818574427754745],[123.4583708147539,9.818639775354677],[123.4583329333928,9.818738718895245],[123.45830831935639,9.818809664683915],[123.4582782975502,9.818914043455608],[123.4582447493204,9.818995002478994],[123.4581908810713,9.819057418326471],[123.45816498820979,9.819119745180918],[123.45816316110648,9.819165629407893],[123.4581464607497,9.819235346785927],[123.4581241658173,9.81928117506302],[123.45808885723321,9.819315937373432],[123.4580108690484,9.819356031844693],[123.45792373881238,9.8193960279805],[123.4578647821495,9.819437660114055],[123.45782311247152,9.819484277374665],[123.4577804317286,9.81957738597496],[123.45772334215859,9.81964725461385],[123.4576788702989,9.819686582773803],[123.45762558405669,9.819711672354714],[123.4575475081116,9.819731444120848],[123.45750122882129,9.819756192969015],[123.4574642391009,9.819803536282322],[123.45743953891531,9.819854641136182],[123.4574370473868,9.819900657053152],[123.45744938830758,9.819946733754419],[123.45747246873158,9.820023039905754],[123.45748993759848,9.82010492967086],[123.4574835762612,9.820171278864825],[123.45746988902108,9.820223668610044],[123.45743358452148,9.82028403996871],[123.45738452720879,9.820349704618568],[123.45735215805229,9.820421396997427],[123.4573505827267,9.820482729064757],[123.45738346692119,9.820533058548655],[123.4574236144155,9.820576111413759],[123.45748915456949,9.820622465227975],[123.45755130733559,9.820644255785258],[123.45761356448139,9.820666083010487],[123.457678020481,9.820704411332548],[123.45775667291258,9.820755441836482],[123.4577992432319,9.820807422299088],[123.4578168749423,9.820866618899894],[123.4578201112618,9.820952436507705],[123.4578018367128,9.821014106292356],[123.4577581911465,9.821074322442318],[123.4577070918454,9.82112948622665],[123.45764997574778,9.821210020898178],[123.45759987629309,9.821310779091194],[123.4575249845028,9.821488426437188],[123.4574612227351,9.821598150194937],[123.4574142318038,9.821660773748073],[123.4573376014027,9.821797160135135],[123.45721811012032,9.821952443255348],[123.4571630682412,9.822037569097928],[123.4570957719139,9.822096695183793],[123.4570551715058,9.82211831271709],[123.4569972661154,9.822120178506493],[123.4569616690126,9.822109455214719],[123.4569078875108,9.822068462793135],[123.45685610450019,9.821997799665443],[123.45679112618689,9.821907732428082],[123.45673057378939,9.821820774386197],[123.45666420456268,9.821734765576105],[123.4566163039062,9.821694496132238],[123.4565578758281,9.821668369654763],[123.45651722518862,9.821659753633762],[123.4564836901842,9.821663387063364],[123.4563938551815,9.82167247506612],[123.4562412154031,9.821690483747785],[123.4560949064019,9.82170837144216],[123.455900980516,9.821709138199365],[123.45579254358991,9.821700963227222],[123.4557036371931,9.821670261741506],[123.45561153822649,9.821629340579413],[123.4555044798714,9.821604215828188],[123.45544779954,9.821597753980043],[123.4553622248595,9.821608626133857],[123.45524641786702,9.82162988016316],[123.4550921684975,9.821670556773018],[123.45495878277241,9.821698581024837],[123.45486518122439,9.821704221463733],[123.4547667849313,9.821694678906313],[123.4546928026003,9.821678487688262],[123.4545445819496,9.82162589701642],[123.45441584274919,9.821595946591438],[123.4543013727413,9.821582838784504],[123.45421455854049,9.821583076394594],[123.4541398681011,9.821598308300642],[123.45406365909079,9.82162184883148],[123.4539843463379,9.82167201517304],[123.4539199627415,9.821738742135743],[123.45384495658028,9.821803939475863],[123.4537830100646,9.821857695665342],[123.4537241395994,9.821915037335378],[123.45367450404319,9.821964329924953],[123.4536139037012,9.821992330138448],[123.45354233960771,9.822014358235487],[123.4534715616309,9.822029926639944],[123.4533637648968,9.822060396318435],[123.45328552880841,9.822094765421198],[123.4531872621983,9.822138975233369],[123.4530851663718,9.82220600852328],[123.4529932735908,9.822271075807029],[123.4528744424209,9.822338699666426],[123.4528246769822,9.82239486201812],[123.4527963734552,9.822463725673835],[123.45276625064949,9.822528796151255],[123.4527312419767,9.822584579122282],[123.452693531688,9.822615634287494],[123.4526238513985,9.822677293473276],[123.4525368930753,9.822759192342657],[123.45245677061399,9.82284533141112],[123.45236504504769,9.822941628648673],[123.45228003376928,9.823034121046064],[123.452200715187,9.823113850764987],[123.45215808442781,9.8231581078687],[123.45212493189369,9.823221130911437],[123.4521059101868,9.823304131869518],[123.45209195824698,9.823404002069493],[123.4520753019858,9.823470274152482],[123.4520390349082,9.823549996339729],[123.45199843880229,9.823627832529906],[123.4519369715322,9.823737965508887],[123.4518879121689,9.823819233918162],[123.4518463689205,9.823900284924585],[123.4517826365042,9.824035038791099],[123.45172295100679,9.824184879340903],[123.45166958173628,9.82431796254368],[123.4516340662892,9.824409407360154],[123.4515846118169,9.82449588639347],[123.4515186208285,9.824588540478976],[123.451447660693,9.82467317213499],[123.45137606032281,9.8247442947078],[123.4513094600558,9.824796300791956],[123.45124504247319,9.82482395975749],[123.4511946867933,9.824832373126686],[123.45113252195549,9.824831341804254],[123.45107484867319,9.824818196380726],[123.4510735127402,9.824818204483039],[123.45100259553479,9.824799899117089],[123.45090769662829,9.824801919771032],[123.4507991646114,9.824823764914123],[123.4506422312078,9.824871740775325],[123.45052762472392,9.824894156432665],[123.4503247191766,9.824953619655005],[123.45017635702338,9.824999399049311],[123.45008852213083,9.82501686676999],[123.45002604176283,9.825021621016827],[123.44997942318453,9.825013753141269],[123.44992917913538,9.824993263499575],[123.44985887184141,9.824956460159136],[123.44978923998482,9.82492626423663],[123.44971523092822,9.824912525323239],[123.44964187487842,9.824912534266304],[123.44954801949652,9.82492241287371],[123.44941894786231,9.824949316440728],[123.44930251368893,9.82497225731709],[123.44920980350064,9.824985318226421],[123.44911917479803,9.824989803156758],[123.44905760261383,9.824989551487375],[123.44901721282291,9.82499779505395],[123.44896241419433,9.82502991270754],[123.44892238290443,9.825059606880147],[123.44888365192841,9.825107203556104],[123.44882337142111,9.825152020371107],[123.44878497311262,9.825170640882355],[123.44873485276862,9.825179463032333],[123.44867797126442,9.825177420200724],[123.44858869260023,9.825171353466608],[123.44850476720103,9.825165567798217],[123.44844338285552,9.825150827771244],[123.44836135857183,9.825127793512168],[123.44830767957683,9.825128503937309],[123.44827284327793,9.825124706397846],[123.44817028655062,9.8251029567991],[123.44804836662513,9.825075529142302]]}},{"type":"Feature","properties":{"ID":"122710","Name":"31","Descriptio":"","brgy":"","OBJECTID":"0","NPAAAD":"","ORIG_FID":"0","Shape_Leng":"0.000000","Shape_Area":"0.000000","AGENCY":"","APPROVED_B":"","ATTESTED_B":"","PREPARED_B":"","YEAR":""},"geometry":{"type":"LineString","coordinates":[[123.4621099961024,9.810998672289335],[123.4620992314992,9.811159807129735],[123.4620904259407,9.811315671137516],[123.46204357476589,9.811402006810942],[123.4619842496989,9.811480935547682],[123.4619214297711,9.811533860496393],[123.4618322544763,9.81157837678273],[123.4617238100227,9.811576381404446],[123.4616344479611,9.81158228045722],[123.46149509979412,9.811591022038073],[123.461298177196,9.81162916854485],[123.4611372143732,9.81164989628991],[123.46106242671671,9.811627371239846],[123.46097384954649,9.811567897680412],[123.4608530736552,9.811461399362662],[123.46076024987882,9.811409204213868],[123.46069826088171,9.81143394609602],[123.46064521161699,9.811500448251843],[123.4605934649067,9.81156642663585],[123.46047357478548,9.811738498818332],[123.4603838489405,9.811865302244714],[123.4602849604566,9.811957640432574],[123.46019897713,9.81200955347302],[123.46011185359461,9.812023373671867],[123.46000206969879,9.812020780445277],[123.4598898809251,9.812002154799261],[123.45982051923131,9.811967069047434],[123.4597279759966,9.811901727640555],[123.4595543752729,9.811780488630736],[123.4594016917996,9.811691107311105],[123.45924856975819,9.811611866631441],[123.4591816809548,9.811589797425082],[123.45889515408379,9.811542134893648],[123.4587935091066,9.811517069421479],[123.4586872195077,9.811509348329693],[123.4586210020878,9.811530444206035],[123.4585515251368,9.811572291767819],[123.45847407334759,9.811639710120263],[123.45838904433899,9.81174394614442],[123.45833574338221,9.811797651224765],[123.4582881856444,9.811840101686224],[123.4582213098982,9.811860729626959],[123.4581593936023,9.811858900888218],[123.45804631776821,9.811851639791708],[123.45796530311118,9.81183538657561],[123.45796153118968,9.811837354773813],[123.4578937365719,9.811836327118789],[123.45775577958729,9.81187473879579],[123.4575456139502,9.811910297861248],[123.45742611149929,9.811900607341427],[123.45734997655599,9.811885377327243],[123.4573470892768,9.811884508093751],[123.4572559095292,9.81187531801649],[123.4571543349066,9.811923660092194],[123.4570743087536,9.811963191098444],[123.4569051718235,9.811942519540496],[123.45688595454939,9.811941070417975],[123.4568822712421,9.811938396513249],[123.4568057297278,9.811923524315683],[123.45665318867948,9.811942190969651],[123.45656289642679,9.811987453945568],[123.4565593487122,9.811989326179399],[123.4564052855069,9.812057174398936],[123.4563049922459,9.812114876022555],[123.4562440113678,9.812155021406923],[123.4561465630401,9.812194820309108],[123.4560166886093,9.812236687469321],[123.45591812507169,9.812251158705681],[123.4558473230055,9.812248986772905],[123.4557629129659,9.812215253138898],[123.4557046239965,9.812170758771684],[123.45566662987672,9.812105097769601],[123.4556430028909,9.812045972196408],[123.4556221013201,9.811983682919319],[123.45560024750411,9.81190263514072],[123.45556274521991,9.811791516182419],[123.45550316491729,9.811682813109684],[123.4554616256526,9.811652017758778],[123.45540882997199,9.811636130555488],[123.4553109694395,9.811629042145277],[123.45530312978939,9.811626677252312],[123.45524619120269,9.811622069489083],[123.45508551105598,9.811601356818658],[123.454959964079,9.811575801629937],[123.4548546097386,9.811542445913064],[123.45463780511568,9.811501385366695],[123.4545342070925,9.81149246751701],[123.45447470760709,9.811477536762238],[123.45442445859979,9.811455870577355],[123.4543362678889,9.81138401114618],[123.4542470756095,9.811301690989263],[123.45409620960321,9.811186184983628],[123.45404087300389,9.811155533362937],[123.4539900197055,9.811132999913779],[123.4539597540724,9.811102064203078],[123.45393520327919,9.811066377379587],[123.45390094919159,9.811009987813248],[123.45387220737659,9.810963234531902],[123.4538028617045,9.810881090602283],[123.45376196688561,9.81085824355636],[123.45372353365072,9.810860256691862],[123.45367117928228,9.810873552132358],[123.4536686974515,9.810872856118669],[123.4536132135907,9.810915618658578],[123.4536100516856,9.810917262559062],[123.4535527735636,9.810970864293598],[123.4534628795265,9.811039180052084],[123.4533735410915,9.811111062081261],[123.45317911857688,9.811244529998136],[123.45300940444558,9.811380074995334],[123.45290135125468,9.811446111703697],[123.45276949520452,9.811536013058037],[123.45271154959251,9.811603084906654],[123.4526484964366,9.811720015191074],[123.4526118606374,9.811790087933895],[123.4525472572881,9.811896268356968],[123.4524924815708,9.811955825212664],[123.45243408258848,9.811993940707413],[123.4523773647701,9.812013332028357],[123.4523098969844,9.812016409601455],[123.4522314200982,9.812009488587446],[123.4521174950499,9.811993738178248],[123.4520213569672,9.811973311044055],[123.4519193767873,9.811958012870189],[123.4518533796815,9.811951598595533],[123.45175492742239,9.811958718131976],[123.45164230405344,9.811949216944353],[123.4515657407244,9.811913578415778],[123.45156260229999,9.811911367975549],[123.45148366499062,9.811868461378062],[123.45136430826778,9.811777991731791],[123.45119805356192,9.811676487862593],[123.4510947127591,9.811647017170255],[123.45099583573942,9.811636388434577],[123.45089545246233,9.811618126990657],[123.45084267828703,9.811610355740568],[123.45075279847663,9.811587440941954],[123.45067444493402,9.811572339468539],[123.45060017012383,9.811572026058984],[123.45054853535854,9.811576101157563],[123.45047491497704,9.811591966300098],[123.45038175332051,9.81163095966906],[123.45027889081872,9.811673255160114],[123.45016998751642,9.811702294276389],[123.45008914232231,9.811719631615011],[123.45001622186503,9.81173460853856],[123.44996163391603,9.811729211439754],[123.44991426744572,9.811709461580872],[123.44986514682212,9.811682091569592],[123.44982066035723,9.811628303407968],[123.44976710582003,9.811576794224699],[123.44972698882582,9.811544768142735],[123.44967380017943,9.811503179550819],[123.44962936428993,9.811492833405781],[123.44962670470332,9.811490876926628],[123.44959494415723,9.811495764872781],[123.44955434268994,9.811506952984407],[123.44949546159403,9.811526027963124],[123.44944316656262,9.811511545116808],[123.44940075824823,9.811496527998298],[123.44935764540753,9.811463606524931],[123.44929800938101,9.811434685118204],[123.44923642280153,9.811423912399285],[123.44917353760742,9.811415982836811],[123.44916362650513,9.811416282696518],[123.44915900552543,9.811417079103405],[123.44910499460873,9.811419366738825],[123.44909317398724,9.811419068944597],[123.44905252816491,9.811424219909144],[123.44899179070262,9.811431917028004],[123.44894350243614,9.81145096058664],[123.44888430490201,9.811484101482119],[123.44879852456131,9.811513001229052],[123.44870877316612,9.811534073461953],[123.44862948576721,9.811554362940983],[123.44858337451082,9.811580974363505],[123.44854526557631,9.81161479464841],[123.44848967066844,9.811673885660788],[123.44842331615452,9.811740839487392],[123.44835975602373,9.811775608510711],[123.44830640977463,9.811792691608384],[123.44823674371152,9.811790665274543],[123.44815696202092,9.811793217048542],[123.44807899052151,9.81179184376943],[123.44796871580962,9.811793274586735],[123.44780072171064,9.81182620102303],[123.44767874252732,9.811841954398956],[123.44756338171841,9.811862707589139],[123.44747943334603,9.811880320292424],[123.44743348257784,9.81189304429507],[123.44740346850791,9.811913484574545],[123.44738391033863,9.811937122263174],[123.44736379842412,9.811962657896796],[123.44734779116702,9.811995175962803],[123.44732968450683,9.812046233374875],[123.44731907421983,9.812110723572406],[123.44730805200423,9.812192292188916],[123.44729889592982,9.812252668641497],[123.44729366589573,9.812294875472789],[123.44727672520723,9.812334229077548],[123.44724701576123,9.812362929779463],[123.44721415349973,9.812380262064186],[123.44716871325053,9.812386768880778],[123.44709635129512,9.812382747881546],[123.44701914592403,9.812368883166425],[123.44696796678043,9.81234852758652],[123.44690380127864,9.812309092084222],[123.44685159051363,9.812279353084048],[123.44683178036091,9.81222073581972],[123.44681425943114,9.812181545446816],[123.44678950955422,9.812154735307544],[123.44674524271893,9.812146954293254],[123.44669402172153,9.81215646840755],[123.44662108569501,9.812178449614896],[123.44655645309503,9.812206400143198],[123.44649898225691,9.812237873655922],[123.44644979031493,9.812248995134468],[123.44639337414363,9.812253413906932],[123.44634857995493,9.812245086810206],[123.44628471522651,9.812220277786787],[123.44621819940372,9.81219294190655],[123.44613892970501,9.812172607765705],[123.44608500661003,9.812171290241924],[123.44602728612722,9.812176845533791],[123.44597158317211,9.812169056230383],[123.44589651515074,9.812152995760098],[123.44584364182353,9.812139804341044],[123.44578530652542,9.81212005545306],[123.44573438472412,9.812098578513531],[123.44569099577133,9.812095186820107],[123.44560142708872,9.812100708139312],[123.44553085329643,9.812098664579059],[123.44545613894971,9.812087914070359],[123.44538973691901,9.81207734024486],[123.44532303844811,9.812061976427502],[123.44527831804052,9.812042664457563],[123.44524965551481,9.81202004985464],[123.44522695393131,9.811986017421114],[123.44521025956792,9.811935538309621],[123.44516349665213,9.81182014683895],[123.44511979902882,9.811728423345489],[123.44509087368422,9.811697090598315],[123.44504247880853,9.811662766736571],[123.44497506608181,9.811639511112286],[123.44492250519022,9.811631886187918],[123.44484261786002,9.811631912817923],[123.44477039935852,9.811641010783031],[123.44469788608923,9.811650566802301],[123.44463654577363,9.81166369535522],[123.44457975632582,9.811679701589872],[123.44453247318182,9.811709380742649],[123.44450250510234,9.811731414905534],[123.44446384714732,9.811757901148484],[123.44442533451651,9.811789674597197],[123.44438639039883,9.81181841862075],[123.44435070466841,9.811840255471962],[123.44430410278423,9.811871263477675],[123.44428201750523,9.811888533501406],[123.44426003914772,9.81191834234188],[123.44424029443792,9.811952037810151],[123.44421007369372,9.812008014493573],[123.44418861233153,9.812057385345243],[123.44415982579531,9.81210638618008],[123.44412832744311,9.812145302865911],[123.44410467016303,9.812167207165906],[123.44407517092301,9.8121821956046],[123.44403764668742,9.812197081566936],[123.44400042046503,9.812214423597142],[123.44397107008271,9.812229339804395],[123.44394058495061,9.812248917223506],[123.44390279672072,9.81227842889555],[123.44385398612093,9.812319533048623],[123.44379597282624,9.812369558145154],[123.44374191851962,9.812423126577398],[123.44370080472243,9.812463800676598]]}},{"type":"Feature","properties":{"ID":"122711","Name":"32","Descriptio":"","brgy":"","OBJECTID":"0","NPAAAD":"","ORIG_FID":"0","Shape_Leng":"0.000000","Shape_Area":"0.000000","AGENCY":"","APPROVED_B":"","ATTESTED_B":"","PREPARED_B":"","YEAR":""},"geometry":{"type":"LineString","coordinates":[[123.45164230405344,9.811949216944353],[123.45174896283771,9.812026971635703],[123.45188159376468,9.812116119817253],[123.4519791809807,9.81218383720191],[123.45206239842159,9.812255146496913],[123.4521318920401,9.812316483677446],[123.4522054579754,9.812367476671467],[123.45227232954352,9.812412641645397],[123.4523293351718,9.812450963012834],[123.4523672882396,9.812480606464423],[123.4523964258424,9.81250658345881],[123.45241851611759,9.81253895881653],[123.4524361184581,9.812587184160199],[123.4524442167978,9.812641231984186],[123.4524622394465,9.812678826531062],[123.4524999065638,9.812712784800114],[123.4525631364496,9.812751097042428],[123.45260548241498,9.81279064776888],[123.45263533018701,9.81282984732886],[123.4526658886394,9.812903004296098],[123.4526772499501,9.812948838116744],[123.4526876160371,9.813017855291596],[123.45269456976622,9.81309312697899],[123.4526946726033,9.813154654581796],[123.45270222401909,9.813195924048609],[123.4527270214515,9.813223767526033],[123.4527634750327,9.813245979160573],[123.45278542366749,9.813271323910424],[123.4527778329948,9.813317454607256],[123.45275383991299,9.813383252310691],[123.45270555559108,9.813442224234958],[123.45263122101349,9.81349357764702],[123.4525437338842,9.81353968588068],[123.4525398385251,9.813540646851209],[123.4524635172781,9.81356140233889],[123.4523911680715,9.813566092535991],[123.452292692768,9.81355211413432],[123.4521671322366,9.813525429953552],[123.45211059901989,9.813503956953577],[123.4520622332124,9.813483807045465],[123.45200993816339,9.813455572859118],[123.45197174270248,9.813445895797988],[123.4519292443542,9.813444040131701],[123.4518848207402,9.81345368482987],[123.4518391379586,9.813475611128023],[123.45179669672359,9.813505321994104],[123.4517574978932,9.813536498638094],[123.451720707662,9.813556968747482],[123.4516766836865,9.813577097171127],[123.45162759271939,9.813585811717372],[123.45158551046273,9.813603778006135],[123.4515471992254,9.813632736997786],[123.45151886943539,9.813668166010677],[123.45149188216863,9.813726544160788],[123.4514680478614,9.813779245939438],[123.45144631206819,9.813819032742254],[123.45140554687929,9.813864671879147],[123.4513716814571,9.813912549724977],[123.45135901302703,9.813946248883983],[123.45135738074461,9.813989130176353],[123.4513685001448,9.814022129429828],[123.4513917123281,9.814063669780863],[123.45143697991422,9.814121739626817],[123.4514989660672,9.814196996974758],[123.45153605618569,9.814245724204534],[123.4515833422415,9.814332064937306],[123.45163644631111,9.81440508153438],[123.45168647054709,9.814472376854674],[123.4517176239515,9.814519628792878],[123.45173811448649,9.814570184058924],[123.45175857618298,9.81463862601058],[123.45176987111678,9.814687716218971],[123.4517902183741,9.814729066717916],[123.45182367392148,9.814774327153268],[123.45193119559801,9.81488228583655],[123.452016632039,9.814971362034115],[123.45207035226528,9.815028990979565],[123.4521352215596,9.815066951498686],[123.45222253264768,9.815114622865643],[123.4522766206467,9.815140840779023],[123.4523366081187,9.81518378502727],[123.45238632122658,9.815227651130426],[123.4523882426144,9.815229346559637],[123.45242498918039,9.815248279938608],[123.45250413049529,9.815263813273043],[123.45258617535418,9.81526949047049],[123.45264837171268,9.815276040637075],[123.4527088107596,9.815284440826924],[123.4527907016884,9.815315216792994],[123.4529197471643,9.815357547865696],[123.4530174521291,9.815397130413052],[123.45311522386709,9.815422296083268],[123.45322015241318,9.815427086559332],[123.45336502594378,9.81540914382513],[123.4534937936503,9.81540002488417],[123.453636203598,9.815410047980057],[123.45375997054889,9.815409835764326],[123.45386369076908,9.815413556626245],[123.4540037385269,9.815445757158729],[123.4542058877717,9.815484451507794],[123.4543322876592,9.815477381251387],[123.4544121941614,9.815491336465984],[123.45449286976039,9.815507395576745],[123.4545655705399,9.81553298216148],[123.4546861983164,9.815569799754984],[123.4547684359461,9.815591945779826],[123.45484168024468,9.815608687868757],[123.4549107992021,9.815609513580982],[123.4549816067561,9.815590024753456],[123.4550619072624,9.815551819684917],[123.45515260886688,9.815515097334924],[123.45522955983579,9.815514436308252],[123.45529753204148,9.815515230605161],[123.4553819480355,9.815532523987285],[123.4554446666705,9.815543787270283],[123.4555673917263,9.815544181370685],[123.45566315555999,9.815561229532644],[123.4557256808706,9.81557782456927],[123.45578584658209,9.815605877628835],[123.4558201976463,9.815636228981052],[123.4558521229036,9.815678087790207],[123.45586673804969,9.815708591389068],[123.4558776450308,9.815751524067007],[123.45587893232519,9.815787985517431],[123.4558958027203,9.815820666871577],[123.45593243706838,9.815847305550196],[123.4559955425941,9.815875726128779],[123.4560829702074,9.815899933351968],[123.4561620103571,9.815918504024548],[123.456222880612,9.815928792126005],[123.45627511019408,9.81593335725876],[123.4563247056635,9.81594736473483],[123.4563853207887,9.815986755545358],[123.4564370820254,9.816036128081965],[123.4564629424034,9.81607864742181],[123.4564792191477,9.816160586661468],[123.4564838268725,9.8162907573292],[123.45648556970988,9.816348465422786],[123.45649347058249,9.816395797343441],[123.4565094635097,9.816424159850015],[123.4565472720685,9.816455709310045],[123.4566015449039,9.816487627677734],[123.4566422967811,9.81650138802928],[123.45668628564529,9.816511857939558],[123.45673069893088,9.81650437136745],[123.4567803390313,9.816491345359491],[123.4568532695269,9.816449390167982],[123.45694742480521,9.816389194849744],[123.45702915028369,9.816359587268305],[123.45713671078701,9.816314688529978],[123.4572242511225,9.816291587083999],[123.45730607664841,9.816287446485722],[123.4573740621271,9.816295484474745],[123.4574983347329,9.816351078755204],[123.4576484901492,9.816428896117907],[123.4577658525313,9.816496181936554],[123.4578491767135,9.816528330412291],[123.45793589404309,9.816563020870356],[123.457990335815,9.816570222795509],[123.45804280693189,9.816572646696786],[123.45808591833641,9.816568256239954],[123.4581232101716,9.816560445782393],[123.45814909675781,9.816532858074796],[123.458190445162,9.816476167380626],[123.45824065515531,9.816374828806225],[123.45827331871101,9.816307554938806],[123.4583133890959,9.816244478598195],[123.45836613698769,9.816172542853105],[123.4584253323837,9.816135683476965],[123.45846396572419,9.816118605219776],[123.45853824121879,9.816119897852623],[123.45859567184951,9.816142000225035],[123.45866286686919,9.816180405408478],[123.4587158862084,9.81622389012133],[123.4587658394748,9.816278217621148],[123.45881544788479,9.816353925000827],[123.4588532257418,9.81640999380041],[123.45888833489239,9.816439013808779],[123.4589279511413,9.81646308880285],[123.45898046056318,9.81646068855054],[123.4590307253047,9.816435992195736],[123.45908738006639,9.816384963459257],[123.4591537439543,9.816340692398706],[123.4592083873408,9.816306483966592],[123.4592979235609,9.81628368018074],[123.4593674588969,9.816272363871404],[123.45945395904039,9.816249818617898],[123.45948583490821,9.81622509184079],[123.45954170996829,9.816181764180707],[123.4596179412621,9.816138519848773],[123.4596742373631,9.81612419268297],[123.45973819852209,9.816121191453224],[123.4598195727648,9.816148139783225]]}},{"type":"Feature","properties":{"ID":"122712","Name":"33","Descriptio":"","brgy":"","OBJECTID":"0","NPAAAD":"","ORIG_FID":"0","Shape_Leng":"0.000000","Shape_Area":"0.000000","AGENCY":"","APPROVED_B":"","ATTESTED_B":"","PREPARED_B":"","YEAR":""},"geometry":{"type":"LineString","coordinates":[[123.44713002057321,9.822304535440914],[123.44719257066433,9.822249265754758],[123.44728665496092,9.822225610862652],[123.44741788200831,9.822218323486892],[123.44759197301633,9.822209895101437],[123.44773847695282,9.822201601155118],[123.44782867017253,9.822207093309146],[123.44791710413351,9.822228126444605],[123.44803509678941,9.822258688333688],[123.44811340420293,9.822275295989233],[123.44819710273622,9.822283558171879],[123.44826694504073,9.822265671686115],[123.44838172510572,9.822232510349256],[123.44851299044824,9.822187551778368],[123.44864259477612,9.822124312529741],[123.44873508873312,9.822072811012747],[123.44880614395062,9.822004046619487],[123.44888637116111,9.821909045754456],[123.44894533007232,9.821838525025116],[123.44897635131693,9.821781068485857],[123.44901583907262,9.82169315722384],[123.44904120931582,9.821618878590643],[123.44907842567643,9.82155298793467],[123.44914316455991,9.821462553391301],[123.44918934560043,9.821324847240705],[123.44920726773853,9.821230287716782],[123.44921192728931,9.821149540104981],[123.44920857761952,9.821096748870362],[123.44924315750212,9.82103046613857],[123.44927434900303,9.82098484417788],[123.44932048023813,9.820952016762684],[123.44939305319721,9.82091961754931],[123.44946580605684,9.820898075157402],[123.44956854586152,9.820873377126587],[123.44963838457303,9.82085340531226],[123.44969518699673,9.82083026115878],[123.44977827520263,9.82077349151184],[123.44987470246483,9.820703599453593],[123.44995383234271,9.820655274714868],[123.4500854544242,9.820596096817457],[123.45019173289484,9.820560668394629],[123.45027668516764,9.82052533848901],[123.45040832442218,9.820440137984141],[123.45050153453722,9.820361971875284],[123.4506135063975,9.820294758952185],[123.45069855601832,9.820218529937867],[123.4507536173916,9.820162914292524],[123.4508028823695,9.820096894564092],[123.4508247427594,9.82004614241452],[123.4508267828936,9.81999384061679],[123.45080603411363,9.819955959315964],[123.45077952246112,9.81993639129152],[123.45072047435103,9.819914067305628],[123.4506916861522,9.819911946987764],[123.45064134532872,9.819901252462602],[123.45058821707411,9.819869001271316],[123.45053915906651,9.819817683777556],[123.45050064757693,9.819748472026202],[123.4504488546858,9.819655922325257],[123.45041006708723,9.819574571235892],[123.4503826025666,9.819502904046045],[123.45035669190561,9.81941340388633],[123.45034404274222,9.8193234133143],[123.45034505965911,9.819227613791242],[123.45035874925411,9.819151486977226],[123.45038156885822,9.819094555932608],[123.45042470550511,9.819030165567453],[123.4505078586371,9.818983636266179],[123.45059892930371,9.818933135637007],[123.45065596485082,9.818883329193033],[123.45069085401052,9.818834384328698],[123.45072887833601,9.818777634965869],[123.45075671400002,9.818733904767495],[123.45078993182344,9.81870927569434],[123.45083116901908,9.818694463173177],[123.45084089798009,9.81869178013611],[123.45090893614842,9.818685078305313],[123.4509686569077,9.818685859050353],[123.4510231275689,9.818686383628881],[123.451078307449,9.818657394040603],[123.4511482528693,9.818594478538454],[123.45120508185609,9.81854341093304],[123.45124329432223,9.818493755365282],[123.4512882429591,9.818418107953995],[123.4513208258997,9.818366324639713],[123.4513853635656,9.818292660192725],[123.4514437504702,9.818232373481877],[123.4514885610261,9.818159670544732],[123.45151640187208,9.818094563588978],[123.45151794287528,9.818023898198831],[123.4515092302053,9.81796099472263],[123.4514747860786,9.817867538989724],[123.45146420151019,9.817809190709964],[123.45148492316811,9.817742382295025],[123.4514877216941,9.817739893417361],[123.4515087396772,9.81766740688392],[123.45152767894959,9.81758617652329],[123.4515151983208,9.81750052127941],[123.45150653959651,9.817427851972683],[123.45150884765269,9.817368127052594],[123.4515528266378,9.817309437917366],[123.45160161607281,9.81727267398592],[123.4516655472611,9.817251481490883],[123.45177279591339,9.817234698102553],[123.45189790109269,9.817225896188889],[123.45190518023898,9.817225729168895],[123.4519197488427,9.817225394414079],[123.4520142696869,9.817221522441823],[123.45201768964351,9.817220589722176],[123.4520267260919,9.817219956528056],[123.45214772726008,9.817234834073043],[123.45223023808519,9.8172351431417],[123.4523082677911,9.8172085093075],[123.452415433034,9.817131938777676],[123.4524206227533,9.817130631972065],[123.45245636463919,9.817073481447432],[123.4525043583481,9.81697941879294],[123.45253920658519,9.81687231823374],[123.45259533759848,9.816793149713249],[123.4525971021776,9.816792674371463],[123.4526737486925,9.816739960087641],[123.4527093675763,9.816724751763575],[123.45279914117829,9.816698821321749],[123.4528049535536,9.816699154730154],[123.45287173485279,9.816719194564497],[123.45294173137898,9.816742431331916],[123.453015017397,9.816768910662068],[123.45309635058848,9.816774342609298],[123.4531360359832,9.816769669023428],[123.4531788298902,9.816745879982301],[123.4532659438733,9.816606690817169],[123.45349293855121,9.81628628964318],[123.453519306915,9.816194913756883],[123.4535364324176,9.816139702323815],[123.4535722358278,9.81608402017539],[123.4536041741828,9.816019698478424],[123.4536173052383,9.81595627416836],[123.4536245480008,9.815898366947053],[123.4536497258024,9.81583227292317],[123.4536862627872,9.815773810099355],[123.4537446327254,9.815715574406678],[123.45374818185579,9.815711333076662],[123.45376075819209,9.81570288686562],[123.45381563509339,9.81566695982465],[123.4538901012944,9.81563743903654],[123.45395078406159,9.815601368779827],[123.45399318803359,9.815572926508455],[123.45404693745549,9.815544842088885],[123.4541286827445,9.815522973476165],[123.4542058877717,9.815484451507794]]}},{"type":"Feature","properties":{"ID":"122713","Name":"34","Descriptio":"","brgy":"","OBJECTID":"0","NPAAAD":"","ORIG_FID":"0","Shape_Leng":"0.000000","Shape_Area":"0.000000","AGENCY":"","APPROVED_B":"","ATTESTED_B":"","PREPARED_B":"","YEAR":""},"geometry":{"type":"LineString","coordinates":[[123.46573271485926,9.808344228530558],[123.46553079218809,9.808508348622409],[123.4654753224883,9.80858877944106],[123.46539554385069,9.808781627965416],[123.46531518391899,9.808858402880226],[123.46520185066528,9.808941156890725],[123.46508350183169,9.809016129033267],[123.46486451496139,9.80918793959685],[123.4647725831211,9.809344430374335],[123.46471690285759,9.809520695510821],[123.46471536339139,9.809762088641921],[123.4647283248457,9.809875275900781],[123.46471859306318,9.809953629449979],[123.46469312278178,9.810005386784958],[123.46466394093099,9.810048219572664],[123.46462683344619,9.810081886155178],[123.46457301024971,9.810099055363592],[123.4645126293926,9.810105519265512],[123.46446081999939,9.810116657670088],[123.46442178530549,9.810128508081691],[123.46439775939439,9.810155535938785],[123.46435824665299,9.810209841446131],[123.4643015215268,9.81037567895357],[123.46426822570169,9.810512000839],[123.4642366849012,9.810660294719536],[123.4642204259281,9.810849828008815],[123.4641049442042,9.811219882161694],[123.4640215988861,9.811545018645463],[123.4639963491569,9.81166477253972],[123.46392891376289,9.811731790375994],[123.4638481266646,9.81180660068396],[123.4637528517544,9.811872882543259],[123.4636517582215,9.811935029099914],[123.46360319797999,9.811989218082534],[123.46358098828959,9.81206883505045],[123.4635820611103,9.812138028351104],[123.46361126596479,9.812238737053274],[123.4636358641689,9.812322568985623],[123.4636730546521,9.812365902112719],[123.46372424442059,9.812393232407016],[123.4637832948759,9.812427296057216],[123.4638405681267,9.812473681138233],[123.46386158370758,9.812517076433949],[123.46387058579249,9.812578379576845],[123.4638370647472,9.812667135861576],[123.46380176812168,9.812709860730179],[123.46373937760448,9.812727333380371],[123.4636315182061,9.812749316604124],[123.46354056661289,9.812758332986943],[123.463408954452,9.812775870286428],[123.46333676661939,9.81277962160351],[123.4632737955256,9.812809020435253],[123.46323750219038,9.812844829405284],[123.46319977389749,9.812880249429924],[123.46315465346841,9.812895062673151],[123.46304927019499,9.812884914022998],[123.46286378571759,9.812853489235806],[123.46257624383848,9.812778364237632],[123.46241667751066,9.812735077278218]]}},{"type":"Feature","properties":{"ID":"122714","Name":"35","Descriptio":"","brgy":"","OBJECTID":"0","NPAAAD":"","ORIG_FID":"0","Shape_Leng":"0.000000","Shape_Area":"0.000000","AGENCY":"","APPROVED_B":"","ATTESTED_B":"","PREPARED_B":"","YEAR":""},"geometry":{"type":"LineString","coordinates":[[123.45451748530311,9.85183794665335],[123.45461534878719,9.851692840008365],[123.454664665278,9.851616114873515],[123.4547553962752,9.851471960213884],[123.4548914217083,9.851332218995564],[123.45508615265109,9.851171157669475],[123.4551486625054,9.851071442410372],[123.4551811890891,9.850961354256933],[123.45517887950369,9.850873213181329],[123.45515625067691,9.8507949332951],[123.45513534966919,9.850708709795407],[123.455116162929,9.85062306992947],[123.45511574159599,9.850617546356604],[123.45510034157711,9.850484254725203],[123.4551229300202,9.850338084002553],[123.4551542286961,9.850220923934746],[123.4551762465631,9.850091307856326],[123.4551621946808,9.849973823593574],[123.45512897722578,9.849895707887383],[123.45506068525428,9.849834996069005],[123.45494645208508,9.849743396077473],[123.4548697192391,9.84966154169229],[123.4548050906172,9.849526658440954],[123.45474710510189,9.849353368764591],[123.4547001381867,9.849162861253829],[123.4546651286644,9.848931131111048],[123.45462570170639,9.848758863133364],[123.45458348350108,9.848680868543756],[123.45448036063898,9.84856936751903],[123.45441628802338,9.848513108950163],[123.45435897120238,9.848468294689376],[123.4542563289617,9.848411817215997],[123.45414595576662,9.848336777421977],[123.45409110892498,9.848250901759453],[123.45408358635359,9.84819583373149],[123.45410439928371,9.848042320822342],[123.45416587953139,9.847865544131857],[123.45420984489859,9.84767096549036],[123.45427462115359,9.847391945379629],[123.45430358753252,9.847139338963405],[123.45430446114341,9.846902897231594],[123.45428070312101,9.846732600285012],[123.454248454058,9.846588303743196],[123.4542457343314,9.84650285748982],[123.454251827782,9.846391232867752],[123.4542820517083,9.8462322406745],[123.4542442614786,9.846087382287715],[123.45418675411351,9.845866184218703],[123.454166144619,9.845710177912023],[123.4541571031358,9.845500234432548],[123.4541275208217,9.845371440937916],[123.454067326114,9.845288942815767],[123.45400477694349,9.845237249668964],[123.453889927618,9.845153693056446],[123.45378386838878,9.845077212986693],[123.4537058637803,9.844989449604533],[123.45364949518871,9.844868177741088],[123.4535533488323,9.844666956708254],[123.45348219182918,9.844547770779647],[123.4534033857967,9.844455065172568],[123.4533037937245,9.844362114734206],[123.45320525106081,9.844280025274966],[123.45310786295738,9.84420983959457],[123.45304409712371,9.844131442772701],[123.4530141031786,9.844027377127874],[123.45300577943259,9.843931238134976],[123.45300590095991,9.84376249845709],[123.4530340065771,9.843562440787425],[123.4530666819058,9.843351951773947],[123.4530691389646,9.843185126226032],[123.4530463565048,9.84303718709236],[123.45299051423689,9.842919211210846],[123.452903547235,9.842756483910371],[123.4528414141774,9.842616177048447],[123.45278759798718,9.842475455998276],[123.45275867285008,9.842351067000852],[123.4527701149633,9.842244914661341],[123.4527942001559,9.84216924667872],[123.4528567997257,9.84210233502311],[123.4529567597785,9.842046940490997],[123.45316815520479,9.841934962190319],[123.4532967737934,9.841827690461173],[123.4534137525254,9.841715238001024],[123.45352396763569,9.841589216441408],[123.45364393104231,9.841419506101953],[123.45372567057889,9.841310531961135],[123.45384712784629,9.841164915593103],[123.4539029686524,9.841061671106312],[123.4539442868342,9.84094653685785],[123.45396010116549,9.840829543418561],[123.45394278608698,9.840658801623553],[123.45391813013158,9.840448248775969],[123.4539098200955,9.840292893640779],[123.45392253658,9.840135945121864],[123.45395596228761,9.839912928187122],[123.45398917677979,9.83971166468857],[123.45399202418972,9.839520797367406],[123.4539575939493,9.839363981270482],[123.4538990739138,9.83923241661062],[123.45379626421659,9.839066400160194],[123.45350130468461,9.838776574878029],[123.45345401236129,9.838718067784097],[123.45342170919959,9.838650497588771],[123.4534056332241,9.838543724198946],[123.4534148962984,9.838407678633715],[123.4534284455244,9.838231626492062],[123.453482470151,9.838042505226847],[123.4535457938841,9.837865660526203],[123.4535887299324,9.837746796996308],[123.4535952076585,9.837660011917107],[123.45356327279849,9.837568782125528],[123.4535231741142,9.837519923391305],[123.4534660718933,9.837472165502685],[123.4533625929738,9.83742806080687],[123.45322492278459,9.837372396291798],[123.45312542561709,9.83731450643414],[123.4530238133819,9.83722197395733],[123.45291659858559,9.837096504975836],[123.45285135253552,9.836991860713743],[123.4528048568008,9.83688696893566],[123.4527819652598,9.836817265612913],[123.45277676747381,9.836749285192566],[123.4527847991579,9.836683635440702],[123.4528218425125,9.836645577266559],[123.45288077687589,9.836620153065647],[123.45296889729049,9.836593379048972],[123.453077116119,9.836537221586921],[123.4532083396359,9.836479497550043],[123.45334829967558,9.836400723232275],[123.4534774697528,9.83633838066969],[123.4536501535164,9.836250297519628],[123.45378033353458,9.836200201186221],[123.453916933118,9.836153687117003],[123.45401714522562,9.8361174622131],[123.45409356480779,9.836078462315779],[123.45416077728498,9.836009497089227],[123.4542245503627,9.835925425264307],[123.45430453476828,9.835808235077893],[123.4544152640419,9.835644241932139],[123.4544944581148,9.835571626764066],[123.45452595653188,9.835537151925779],[123.4545841790514,9.835513628425923],[123.45467387843489,9.83549689802614],[123.4548015521708,9.835497207504766],[123.45490838925419,9.835529114697643],[123.45504568457321,9.835596875632653],[123.45515854561499,9.835667413952935],[123.45525832718239,9.835754916513421],[123.45531278290889,9.83582118703442],[123.45537888295378,9.835910622122416],[123.45544357693359,9.835989534619328],[123.4555084960969,9.836046841650933],[123.45561579654701,9.83605943553839],[123.4557926738725,9.836046423014082],[123.4559580258833,9.836008098868563],[123.4561334770275,9.835962072795882],[123.45624856336349,9.835909711889508],[123.4563651659868,9.835853823660022],[123.4564281292437,9.835796238098373],[123.45646485603311,9.835730232452674],[123.4565342775558,9.835579806859613],[123.4565763654949,9.835493721117082],[123.4566143877874,9.83541254604029],[123.4566841096225,9.835255375272242],[123.45674143293239,9.835092886490628],[123.4567540071796,9.83501710485319],[123.4567408364817,9.834940777342151],[123.4567154236487,9.834888724959885],[123.4566502100461,9.834793316737855],[123.4565469335019,9.834683313930617],[123.4564735757059,9.834608770240742],[123.4564090468255,9.834504993150633],[123.45635218804819,9.83442422008332],[123.45631173990859,9.834342998893295],[123.45629835889031,9.834266427190268],[123.4562921319219,9.834198576054249],[123.4562895261863,9.834116835551034],[123.45628925529599,9.834063076480804],[123.4562858234942,9.83397160356675],[123.456274696132,9.833808243986933],[123.45626967207669,9.833704277488277],[123.4562631462005,9.833602000414515],[123.45624463512289,9.833502877175453],[123.4562135814346,9.833460405168275],[123.456159777309,9.83340365728404],[123.45607056199141,9.833346001642482],[123.4559743732976,9.833309441800198],[123.45590291230579,9.833264385733065],[123.4558609320247,9.833212162583314],[123.45583755119499,9.833135282433902],[123.45584064163138,9.833049680488603],[123.45585287136409,9.832947731740663],[123.45589144225688,9.832854727385094],[123.4559711138079,9.832760554396522],[123.4560824358177,9.83267131296212],[123.45622634165831,9.832557842894962],[123.4564293630158,9.832400301483784],[123.4565566314413,9.832277903118383],[123.45676951697172,9.83209006144141],[123.45696797177769,9.831893113313189],[123.4570838671799,9.831813157849245],[123.45717598082149,9.831758513899773],[123.4573370433982,9.831685253293966],[123.45747994021859,9.83161114649467],[123.45760362512328,9.831503278959447],[123.4577803639078,9.831326883391892],[123.45794000341711,9.831158768280748],[123.45811662700939,9.830954523592693],[123.4582900465327,9.830753798498336],[123.45852105366129,9.83051912989788],[123.458640399759,9.830401541666996],[123.45879178261889,9.830297825324545],[123.4589210051281,9.830204607866849],[123.45908612689259,9.830094348267387],[123.459186226431,9.830025150860653],[123.4593600007172,9.829961966406383],[123.45951740976409,9.829917841085136],[123.45963863022371,9.829879143433368],[123.45980267961849,9.829838193850176],[123.459965893352,9.829786946744543],[123.46018022837889,9.829727447768494],[123.4604076097343,9.829664523656476],[123.4605540283356,9.829614247613186],[123.46067908488449,9.829556217357398],[123.46079498383608,9.829513342118808],[123.4608642562465,9.82947024385007],[123.46091439796692,9.829429012471408],[123.4609797106902,9.829369336849291],[123.46104710770139,9.829303669632594],[123.461103703714,9.829237593758318],[123.4612052541147,9.829138695146806],[123.4612724658367,9.829082167510723],[123.46134618237899,9.8290181981589],[123.4614221757941,9.82893036731398],[123.4614676163414,9.82888371248859],[123.46151644410679,9.82880300138606],[123.46155510724348,9.828730672559903],[123.4615943814602,9.82864362098963],[123.46161191415642,9.828591333768687],[123.46162705684078,9.828527977329719],[123.461645134365,9.828459475528195],[123.46166068070488,9.828403835107906],[123.46169035908831,9.828362452467754],[123.461720064601,9.82833029255883],[123.4618177957596,9.828262988377414],[123.4619069331955,9.828171288212612],[123.461983407755,9.828105849921972],[123.46209592955229,9.828013675644693],[123.4622768576365,9.827870899113611],[123.4624186900308,9.827762732575344],[123.46249622379719,9.827684015568583],[123.4625746487408,9.827574079656653],[123.46261339931159,9.827487292508533],[123.4626401250321,9.827383318295146],[123.46265551621919,9.827292835023766],[123.46265836458149,9.827191943666945],[123.4626616022776,9.827135476480015],[123.4626579502415,9.82709040460029],[123.46264765578049,9.827040141842414],[123.46262390185528,9.826965046675278],[123.462590341536,9.82690826424957],[123.462560910687,9.826833674429679],[123.4625615892472,9.8267861984622],[123.4625635870322,9.82669862348665],[123.4625909755043,9.826615477534357],[123.46265158326901,9.82654047727215],[123.4627041288081,9.826451274145375],[123.4628204255041,9.826282380663748],[123.4629285126498,9.826108360500278],[123.462983781728,9.826015887244067],[123.4630366959301,9.825900203539092],[123.46309924041991,9.825759389410303],[123.46314576287568,9.825669942876901],[123.46320278057638,9.825556488778698],[123.46323965568739,9.82548311263545],[123.4632842556967,9.825349995808125],[123.46332918436468,9.825199735977414],[123.4633458506111,9.825100788449125],[123.4633649083026,9.825018626066056],[123.46338555731339,9.824927420811608],[123.4634408629768,9.82481692070496],[123.46349676293801,9.824715710969453],[123.4635971956532,9.824556970914577],[123.46373097268479,9.824385083966941],[123.46387132870281,9.824239049689435],[123.4639569972219,9.824130121466608],[123.46401727755119,9.824013758305181],[123.4640495250849,9.823886558633436],[123.46408298181562,9.823679655572223],[123.4640923458023,9.823500289194028],[123.4640773111647,9.823390754720565],[123.4640660586796,9.82327481291783],[123.46405291300529,9.823167101670776],[123.4640277256062,9.823086039237717],[123.46402670646549,9.823023325483272],[123.46404243775949,9.822965258316993],[123.4640831643691,9.822928897183019],[123.46411840284489,9.822906299972976],[123.4642230353756,9.82286007106027],[123.46429379247459,9.822831692723918],[123.4643503908714,9.822781215686884],[123.46445010640271,9.822638855985975],[123.4645320495442,9.822513513896839],[123.46460653350319,9.822413083951073],[123.46472945727939,9.822310289996004],[123.46484108492169,9.822242678731026],[123.4649782641243,9.822120006823779],[123.4651255626843,9.821960830821322],[123.46523737639689,9.821845834396845],[123.4653394935644,9.821776836109388],[123.46562288555718,9.82168021813207],[123.46586203098069,9.821600734916466],[123.46604435272998,9.821536422211617],[123.46619307245099,9.82147047533009],[123.4662411145832,9.82142631912178],[123.46626645271078,9.821366931695334],[123.46627438824319,9.821302106070037],[123.46626163348691,9.821242834857014],[123.46622494374668,9.8211559732479],[123.46617697140088,9.821053296785282],[123.4661639081829,9.820974992748004],[123.4661733492581,9.820912011289375],[123.46620415008628,9.82084834700334],[123.4662602716268,9.820795937864025],[123.4663626079432,9.820758697417292],[123.466466541599,9.8207499672449],[123.4665859585283,9.820740026036372],[123.4667007004278,9.82071956950018],[123.4668294920688,9.820712796092543],[123.4669333674694,9.8207212432688],[123.46706288364548,9.820741334097756],[123.46720591097609,9.820766143130445],[123.467300419508,9.820784634595718],[123.4673976524654,9.820786647923319],[123.4674663824528,9.820772422440418],[123.4675142479481,9.820734700501317],[123.46756845309788,9.82067936030829],[123.4676093047095,9.82060756066547],[123.46769559005381,9.820414766462154],[123.46778087270289,9.820303257204767],[123.46792338240292,9.820183726940332],[123.4679798085115,9.820075425675496],[123.46799875309391,9.819964684689008],[123.4680041938506,9.81986124471213],[123.4679931743783,9.819725978087762],[123.46796663098574,9.819576873151753]]}},{"type":"Feature","properties":{"ID":"122715","Name":"36","Descriptio":"","brgy":"","OBJECTID":"0","NPAAAD":"","ORIG_FID":"0","Shape_Leng":"0.000000","Shape_Area":"0.000000","AGENCY":"","APPROVED_B":"","ATTESTED_B":"","PREPARED_B":"","YEAR":""},"geometry":{"type":"LineString","coordinates":[[123.4703960454503,9.82057369465155],[123.47047735018191,9.820578450602177],[123.4705104080894,9.820543762806986],[123.4705246814196,9.820468588795325],[123.4705277182408,9.820391133923586],[123.4705255550514,9.82028199777836],[123.4705307678792,9.820185385597458],[123.4705572140229,9.820074333245328],[123.4705804732187,9.819937753463227],[123.470574631362,9.819817275668147],[123.47055889934519,9.819704141872528],[123.47052818209988,9.819610277679672],[123.4704721214371,9.819520762703453],[123.470420907018,9.819437495654572],[123.47041159788868,9.819344926734606],[123.4704313074972,9.819256780409624],[123.47050258218799,9.819148711007072],[123.4706513414825,9.819021696233635],[123.47073462551738,9.818996294026165],[123.4708598548036,9.819016470087291],[123.4709746059327,9.819027128544016],[123.47105942012661,9.81902735021174],[123.4711083947362,9.818997377115547],[123.47113987768,9.818976548524956],[123.471201380146,9.818935100487558],[123.4712407701039,9.818910703966669],[123.4712983481761,9.818900173353503],[123.47137102435902,9.818901384309926],[123.47143212598588,9.818931445704386],[123.4715253922802,9.819026232212426],[123.4715967968003,9.819089523779924],[123.4716610652568,9.81911514812718],[123.47172992299859,9.81913705510942],[123.4717647760905,9.819172444179562],[123.47177135450349,9.819223649664329],[123.47175741282311,9.819272531776726],[123.47169193249131,9.819284879482998],[123.471612479922,9.81927208709205],[123.47152952833859,9.81927151614355],[123.47144446866248,9.819319243646083],[123.4713891856118,9.819397982589448],[123.4713235557009,9.819492638071308],[123.4712993071642,9.81960853746835],[123.47129098428569,9.819722415305966],[123.47134607566349,9.819973908085549],[123.47145001240949,9.820183750913053],[123.4715218406431,9.820277153837058],[123.4715888602464,9.820360868215555],[123.4716298731653,9.820417466674472],[123.4716581155297,9.820492949208427],[123.47168195863019,9.820598934794244],[123.4715252021866,9.820826762366643],[123.47148630351519,9.820994324271727],[123.4715154153215,9.821274943911048],[123.4715288457724,9.821468389412082],[123.47161984067742,9.821739033663397],[123.47176089366438,9.821974209047724],[123.471882521467,9.822206551912],[123.4719152939526,9.822329884940169],[123.47187022300369,9.822501024252782],[123.4717592143694,9.822648310263464],[123.47167387243351,9.82284540801781],[123.4717129279751,9.823000176898445],[123.4718420231113,9.823364414533843],[123.47194381677079,9.823592975463422],[123.4721188388968,9.823860202091245],[123.472219197806,9.824032879858429],[123.4722612751926,9.824170765851726],[123.47223428049661,9.824327860551682],[123.4721982369575,9.82445132427197],[123.47221687641161,9.824575442309657],[123.47229702424781,9.824688250318484],[123.4723911701329,9.824797650403607],[123.4724987930745,9.824919418633476],[123.4725332862052,9.82500891416751],[123.47251214307418,9.825170742770553],[123.47244923799448,9.825246564449673],[123.4722919536225,9.825381523544147],[123.4719251756582,9.825652861192093],[123.47179413273122,9.825800392844787],[123.4715522091886,9.826152938361538],[123.47133792100199,9.826401766640751],[123.471244720038,9.826482086047582],[123.47101939720679,9.826587590727236],[123.47082998579481,9.826678532923427],[123.4707693024213,9.826754328503066],[123.4707245435359,9.826838909100402],[123.47068219356049,9.82694982890097],[123.4706709581263,9.827043307997648],[123.4706999305268,9.827153534134727],[123.4707556696156,9.827262231080478],[123.4707899777382,9.827372856880295],[123.4707730128648,9.827478861913386],[123.4707183860057,9.827631820829984],[123.4706723064042,9.827731612622152],[123.4707141642843,9.827856494906804],[123.470743192137,9.827915043243854],[123.47073943577578,9.828057288104402],[123.47076897406218,9.828135641697797],[123.4707986783196,9.828214435348182],[123.4708617280102,9.828262198881243],[123.471028707545,9.828296742743278],[123.47119831578318,9.828331829997255],[123.47125561747501,9.828402103812575],[123.47126110922389,9.82847456043541],[123.47121094453568,9.828623689794167],[123.47115545227881,9.828789153890748],[123.47117613370288,9.828884758798443],[123.47122869711079,9.828974570414792],[123.471289990423,9.829113685001133],[123.47132100267488,9.829265446753768],[123.4713071205017,9.8295025067311],[123.47133453806389,9.829605051759392],[123.4713847174733,9.829683095734481],[123.47155179353189,9.829794230018136],[123.4716957768512,9.829909711171759],[123.47180802657329,9.83006651996595],[123.4718824796926,9.830135718789311],[123.4719522524915,9.830151324446199],[123.4720418706535,9.83011108323995],[123.4720573126104,9.830040954734574],[123.4721203267933,9.829957453843512],[123.47219811218419,9.829925195583543],[123.47228817844679,9.82993494797605],[123.4723588803701,9.829965668317],[123.47242631849139,9.830038521671332],[123.47251822674198,9.830197372370845],[123.47258200161458,9.83034879417378],[123.4727052500197,9.83041343296505],[123.47280922271719,9.830406827597011],[123.4729805032665,9.83038805962109],[123.473147552741,9.830406635907856],[123.4732440387036,9.830454011117412],[123.4732940218582,9.830508848419237],[123.47330476941879,9.830580924942959],[123.47329753815139,9.830662395072002],[123.47326505780919,9.830743712601098],[123.4732575244537,9.830795067716535],[123.47325923543559,9.830872442231305],[123.4732447464241,9.830978485031563],[123.47317112494788,9.831137951219254],[123.47302008180588,9.831378039029348],[123.4729087378165,9.831642190694629],[123.4728699280966,9.831773334472848],[123.4728934336302,9.831917594939355],[123.47299833713579,9.832268299759528],[123.4730385872468,9.832427190975736],[123.4730594689298,9.832552871633105],[123.4730271424738,9.8326735313212],[123.47281752458571,9.832841147460346],[123.4726859438171,9.832887878731666],[123.47251440610769,9.832913968338918],[123.4723989764552,9.833025976874788],[123.4722493164633,9.83326893999381],[123.4720020972022,9.833742753743488],[123.4718671750542,9.834069060449359],[123.4717963045057,9.83431195006257],[123.47179022195628,9.834767171788842],[123.4717454165569,9.834896621831398],[123.47160188261171,9.835006066684485],[123.47140944767149,9.835077685695339],[123.47121664212901,9.835148845171254],[123.4710194045285,9.835052781456582],[123.47081169547381,9.835000249706615],[123.47058703005061,9.834991025202322],[123.47040236109979,9.835013381284332],[123.4702286299435,9.835115472688779],[123.47007577157589,9.83533051694972]]}},{"type":"Feature","properties":{"ID":"122716","Name":"3","Descriptio":"","brgy":"","OBJECTID":"0","NPAAAD":"","ORIG_FID":"0","Shape_Leng":"0.000000","Shape_Area":"0.000000","AGENCY":"","APPROVED_B":"","ATTESTED_B":"","PREPARED_B":"","YEAR":""},"geometry":{"type":"LineString","coordinates":[[123.53411707383896,9.755830302512145],[123.53443293680515,9.757472765608352],[123.53471539398593,9.758944531381445],[123.53505487842524,9.760615870753476],[123.53529413669303,9.761778590664104],[123.53549581716615,9.762358409262896],[123.53545533842465,9.764058638075324],[123.53542488289445,9.765208443904038],[123.53589105094835,9.76520009930316],[123.53595514570824,9.764084715222666]]}},{"type":"Feature","properties":{"ID":"122717","Name":"37","Descriptio":"","brgy":"","OBJECTID":"0","NPAAAD":"","ORIG_FID":"0","Shape_Leng":"0.000000","Shape_Area":"0.000000","AGENCY":"","APPROVED_B":"","ATTESTED_B":"","PREPARED_B":"","YEAR":""},"geometry":{"type":"LineString","coordinates":[[123.477025601305,9.835812862643714],[123.4769693149713,9.83570161306449],[123.4768504706721,9.83519064629357],[123.4767759938993,9.834720909762435],[123.4767301027943,9.834347368219992],[123.47675799743548,9.833759059942759],[123.4766488811178,9.833503507768345],[123.47635914286398,9.833245342283984],[123.4761218687725,9.833006717021968],[123.47610101038791,9.832455894390344],[123.47605158733371,9.832265602163542],[123.475911059341,9.832007290153504],[123.47580837029979,9.831784592314383],[123.47567843095659,9.831654454999752],[123.475589835431,9.831517372762564],[123.475564138888,9.831374535111973],[123.47557368706099,9.831281598450307],[123.47548331774469,9.831170739500845],[123.4753309284814,9.83108300223965],[123.47517433276559,9.830982233112726],[123.4750083416656,9.830801297039626],[123.47488600426529,9.830743354500346],[123.4748183784468,9.830746671243713],[123.4747571812451,9.830787995103384],[123.4746882319514,9.830855833083778],[123.4745710785053,9.830921524784369],[123.47448902517588,9.830927387239077],[123.4744045252434,9.830912817132578],[123.47435428948299,9.830877733458468],[123.47425502665308,9.83075253565338],[123.4741526492116,9.830607664893837],[123.47401903270729,9.830513763909023],[123.473930633295,9.830467144908862],[123.4738578890315,9.83044961122866],[123.47370268343089,9.830468033694956],[123.47352175509909,9.830496788547395],[123.4732940218582,9.830508848419237]]}},{"type":"Feature","properties":{"ID":"122718","Name":"38","Descriptio":"","brgy":"","OBJECTID":"0","NPAAAD":"","ORIG_FID":"0","Shape_Leng":"0.000000","Shape_Area":"0.000000","AGENCY":"","APPROVED_B":"","ATTESTED_B":"","PREPARED_B":"","YEAR":""},"geometry":{"type":"LineString","coordinates":[[123.47853133971499,9.85030679569436],[123.47856003446348,9.850308201709069],[123.4786079402503,9.850299024129272],[123.47862848848808,9.850295087456217],[123.4786559033602,9.850289835844405],[123.47869019804068,9.850283265454381],[123.4787245224769,9.850276689969055],[123.4787588755275,9.850270108627251],[123.4787932925699,9.850263518056828],[123.47882777105319,9.850256916583561],[123.4788553778365,9.850251630673256],[123.47888164195018,9.850239667894561],[123.47890655982098,9.850221022073015],[123.4789314938174,9.85020236370448],[123.47895781199288,9.850190371802974],[123.47898414784471,9.850178370359037],[123.4790118729784,9.850173043578751],[123.47904640471789,9.8501664047627],[123.4791437766794,9.850175515317588],[123.47915188174049,9.850180918094479],[123.4791762066573,9.850197134158938],[123.4792073429399,9.850212060592144],[123.47922623107569,9.850236313938156],[123.47925060738639,9.85025256678891],[123.47927500095909,9.850268830519832],[123.4792926010316,9.850286402293166],[123.47931154033019,9.85031071051941],[123.4793359775696,9.850327009110016],[123.479360431682,9.850343318946102],[123.47938490227828,9.85035964069141],[123.47940389619309,9.850384004407228],[123.479429735298,9.850407093343327],[123.4794597547617,9.850415416752547],[123.4794842604084,9.850431683050044],[123.4795115802395,9.850426400391152],[123.4795457245576,9.850419798123049],[123.47957303674168,9.850414517122864],[123.4796003450295,9.850409236608042],[123.47962496740799,9.850390481615152],[123.479649584711,9.850371731265609],[123.47967419549438,9.85035298476062],[123.47970014398089,9.85034097636509],[123.47972474450529,9.850322237255902],[123.47974117588119,9.850298088914663],[123.4797562594277,9.850267217266687],[123.47977268201488,9.850243082304903],[123.4797946970925,9.85021095180796],[123.479808552044,9.850173400158454],[123.4798237424156,9.8501425660069],[123.47984710931799,9.850117137934625],[123.4798636397374,9.85009301704817],[123.4798883506178,9.850074304365984],[123.4799048887319,9.850050173404032],[123.4799214312063,9.850026037559314],[123.47993797625219,9.850001896557897],[123.47995452495279,9.849977750757414],[123.47997792816808,9.849952280579418],[123.4799903902972,9.849907950631621],[123.47999999398888,9.849885142483245],[123.48001371504269,9.849847577460249],[123.48001374502772,9.849812665007095],[123.4800206163984,9.84977644487653],[123.4800274862881,9.849740237683056],[123.4800343531333,9.849704043081037],[123.48004121803699,9.849667861728019],[123.4800426052368,9.849639719226637],[123.4800467411498,9.849590159548566],[123.48005359978738,9.849554018882355],[123.4800577091716,9.849539301130516],[123.4800563684972,9.849497810096786],[123.48005775245478,9.849469718741336],[123.48005913560328,9.8494416356527],[123.4800673486387,9.849412234912489],[123.4800687302912,9.849384168948458],[123.48007693964931,9.84935478392945],[123.48009333790971,9.849330758730773],[123.4801681971675,9.849246994616168],[123.4801992593722,9.849227350583677],[123.4802235849701,9.849208940453341],[123.4802492031125,9.849197266417379],[123.48027350046578,9.849178875648079],[123.48030711242168,9.849172706879934],[123.48034069658429,9.849166543320084],[123.4803675437459,9.849161616111767],[123.48039437263762,9.849156692123321],[123.48042118375669,9.849151771290739],[123.48045467287051,9.849145625177663],[123.48048274002238,9.849147419279783],[123.48056246304068,9.849167472502804],[123.48058562664998,9.849177080833107],[123.4806196116424,9.849205481437386],[123.4806425885632,9.849249722838083],[123.48064653777209,9.849269713744764],[123.480666756275,9.849300506858198],[123.48068696855009,9.849331292272657],[123.480693551727,9.849364608991339],[123.48069618513989,9.849377936362497],[123.4807232037224,9.84940743703301],[123.48073527998729,9.849432814149047],[123.4807541602768,9.849456911046232],[123.48075942818429,9.849483560843273],[123.48077150103349,9.849508930550702],[123.4807903745012,9.849533013652168],[123.4808079253839,9.849550428410815],[123.480839076302,9.849565270959298],[123.4808676604627,9.849566834108849],[123.4808948842685,9.849561742961793],[123.4809207523913,9.849550010410248],[123.48095336734819,9.849537028160979],[123.4809723833502,9.849526593759613],[123.48099683003811,9.849508274331102],[123.4810212446305,9.849489979132874],[123.48103756158861,9.849466333341761],[123.48105384736151,9.849442680264369],[123.4810768412857,9.849417752821793],[123.481086357068,9.849395350058794],[123.4811025985446,9.849371703949542],[123.4811255552411,9.849346824263714],[123.4811270203864,9.849319063683186],[123.48114324057198,9.849295453402101],[123.48115142320168,9.849266463405025],[123.4811596039476,9.849237471875357],[123.4811610664866,9.849209681752471],[123.4811759587866,9.849179432170619],[123.4811921574542,9.849155832877964],[123.4812256854411,9.849149717844499],[123.4812537851519,9.849151465387155],[123.48128707117618,9.849179726029988],[123.4813095542823,9.849223642696824],[123.4813307180873,9.849260867296922],[123.48133592723279,9.849287291534214],[123.4813583739528,9.849331038496398],[123.4813622762086,9.849350837835134],[123.4813820984401,9.84938133896659],[123.48140060669019,9.849405222798511],[123.48142039730311,9.84943567741641],[123.4814401717787,9.849466106436362],[123.48145070054841,9.849484602924317],[123.48147579139228,9.849507155827284],[123.48150085709489,9.849529686488342],[123.4815113593996,9.849548146126411],[123.48154167651468,9.84956282707879],[123.4815666202124,9.849585317803939],[123.48159555076221,9.84959340262211],[123.48162572166059,9.849608028708158],[123.481668974746,9.849620108962192],[123.4816990339152,9.849634687735321],[123.48172650076918,9.849636175822583],[123.48176300577599,9.849649458181208],[123.48179817602659,9.849656194307816],[123.4818255078599,9.849657663686708],[123.4818553316309,9.849672157452959],[123.481882585837,9.849673614042722],[123.48190980297899,9.849675068968644],[123.48194471681299,9.849681757948842],[123.48196017319249,9.849692224104727],[123.48201793165198,9.84974824033295],[123.4820410238916,9.849763866962778],[123.48204852612429,9.84980272569307],[123.4820560252059,9.849841565320848],[123.4820687044686,9.849872628792383],[123.48208262276519,9.849910134605114],[123.48210297214519,9.84994631623381],[123.482113151703,9.849964395868858],[123.48212457962211,9.849988923079854],[123.48214240873119,9.850012127717962],[123.48216022185218,9.850035311788501],[123.48217926902889,9.850064920782783],[123.48218941026299,9.850082936309098],[123.48220204323039,9.850113823657635],[123.48220703561431,9.850139580512323],[123.48221462469881,9.850178249182816],[123.482218279672,9.850231099189923],[123.48221432702059,9.850245278918685],[123.48220645073688,9.85027365719334],[123.4821986684918,9.850302095848424],[123.4821857401829,9.850338338715863],[123.4821703036801,9.850361731528384],[123.4821625079684,9.850390213119752],[123.4821534573397,9.850412266932585],[123.4821608168829,9.8504844489884],[123.48216067044271,9.850518007950717],[123.48215677052589,9.850532265964866],[123.4821526712879,9.850580045500465],[123.48215514545969,9.85059288517009],[123.48214491923291,9.850642340343876],[123.48213877975749,9.850677749233803],[123.48213637537872,9.85069873119537],[123.48212888835499,9.850727678090701],[123.4821213928992,9.850756656491331],[123.48210612260579,9.850780562451035],[123.4820935069518,9.850817590527631],[123.48208464009998,9.850840123696361],[123.482068217833,9.85089181633992],[123.48206577979649,9.850912960658906],[123.48205554445609,9.850929014389964],[123.4820479770549,9.850958226413933],[123.48203393289948,9.8509889443542],[123.4820276829388,9.851024811011952],[123.48202522488569,9.851046055066677],[123.4820138205787,9.851090077861276],[123.4820125844871,9.851117780455208],[123.4820124341483,9.851151659832901],[123.4820175701675,9.851177677622578],[123.4820252741346,9.851216699901505],[123.4820369778845,9.851241351227197],[123.4820618120796,9.851263274133311],[123.48208007246009,9.851286550137418],[123.4821128809432,9.851279738850407],[123.4821456699347,9.851272931447511],[123.482171887859,9.851267488336537],[123.4822027818964,9.851253317349265],[123.482227588879,9.851241263682752],[123.4822525016851,9.851229387498096],[123.4822825917384,9.851209578377079],[123.4823074810536,9.851197714196172],[123.48233236079669,9.85118585453838],[123.48235584364518,9.851167380099422],[123.4823872634403,9.851154224504596],[123.4824107192331,9.851135767942955],[123.48243416215328,9.851117321494945],[123.4824589870866,9.851105491853213],[123.4824824063928,9.851087062383465],[123.48249786586268,9.851063346583999],[123.4825212600078,9.85104494001634],[123.48253669755358,9.851021252603552],[123.4825521245908,9.850997580980495],[123.48257398084858,9.850972536755204],[123.4825968879147,9.850953802024609],[123.4826197684702,9.850935088701567],[123.48264262187288,9.850916397009572],[123.4826654488628,9.85089772752274],[123.4826932128204,9.85087112216211],[123.4827159793537,9.850852504300176],[123.4827387189257,9.85083390820298],[123.4827599622679,9.85080875536912],[123.48278264739758,9.850790208439427],[123.48280530634892,9.850771683190345],[123.48282941473478,9.850759739597306],[123.48299495280389,9.850657820946864],[123.48301936544108,9.850646197647162],[123.48304719441289,9.85062023314864],[123.4830704901559,9.850602297814387],[123.48309256873858,9.8505779805735],[123.48311863585481,9.850572981622111],[123.4831498896354,9.850560294092055],[123.48317980979009,9.850541169158305],[123.48319802772971,9.85053098234785],[123.4832227615461,9.850519546093699],[123.4832526768349,9.850500424124272],[123.4832695567851,9.850483803577658],[123.4832929513,9.85046593465495],[123.4833150074182,9.850441634224698],[123.48333706016331,9.850417337419756],[123.48335763790756,9.8503865732257],[123.48336596846758,9.850364584624952],[123.4833713920471,9.850329705052959],[123.48338459069949,9.850300018427737],[123.4833914477193,9.850271655453634],[123.48340607241256,9.85024846774793],[123.4834143628139,9.850226588413893],[123.4834289634726,9.850203442102831],[123.48356612596372,9.850081719124569],[123.48358696189779,9.850057463193497],[123.48360799768348,9.850033260661915],[123.48362901555899,9.850009078355185],[123.48364977552458,9.84998489047636],[123.48366994005708,9.849960673861423],[123.4837255640073,9.849877306830585],[123.48373196685827,9.849876047967584],[123.48374785382067,9.849853398987227],[123.48375623700949,9.849825694043735],[123.48376462878088,9.849797961769633],[123.48377302864327,9.84977020245292],[123.48377502055536,9.849743672051074],[123.48378343409829,9.849715857745355],[123.48379075108936,9.849681678694305],[123.48380028575748,9.849660146899646],[123.48380982713037,9.849638599744301],[123.4838333305516,9.849620882941643],[123.48385574333346,9.849596805981609],[123.48387926186427,9.849579076888636],[123.48390496587977,9.849574067671531],[123.48393669132959,9.84956776841465],[123.48396197090626,9.849562725877387],[123.48399239141688,9.849550070206911],[123.48401761985347,9.84954504116588],[123.48404912185886,9.849538761225805],[123.48408058705088,9.849532488681197],[123.48411201484231,9.849526223868176],[123.4841308539755,9.849522468430157],[123.4841622225903,9.849516215230345],[123.4841935545239,9.849509969316633],[123.48421971379045,9.849511314341806],[123.48423959335777,9.849513905698002],[123.48427093094939,9.849507675018282],[123.48429801936017,9.8495090627807],[123.4843262652917,9.8495167832715],[123.48435869403235,9.849510603041713],[123.48439228297188,9.849510754956466],[123.48442587873718,9.84951090747109],[123.48445948075818,9.849511059359049],[123.48449308961786,9.849511211666437],[123.48451906766708,9.849506263788049],[123.48454439544128,9.849501293709846],[123.48457549381648,9.84949506746413],[123.48460034726877,9.849490091600574],[123.48463138250798,9.84948387826827],[123.48466238245797,9.849477671883754],[123.48469334767267,9.849471472357692],[123.48472295326096,9.849458960317163],[123.48474149442809,9.849455250642984],[123.48477236802249,9.849449073136526],[123.48478689986317,9.849426438560434],[123.48481506661378,9.849407672660934],[123.48489010095389,9.849372651959577],[123.48491212489317,9.849353756271151],[123.48494114533068,9.84932636137768],[123.48497507317276,9.849291676198328],[123.48500233635477,9.849272601625772],[123.48502971079986,9.849246243966848],[123.48504694160597,9.84921566531873],[123.48507202548566,9.849190628785216],[123.48508894332846,9.849160278997273],[123.48509985538658,9.849137857808143],[123.48513186217866,9.849111705617608],[123.48515782793727,9.849093481837368],[123.48517568312558,9.84906991858232],[123.48520260508568,9.849058382452196],[123.48522736711668,9.849033668771558],[123.48525312437287,9.849015603443005],[123.48527882446378,9.84899757757992],[123.48530446934767,9.848979591188439],[123.48533592819356,9.848953874385938],[123.48535539631506,9.848936739387604],[123.48538275833448,9.84891793225562],[123.48540282213938,9.848900534539478],[123.48542922803948,9.848875188332652],[123.48546348145777,9.848855261615752],[123.48549046255047,9.848836729042324],[123.48551734915016,9.848818261271347],[123.48554492773508,9.84880646766291],[123.48557789480779,9.848780241353898],[123.48559823311558,9.848769829115742],[123.48562474692667,9.848751604887065],[123.48565789341367,9.848732318251637],[123.48567694659748,9.848715611617315],[123.48571039515937,9.848703127021281],[123.48572932706429,9.848686506936097],[123.48575578009637,9.848675285477409],[123.48578242541267,9.848657084546128],[123.48580846973756,9.848632329055958],[123.48583501761166,9.848614233609037],[123.48586145855985,9.84859621154907],[123.48588779210027,9.84857826226352],[123.48591402029368,9.848560385459372],[123.48594055102026,9.848549174878602],[123.48596527454927,9.848525251739447],[123.48599070969317,9.84850780434118],[123.48601605432425,9.848490419016684],[123.48604130861865,9.848473095430254],[123.48606647309768,9.848455833516265],[123.48609154973559,9.848438632523974],[123.48611653572216,9.848421492520913],[123.48614143457978,9.848404412936047],[123.48616624567809,9.8483873928044],[123.48622777067348,9.848330326235184],[123.48623366456056,9.848322355362027],[123.48626078587905,9.848317962116754],[123.48628521890477,9.848292975302213],[123.48629609503577,9.848270193572867],[123.48631284471517,9.848239470277841],[123.48632282010637,9.848209852158769],[123.48632336543578,9.848160755073994],[123.48631892409357,9.848126463802261],[123.48631625943167,9.848105890441404],[123.48631946924746,9.848077387338407],[123.48632267840436,9.848048891445247],[123.48632588645496,9.848020402700106],[123.48632910101227,9.847991929069163],[123.48633824797457,9.847955618289499],[123.48634147812656,9.847927180237095],[123.48634560183807,9.847905606052803],[123.48634818986308,9.847870583243694],[123.48635139732029,9.847842138810305],[123.48635459200628,9.847813689955535],[123.48636560235727,9.847791227318849],[123.48637198644677,9.847734364343577],[123.48637517673647,9.847705943783296],[123.48639306780048,9.84768260412536],[123.48641002792566,9.847652396349359],[123.48641321220757,9.84762399914029],[123.48640951096738,9.84759650835622],[123.48640488542055,9.847562153180244],[123.48639933675187,9.847520938884283],[123.48639378927777,9.84747973765935],[123.48639101647657,9.847459141756646],[123.48638639612926,9.84742482266861],[123.48638177692037,9.847390512747042],[123.48637808192777,9.847363071245242],[123.48637069551097,9.84730820533836],[123.48636608006737,9.847273926041364],[123.48636238887377,9.847246508470581],[123.48635778736268,9.84721225309527],[123.48635263748817,9.847171400619855],[123.48634454493046,9.847116153857117],[123.48634046753986,9.847088532944861],[123.48633241958277,9.84708241780912],[123.48632834787657,9.847054820190131],[123.48631088440457,9.84702920672669],[123.48629922211006,9.846995792372109],[123.48629237705308,9.846947726906246],[123.48628846827017,9.846920278445703],[123.48628260854535,9.846879129321309],[123.48627577671449,9.846831158303573],[123.48626706558828,9.846818384157126],[123.48625543163676,9.846785069930638],[123.48623898896295,9.846766377212035],[123.48622833645597,9.846739923587528],[123.48621768745018,9.846713478179955],[123.48620027993366,9.846687955335062],[123.48617611215955,9.846663349040016],[123.48615870979768,9.846637832397397],[123.48614034324167,9.846605488262423],[123.48613067886076,9.846585904765961],[123.4861132853161,9.84656040260276],[123.48610266073918,9.846534001809227],[123.48609203951487,9.846507609294544],[123.48603181877307,9.84637000936933],[123.48601761418708,9.846316487427003],[123.48600712961736,9.846290177225015],[123.48599664624197,9.846263871229395],[123.48597939353746,9.846238447690284],[123.48596214055647,9.846213024689554],[123.48595166213968,9.846186727440921],[123.48593441139137,9.846161307533468],[123.48593071086907,9.846134146200123],[123.48592516210655,9.846093420786502],[123.48592151239399,9.846066285463063],[123.48592282607657,9.846024734319972],[123.48592596301278,9.845996758517687],[123.48592231543655,9.845969650146284],[123.48593901511947,9.845939982861562],[123.48594801402598,9.84590441634943],[123.48595792032847,9.845875636937366],[123.48598228045657,9.845851939287606],[123.48599217234238,9.845823189726321],[123.48600875680657,9.84579361529583],[123.48602527043896,9.845764067666352],[123.48602731502959,9.845729474123257],[123.48604569568697,9.84571346249637],[123.48605542756766,9.845684811535609],[123.48606609670216,9.845662918204757],[123.48607581625195,9.845634300955552],[123.48610262216637,9.845528266051195],[123.48611267823807,9.845499634579198],[123.48612864818978,9.845463434078079],[123.48613189284099,9.845435656411558],[123.48613424669207,9.845401151016409],[123.48614429436827,9.845372546149328],[123.48613984226688,9.845338891660978],[123.48613717126368,9.845318701650962],[123.48613183006077,9.845278327483454],[123.48612235685728,9.84525897877414],[123.48611199462867,9.8452329038469],[123.48609305134657,9.845194212579871],[123.48607588784846,9.845168976280764],[123.48605872546726,9.845143741049306],[123.48603052446425,9.845092796276127],[123.48602534566807,9.845059597441423],[123.48602120712968,9.845033064929154],[123.48601133136106,9.845013998410948],[123.48599262791157,9.844982518493973],[123.48598542126537,9.844936217421472],[123.48597454426266,9.844910604995421],[123.48597043828097,9.844884201418155],[123.48596633530248,9.844857820936678],[123.4859622359724,9.844831463715881],[123.48596386898376,9.844797741777763],[123.48595977496218,9.844771437487154],[123.48595573312896,9.844745118319661],[123.48594988758457,9.844705510549753],[123.48594501983767,9.84467253222937],[123.48594015623925,9.844639579827806],[123.48594306824856,9.844612380793349],[123.48593918000897,9.8445860535294],[123.48593432351157,9.844553168163067],[123.48592850084778,9.84451373908351],[123.48592365276426,9.844480909985474],[123.48591298925268,9.844455520019933],[123.48590229412318,9.844430187465823],[123.48588947980828,9.844391979188009],[123.48587868800696,9.844366816792524],[123.48586113721949,9.844342525733277],[123.48584936780316,9.844310917531962],[123.48584636995137,9.84429145979429],[123.48582586606047,9.844247802558549],[123.48581612290829,9.844229233258961],[123.48581413394177,9.844216295245205],[123.48579566384588,9.844185669294891],[123.48578396067107,9.844154228840457],[123.48577325806586,9.844129269919353],[123.48576831834667,9.844097042193498],[123.48576141113807,9.844051980180598],[123.48575845384669,9.844032688037679],[123.48575156134896,9.843987720486266],[123.48575435218827,9.843961207994253],[123.48574845310966,9.843922749476684],[123.48574452443417,9.843897137242688],[123.48574059886708,9.843871546129275],[123.48573482854997,9.84383301758795],[123.48573115239778,9.843807081587533],[123.48572747769516,9.843781157543653],[123.48572380458945,9.843755244710476],[123.48571781784958,9.843717234286617],[123.48571478905707,9.843698315373082],[123.48570873912577,9.843660521393433],[123.48569895758187,9.843642614098735],[123.48568717709827,9.843612158828421],[123.48567641492755,9.843588019674616],[123.48566666518626,9.843570176250342],[123.48564818816708,9.843540796383218],[123.48563103105258,9.843517111683505],[123.48561503372147,9.843499372773731],[123.48559711576029,9.84346903165111],[123.48559230573957,9.843437538129884],[123.48556690526148,9.843401537417588],[123.48555461442245,9.843364404788433],[123.48555270130717,9.843351843153807],[123.48553388601498,9.843315338642679],[123.48552353167575,9.843290830270256],[123.48551318462947,9.843266337521008],[123.48550284435727,9.843241861512375],[123.48549620221077,9.843198083621326],[123.48549146397269,9.843166853523302],[123.48548114702396,9.843142448906926],[123.48547358741816,9.843092586971823],[123.48546423183485,9.843074459255451],[123.48545294208056,9.843044052489988],[123.48543607083357,9.8430204641129],[123.4854257296873,9.842996354027594],[123.48536622933698,9.842910388367068],[123.48534931030848,9.84288620633933],[123.48532690110277,9.842869198256336],[123.48529604836449,9.842840114998223],[123.48527267393138,9.842816709444227],[123.48524930930647,9.842793313855903],[123.48522237314987,9.842789863150733],[123.48519252162887,9.842767206589857],[123.48515617810469,9.842745287787377],[123.48512825269316,9.842735426684529],[123.48510682498069,9.84272483061726],[123.48507888691348,9.84271496444576],[123.48505093966536,9.842705094956804],[123.48500806009308,9.842683892416561],[123.4849726335387,9.842668350329754],[123.48494384991658,9.842651933669272],[123.48490602095298,9.842616696805814],[123.48488386459758,9.842599384629487],[123.48486169780129,9.842582064160737],[123.48483212538397,9.842558957724199],[123.48480253441637,9.842535836564133],[123.48478682398118,9.84251787375324],[123.4847590179835,9.842507524458135],[123.48474239300707,9.842483154188802],[123.48471364921346,9.842466384949228],[123.48469702124598,9.842442008577914],[123.48467477137149,9.84242462086107],[123.4846525109423,9.842407224752423],[123.4846358817067,9.842382843172466],[123.48463253171347,9.842356742437909],[123.4846357916909,9.842329870723399],[123.4846455866883,9.842302413299734],[123.4846553770735,9.842274968796094],[123.48466598088197,9.842254103790026],[123.48468310150389,9.8422326744897],[123.48470753626678,9.8422172546551],[123.48472461966178,9.842195865476915],[123.48474900048087,9.842180486796591],[123.48476594669107,9.842159376574205],[123.48478366729368,9.84214486979805],[123.48481425832615,9.842129391705432],[123.48483274645079,9.842121419181833],[123.48486322924937,9.84210599416858],[123.48488082393749,9.8420915738444],[123.48491120037576,9.842076209064098],[123.48493594939066,9.842067819075439],[123.4849534496405,9.84205346227424],[123.48498405065806,9.842037461367795],[123.48500257139789,9.842029137337907],[123.4850331297428,9.842013134279881],[123.48505721462699,9.841997775762604],[123.48508211276797,9.8419888543733],[123.48511257391347,9.841972901424525],[123.48513016306728,9.841958206887398],[123.48515331536797,9.841936494151714],[123.48527976572021,9.841847229603692],[123.48528568320738,9.841839905402816],[123.48529599675197,9.841812413086078],[123.48530629532047,9.841784959492122],[123.48530251435949,9.841752867327598],[123.48529949229606,9.841727210652515],[123.4852957167811,9.8416951612824],[123.48529152582375,9.841663245679914],[123.48528725477647,9.84163133997181],[123.48528383608567,9.841605805370328],[123.48527956197688,9.841573874664526],[123.48527528584258,9.84154193009424],[123.48527186253759,9.841516364536783],[123.48526843891486,9.841490789809141],[123.48526501411519,9.841465206369664],[123.48526073162168,9.841433214587942],[123.48525644709507,9.841401209366635],[123.48525882165838,9.84136839594969],[123.48526871281868,9.841341198770381],[123.48528519721066,9.841313220772992],[123.48530997417596,9.841297276648188],[123.48532723995147,9.841275727204184],[123.48534536018037,9.841260592910388],[123.48537007554069,9.841244696377936],[123.48539304131307,9.84121602333872],[123.48541770703909,9.841200165550186],[123.48544721711907,9.841170778263665],[123.48546524932077,9.841155719191095],[123.48548241351297,9.84113428026989],[123.48550613512647,9.841112105341612],[123.48552983478547,9.841089951329465],[123.48554040109299,9.841069301480886],[123.48555813604057,9.841002465698066],[123.48555417164695,9.840970727278489],[123.48555100129516,9.840945345030082],[123.48554862409097,9.84092631336218],[123.48555847743647,9.840899442606709],[123.48556173348996,9.840873256449617],[123.48557151039458,9.840846343740509],[123.48557476473316,9.84082017077718],[123.48559105116138,9.840792554511479],[123.48560814286367,9.840771313478022],[123.48563254261788,9.84075572198708],[123.48565676489417,9.84073991644012],[123.48567365193918,9.840718453761271],[123.48569778363286,9.840702517456016],[123.48572191691729,9.840686579008944],[123.48574686026437,9.840676980711804],[123.48577099970677,9.840661039612444],[123.48580319753346,9.840656965714476],[123.48582815105476,9.840647363189346],[123.48586035901658,9.840643287525559],[123.48587806711946,9.840628155685103],[123.48590141015426,9.840605864494847],[123.48591186603929,9.840585199003344],[123.48591504905147,9.840558935667092],[123.48591823393517,9.840532668494182],[123.48591416377127,9.840500878782185],[123.48591090816169,9.840475446298317],[123.48590121285666,9.84045085294673],[123.48589151766987,9.840426260916251],[123.48587538586709,9.840402512288394],[123.48585925582137,9.84037876650478],[123.48584956337956,9.840354179547022],[123.48583262155186,9.840324081371069],[123.48583020195989,9.840305088508979],[123.48582458577395,9.840260900301805],[123.48582217954198,9.84024196923757],[123.48581897240447,9.840216732849484],[123.4858149646301,9.840185197551945],[123.48581256048708,9.840166281371515],[123.48578766758706,9.840124695784327],[123.48577964046517,9.84011293998294],[123.48575716604549,9.840090282816726],[123.48572185921866,9.840069330752398],[123.48571384381808,9.840057588743077],[123.48569299249448,9.840047543882728],[123.48565931567538,9.8400391986535],[123.48563279025467,9.840036098026431],[123.48559803675047,9.840020657162786],[123.48557621526889,9.840003814635855],[123.48555438641127,9.839986966604677],[123.48553255138948,9.839970113535117],[123.48550227518638,9.839886609850442],[123.48549582900247,9.839835673890455],[123.48550067325507,9.839822055168236],[123.48549583996679,9.839783870012177],[123.48549987726591,9.83976389811495],[123.48549665621877,9.839738451546978],[123.48549343454967,9.839713008882113],[123.48548940925706,9.83968121154666],[123.48549748154336,9.839641316205574],[123.48551285655876,9.839606711057206],[123.48551851381619,9.83959942268421],[123.48553547300007,9.83957757175157],[123.48555885258345,9.83955486807414],[123.48557573827497,9.839533239154205],[123.48559340631846,9.839518024234446],[123.48560304531647,9.839490924406878],[123.48561829526398,9.839456654695613],[123.48562872447178,9.839435939455074],[123.48563032873807,9.839397004880277],[123.48563353636305,9.839370787381267],[123.48563674217529,9.83934458112987],[123.48563834353239,9.839305702483813],[123.48563593995708,9.839286681751519],[123.48563273639208,9.839261329003781],[123.48562953338715,9.839235984574648],[123.48562553154878,9.839204317323444],[123.48562073236715,9.839166335000092],[123.48561673456857,9.83913469820302],[123.48561273831011,9.839103075584932],[123.48559113966286,9.839086542474025],[123.48558075063508,9.839055748502878],[123.48556476143605,9.839032092419039],[123.48554957180858,9.839014757951247],[123.4855455929141,9.838983181062611],[123.48554161600187,9.838951618166739],[123.48553696317435,9.838913605562052],[123.48553465584557,9.838894601202547],[123.48552774798287,9.83883769077442],[123.48552544609757,9.838818757551627],[123.48552237569118,9.838793542451967],[123.48551701165817,9.838749484497386],[123.48551165810018,9.838705513732387],[123.48550860330725,9.838680426608708],[123.48550479026815,9.83864910739497],[123.48550098230797,9.838617832562429],[123.48549641969618,9.838580360617994],[123.48548400839627,9.838531280277655],[123.4854824944499,9.838518831418854],[123.48545820231107,9.838477655981006],[123.48544253143427,9.838454382228607],[123.48542687563537,9.838431131121597],[123.48541123519111,9.838407902569184],[123.48538444305976,9.838398625474577],[123.48536250810285,9.838376202245117],[123.48531285755769,9.838282088949649],[123.48530363197919,9.838258235448764],[123.48529525942565,9.838240643185415],[123.48527158763517,9.838200208450054],[123.48526259247207,9.838176615129886],[123.48525294415448,9.838146992844374],[123.48523703031837,9.838118190487311],[123.48522875506735,9.838100787769735],[123.48521355220167,9.838078120312199],[123.48519014382147,9.838038168667152],[123.48517112742125,9.83797959947626],[123.48516229362849,9.83795639266932],[123.48516036497966,9.837938459302855],[123.48514467290656,9.837910101162743],[123.48512151255079,9.837870647527133],[123.48511275848197,9.837847630815329],[123.48509219360348,9.83783204155818],[123.4850697948615,9.837798724851075],[123.48504745201838,9.837765490710998],[123.4850406269923,9.83776032276989],[123.48501895632117,9.837733062754678],[123.48500413222779,9.837711004267215],[123.48497633865318,9.83768456415016],[123.48495479201905,9.837657453882048],[123.48494042811309,9.837641105434322],[123.48491801563078,9.837607838877538],[123.48490192401978,9.837574030897173],[123.48488671824707,9.837551559895052],[123.48486517804359,9.83752962033231],[123.48485126779639,9.837518949110175],[123.48482905113781,9.837491074154409],[123.4848075087214,9.837469132066502],[123.48478663343448,9.837453116377011],[123.48476575309819,9.837437096118174],[123.48474486716097,9.837421072251418],[123.48471767264716,9.837405625499864],[123.4846891433989,9.83737831987422],[123.4846752067794,9.837367626883347],[123.48465364157569,9.837345662515224],[123.4845697168435,9.837279219697352],[123.4845544380573,9.837256371482702],[123.48453421059568,9.83724681467101],[123.4845126353359,9.83722489764957],[123.48450366188139,9.837201127567132],[123.48449469427767,9.83717737149352],[123.4844983253039,9.837151794674586],[123.4845082413631,9.837125336716241],[123.484512561162,9.837105940646515],[123.4845225098866,9.837079497566398],[123.48452418221177,9.837035590478],[123.4845215480641,9.837011055619742],[123.48451891664268,9.83698654426627],[123.48451563065167,9.836955938210552],[123.48453115134627,9.836922714694358],[123.4845291788772,9.836904400911894],[123.4845327356293,9.836879182690582],[123.4845351826648,9.8368482285886],[123.48452986931537,9.836806109058408],[123.48452683383769,9.83678204353618],[123.48452379784158,9.83675798015759],[123.48452000379989,9.836727903531191],[123.48451545166738,9.83669181620666],[123.4845101411421,9.836649719903512],[123.4845055897825,9.83661364218978],[123.48450331452179,9.836595605182117],[123.48448551319497,9.83655515287805],[123.48447623057478,9.836531913116477],[123.48446542858765,9.836496640568644],[123.48445538296309,9.836467375555268],[123.4844515916481,9.836437306795599],[123.48444230274688,9.836414048236202],[123.48443927005599,9.836389994067984],[123.48443472096109,9.836353916183391],[123.4844316887113,9.836329867351916],[123.48442638280758,9.83628778647643],[123.4844218360702,9.836251722297543],[123.48442430517989,9.836220908079103],[123.48443298920691,9.836189348064275],[123.48444312258201,9.83616981650944],[123.48445949342609,9.83614954185202],[123.48452864835251,9.836097647281967],[123.48454483407112,9.836076534129765],[123.48456794933809,9.836060300251436],[123.4845910390017,9.836044084343923],[123.48461410359019,9.836027886215133],[123.4846371426852,9.836011706170021],[123.4846455561619,9.835979880120131],[123.48463709111148,9.835963138205797],[123.4846217000304,9.835941514237168],[123.4846124496199,9.835918812834441],[123.48457856565456,9.835900337154069],[123.48455929708827,9.835897567246864],[123.48452610514057,9.83588500566659],[123.48449208087459,9.835866464096345],[123.4844727326742,9.835863672568705],[123.4844518032628,9.835848947132048],[123.48443085345319,9.835834206785764],[123.48439902418372,9.835833504376472],[123.48437179983979,9.83581979033712],[123.48434375501088,9.835800076018776],[123.4843234828054,9.835791258562834],[123.48429694836578,9.835783482254048],[123.4842813051425,9.83576161479558],[123.4842656358757,9.835739762922842],[123.48424987576989,9.835718055244556],[123.4842341008155,9.835696327048534],[123.4842183113808,9.835674578109716],[123.4841969873774,9.835659914848817],[123.48418748336589,9.835637019861288],[123.48417797412829,9.835614111560922],[123.4841684590252,9.835591190076237],[123.48416287580031,9.835549140609535],[123.4841596838635,9.835525106039833],[123.4841350482986,9.835486329567852],[123.4841191264699,9.835464472944768],[123.48411750629711,9.835452467141215],[123.48410156615398,9.835430580540107],[123.48409750939389,9.83540053999563],[123.4840934513757,9.835370489479768],[123.48409020369539,9.83534644156465],[123.4840853310556,9.835310357549739],[123.4840842390226,9.835205991550712],[123.4841451622057,9.835128642328005],[123.48416174171359,9.835107592760561],[123.4841719781837,9.83508756141848],[123.4842003667977,9.83505855302681],[123.4842113874055,9.835044561018105],[123.4842287098675,9.835029590959207],[123.4842444079777,9.835002637082546],[123.4842608957696,9.834981704359878],[123.48428356831789,9.834959931562464],[123.48430697175068,9.834944232779884],[123.484330350694,9.834928551225673],[123.4843529141999,9.834906887712544],[123.48438258588008,9.834890169462918],[123.48439974308039,9.834875348861738],[123.4844238884479,9.834865610405789],[123.48444722525518,9.834849888955093],[123.48446897895619,9.834822203147757],[123.4844914806739,9.83480054138727],[123.4845077570277,9.8347798236669],[123.48451705047681,9.834754053120445],[123.4845333020239,9.834733373249453],[123.48454258117751,9.834707636107618],[123.48456498696518,9.834686094971119],[123.4845657498253,9.834594653402394],[123.48456188688189,9.834564764910068],[123.4845587956523,9.834540851790758],[123.4845371582351,9.83451954843995],[123.48452787749515,9.834496486304165],[123.48451240066031,9.8344742777187],[123.4844969115014,9.834452052536234],[123.48447520679069,9.83443066696477],[123.4844604647375,9.834414398997083],[123.4844433831138,9.8343801260722],[123.4844356135744,9.834368978186136],[123.4844146189793,9.834353516642624],[123.4843936013638,9.834338038017188],[123.484371003608,9.834310524082237],[123.484356183957,9.834294168253344],[123.48432807169068,9.834273452447738],[123.48430696026628,9.834257895914991],[123.4842701601155,9.8342198789127],[123.48423307881959,9.834181871031802],[123.48421884871108,9.83417147245987],[123.48419589967729,9.834143778265267],[123.48417251366942,9.834116159757954],[123.4841561976955,9.834093721809651],[123.4841353244685,9.83408411337262],[123.4841052931977,9.834057185200964],[123.4840843280385,9.83404752298384],[123.48405600848568,9.834032595077312],[123.4840367021908,9.833991756193475],[123.48403297237309,9.833967461742384],[123.48403110584289,9.833955304839261],[123.4840337848807,9.833930182896589],[123.4840428641845,9.833904260577821],[123.4840454972797,9.833879110151285],[123.48405547445829,9.833859267094772],[123.48407824418179,9.833837881445037],[123.48410193290451,9.833822608889966],[123.4841255997832,9.833807350736175],[123.48414924483728,9.833792106107737],[123.48417379000479,9.833782972707027],[123.48419738884691,9.833767755399384],[123.4842200523398,9.83374645598966],[123.484243612073,9.833731266845078],[123.48427349150079,9.83371534819808],[123.4842970339575,9.833700194797714],[123.4843133258132,9.833679698411151],[123.48433593763329,9.83365847682845],[123.48435942558899,9.833643366241535],[123.48437569199669,9.83362289821738],[123.4843910660554,9.833596335678974],[123.4844009879687,9.833576583016027],[123.4844707322955,9.83353121646047],[123.4844859122195,9.833504582506226],[123.4845064616681,9.833471092389836],[123.4845225497509,9.83345056450978],[123.4845433828893,9.833417224356428],[123.48455421696889,9.833403612624698],[123.48456962838789,9.833377091076535],[123.48458587073559,9.833356686158663],[123.4846091792524,9.833341714227878],[123.48462457585288,9.833315215677754],[123.484640796945,9.833294835559197],[123.48464995554261,9.833269021882522],[123.48465994173868,9.833249323668035],[123.48467533064239,9.833222837716546],[123.484684491835,9.833197018673879],[123.48468737768869,9.833171784258678],[123.48469638560648,9.83314571757755],[123.48470540151351,9.833119628655727],[123.4847144248887,9.833093517796229],[123.4847234556882,9.833067385380982],[123.48472628839238,9.833041923583567],[123.4847291238178,9.833016435966572],[123.4847381735957,9.832990233377034],[123.48474017539148,9.832958478196579],[123.48473511616558,9.832921136476154],[123.48473258267389,9.832902440179247],[123.48472835539978,9.832871241909517],[123.48472327474278,9.83283374134035],[123.48471903390552,9.832802439028628],[123.48471563603668,9.832777362421629],[123.4847122902083,9.832752393528294],[123.48469529279768,9.832690746948625],[123.48469122776349,9.832661289813212],[123.4846871590232,9.832631805306942],[123.4846786512141,9.83260819679299],[123.4846752524652,9.832583584153681],[123.4846718510357,9.832558952785194],[123.4846691280776,9.832539233059574],[123.4846657220435,9.83251456668898],[123.4846629952397,9.8324948198881],[123.48465958432298,9.83247011879584],[123.48466637560868,9.832443318868096],[123.4846738552482,9.832421469549208],[123.48468064802039,9.832394649503302],[123.48469492650361,9.832345958498305],[123.48469729437159,9.832325077458945],[123.4847047809648,9.832303205453728],[123.48471226876337,9.83228133048623],[123.48471838437248,9.832249485977483],[123.4847214438116,9.832233559577517],[123.4847313137942,9.832190751367666],[123.48473812346438,9.832163862518446],[123.4847411864632,9.83214791929532],[123.48475448518168,9.832130039812348],[123.48476129935169,9.832103138004946],[123.4847666271054,9.832065985621478],[123.48477824543691,9.83203748710144],[123.4847818702327,9.832026287104352],[123.48478401732129,9.832004866401206],[123.48478616385026,9.831983448015162],[123.48480139376349,9.83194379452403],[123.4848070889854,9.831911076083689],[123.4848142124005,9.831888509772986],[123.4848177728384,9.831877231081455],[123.4848198229275,9.831855679896504],[123.4848269395911,9.831833140678372],[123.4848289872038,9.831811602812794],[123.4848373897706,9.831762428737557],[123.48483286618499,9.831731626541194],[123.4848377115754,9.831693741506518],[123.48483900302588,9.831667108890239],[123.48484610574569,9.831644647385854],[123.4848481491052,9.831623161812045],[123.48485019170109,9.83160168163166],[123.4848593280546,9.831557783636406],[123.4848656658231,9.831530246606647],[123.4848727526259,9.83150784818974],[123.484874789662,9.83148640637826],[123.4848818714063,9.831464028870812],[123.48489098259981,9.831420244631651],[123.48490737827359,9.83139091925348],[123.48491410921861,9.83136820431884],[123.4849216546036,9.831350707074781],[123.48493921122609,9.831331351842278],[123.48495256859658,9.831318154453427],[123.48497113234389,9.831304277286176],[123.4849897081799,9.83129044889872],[123.4850074204307,9.831271441126612],[123.4850251119074,9.831252455249464],[123.48504362909979,9.831238676432314],[123.48506128025767,9.831219730393185],[123.4850738694838,9.8312016519887],[123.48509652077898,9.831181904316253],[123.48511077676397,9.831174203794404],[123.4851283516131,9.831155334659476],[123.48515263325059,9.831145972562258],[123.48516514470607,9.83112797753993],[123.4851826600318,9.831109165825834],[123.48520015517991,9.831090375629982],[123.48520761398728,9.831073268525499],[123.4852250774849,9.83105451767642],[123.4852433762271,9.831040926385743],[123.4852558038985,9.831023039482005],[123.4852804690432,9.830955754471699],[123.48527618717497,9.830930156312398],[123.4852719084366,9.830904576950386],[123.48525852029618,9.83088574838644],[123.48523017587401,9.830869352114505],[123.4852118035793,9.830851334915584],[123.48519428172025,9.830838427785356],[123.485176758228,9.83082551912044],[123.48515085162467,9.830792986830195],[123.48513832447277,9.830779276398037],[123.4851199570702,9.830761264328045],[123.48510574595379,9.830737355009042],[123.48509737909528,9.83071775689234],[123.485079020492,9.830699753921985],[123.4850606633374,9.830681752365944],[123.48504314545139,9.830668845221526],[123.48503062857681,9.830655146967873],[123.4850172768988,9.830636358867798],[123.48500309359969,9.830612487224716],[123.4849939193213,9.830587840800126],[123.48498141289836,9.830574154329751],[123.4849630703714,9.830556168691281],[123.4849439728809,9.83053313628433],[123.48492990649211,9.830509340054082],[123.48492246314031,9.830494906673177],[123.4849191730115,9.830474617895295],[123.48491091166079,9.830455124121485],[123.484902652939,9.830435636628039],[123.4848977294593,9.83040525002891],[123.48489526940129,9.830390066213957],[123.4849019293722,9.830368284661306],[123.484903616781,9.830347295558573],[123.4849102659343,9.830325555481693],[123.4849169098563,9.830303838457633],[123.4849243660229,9.830287183325146],[123.48493594782455,9.830264746292178],[123.4849433876587,9.830248126242068],[123.4849557724458,9.830230768070596],[123.48497154314165,9.830202647074506],[123.484979833785,9.830191112804918],[123.48499143175698,9.83016880704798],[123.4849972250236,9.830142252059106],[123.4850038398342,9.830120734001195],[123.48502201900268,9.830107776412836],[123.48502366022969,9.830087026735798],[123.4850307900324,9.830065599666309],[123.48503793830808,9.830044173120186],[123.4850400199184,9.83002347147885],[123.485037270008,9.830003497831406],[123.4850333119229,9.82997352506417],[123.485031331928,9.829958531060617],[123.485006371872,9.829926422206112],[123.4849986385289,9.829907132053647],[123.4849915653979,9.829892840405904],[123.48497674746476,9.829859232542258],[123.48496524254278,9.829850662348235],[123.48495749360049,9.829831338543283],[123.4849445332443,9.82981274982858],[123.4849257141093,9.829789881858373],[123.48490756768209,9.82977202683216],[123.4849003919936,9.829757712728837],[123.4848873898467,9.829739115480008],[123.48487438551739,9.829720514816737],[123.48486652600968,9.829701169672116],[123.4848463317301,9.829668231423796],[123.48483331847169,9.829649617003573],[123.4848189409813,9.829620942779199],[123.484804558313,9.829592257763975],[123.4847966824241,9.829572878472257],[123.48478880456919,9.829553493895604],[123.48478092378821,9.829534102487388],[123.4847723574834,9.829509667993412],[123.4847528050092,9.829481693257597],[123.48473839630539,9.82945295467051],[123.48471883309921,9.829424962788535],[123.48471471005229,9.829394682281789],[123.48471196013239,9.82937448492299],[123.4847085207844,9.829349226509107],[123.48470059067441,9.82932979306608],[123.48469194737709,9.829310855070428],[123.48468331491799,9.829291940852999],[123.4846088628034,9.829197311473727],[123.48459522404882,9.82917928901782],[123.48457988627028,9.829151553890046],[123.48456543238592,9.82912872899905],[123.48455270663659,9.829115647643485],[123.4845492963903,9.829096238858465],[123.48453826649309,9.829063074266308],[123.48453317351888,9.829034063912475],[123.484512060876,9.82900252000707],[123.48449941438481,9.828989555316296],[123.48448510137298,9.828966981440633],[123.48447081181838,9.828944443154485],[123.48441237400979,9.828875843399056],[123.48440976714188,9.828860748861654],[123.4843878792912,9.828853488701295],[123.4843609749213,9.828846933655742],[123.48435004866829,9.828843308850661],[123.48432735474628,9.828831047739751],[123.48431056415689,9.828823113353682],[123.4842929380503,9.828810176184792],[123.4842652691924,9.828798635577009],[123.48424840160249,9.828790641748832],[123.484227345678,9.828788330181277],[123.4842054701899,9.828781023023645],[123.4841785824398,9.82877439810444],[123.48416180313849,9.828766436816936],[123.48414166580841,9.828769128149679],[123.48411989358328,9.828761849635207],[123.48409394481479,9.828760231713343],[123.48406138056869,9.828749338726825],[123.484046336939,9.828751356282728],[123.48402628881469,9.82875404449688],[123.48399884069669,9.82874250111812],[123.4839730344255,9.828740899470715],[123.48393148747029,9.828736356584296],[123.4839215066829,9.82873769937302],[123.4839007701734,9.82873543075559],[123.4838808345701,9.82873811568923],[123.48386091049821,9.828740798922087],[123.4838295044044,9.8287349249395],[123.48381458849879,9.828736936028664],[123.48379471178009,9.828739616069809],[123.483763399404,9.828733750990892],[123.4837321356802,9.828727895125077],[123.4837108198906,9.8287207089801],[123.48369027808138,9.828718458827185],[123.4836583890715,9.8287077037127],[123.483642836972,9.828704792978384],[123.4836280741233,9.828706927733188],[123.48360198681691,9.82870059179048],[123.4835815710599,9.828698493114203],[123.48355207969249,9.828702939891162],[123.4835365961067,9.828700218172058],[123.4835056246422,9.828694773831277],[123.48347957204038,9.828688587640919],[123.48345915422041,9.828686605020353],[123.48343873025829,9.828684621765499],[123.48341830057889,9.828682637914785],[123.483397170502,9.82867570911306],[123.4833717944762,9.828674463430142],[123.4833605434526,9.828666056427666],[123.48333873879099,9.82865419149836],[123.4833176231062,9.82864726774255],[123.4832965040107,9.828640357687066],[123.48327470322239,9.82862854658769],[123.4832535835815,9.828621650292241],[123.48323740863289,9.828614021157888],[123.48321562604251,9.828602219977743],[123.48319451274858,9.828595325819911],[123.4831733997139,9.828588431877405],[123.48315163206328,9.828576636041761],[123.4831348233848,9.828564118490068],[123.48311307266829,9.828552332413349],[123.4831012329551,9.828539103171092],[123.48307950036688,9.828527328248994],[123.4830633656582,9.82851972115416],[123.4830416462055,9.828507952854117],[123.48301993413469,9.828496188842522],[123.48300255831779,9.828478835409838],[123.48299447514249,9.828455198457648],[123.4829870276949,9.828436459856583],[123.48298453561131,9.828417031758761],[123.4829814244512,9.82839278465387],[123.48298449842738,9.828377550034793],[123.48298139223691,9.828353373385777],[123.4829789111709,9.82833406229144],[123.48298628531158,9.828313379300525],[123.4829887263116,9.828293428958492],[123.4829905433509,9.828268708243044],[123.4829935968772,9.828253621485159],[123.4829990725872,9.828218719404683],[123.4829972122321,9.82820437968374],[123.48299963386839,9.82818459862264],[123.48300205169998,9.828164846783917],[123.48300873680598,9.828139691483742],[123.48301052331098,9.828115265408544],[123.48301292649609,9.828095623024781],[123.483019552061,9.82807059573282],[123.48302674029189,9.828050313753284],[123.48303328549821,9.828025338726302],[123.4830313876295,9.8280111836933],[123.48303855380088,9.827990982860872],[123.4830347593849,9.827962747643095],[123.4830369863593,9.827943215089444],[123.48303434241011,9.827924344890206],[123.48303170007469,9.82790548714755],[123.4830270798326,9.827872515357406],[123.4830196134348,9.827854359743563],[123.48301697903439,9.827835546773061],[123.48300469289559,9.827818079461446],[123.4829897893453,9.82778184001302],[123.48296460310499,9.827742279217416],[123.48295847392659,9.827733567493773],[123.4829462197966,9.827716150338068],[123.48293332185509,9.827694061245676],[123.48292173042309,9.827681341979604],[123.48289632562509,9.827675282992773],[123.4828804959503,9.827667840720286],[123.4828549586999,9.827661653602256],[123.4828307000142,9.827664830310674],[123.48280642188699,9.82766800979376],[123.48278698541729,9.827670554905314],[123.482768177851,9.827677792243176],[123.48275063462471,9.827694416732216],[123.4827269227385,9.827702310017642],[123.4827142174249,9.827718328841033],[123.4826953452026,9.827725598876553],[123.4826764582606,9.827732874048406],[123.48265728640511,9.82773997888812],[123.4826374267408,9.827742363639663],[123.4826119884467,9.827740668787387],[123.48259533335198,9.82772841740914],[123.4825742618555,9.827721435934125],[123.4825575953573,9.827709176913151],[123.48254092528589,9.827696913164052],[123.4825286832895,9.827679388125386],[123.48251145225498,9.827662454662674],[123.4825042158715,9.827644362046557],[123.4824969846316,9.82762628371073],[123.48248476341129,9.827608793749008],[123.4824825377681,9.82759017072218],[123.482464784515,9.827568620650222],[123.48245258505268,9.827551161391181],[123.48244483643761,9.827528509666363],[123.48243155432999,9.827501802601079],[123.48241937865009,9.827484381305489],[123.48241383765351,9.827480302233642],[123.4824065511205,9.827462256080015],[123.4823881675791,9.827436045409344],[123.48238632804569,9.827422018603164],[123.48237714158589,9.82738992822476],[123.48237408136428,9.82736658687001],[123.4823716348842,9.827347926328239],[123.482374694081,9.827333329233982],[123.48237041667099,9.827300718531001],[123.482365468237,9.82726343493841],[123.48236416382939,9.82725405730966],[123.48236025192472,9.827225932347057],[123.4823569932583,9.82720250499552],[123.4823550386864,9.82718845230726],[123.48235178217278,9.82716503909749],[123.48235405640548,9.827145716354588],[123.4823563292953,9.827126402178196],[123.48236282585731,9.827101825315214],[123.4823699688687,9.827081938684675],[123.4823722361873,9.827062655864705],[123.48237872133399,9.82703812231389],[123.48238098578379,9.827018859868321],[123.48238324898931,9.826999606442666],[123.48238551114851,9.826980362277146],[123.4823864709083,9.826951802314952],[123.48238938439968,9.82693724395002],[123.4823903437562,9.82690871220784],[123.4823883922126,9.826894741913707],[123.48237411917849,9.826863307735133],[123.48236827280388,9.826821431606135],[123.4823559550481,9.826803970724306],[123.48233455999049,9.826792300157006],[123.4823131576889,9.826780625931887],[123.482296612713,9.826768374058519],[123.4822140959207,9.82675934532947],[123.48209058777589,9.826748410034247],[123.48202995873301,9.826728351030937],[123.4820147727552,9.826681308654408],[123.4820112862576,9.826623938179052],[123.482014007736,9.826553080456874],[123.4820618071809,9.826465138632651],[123.4821988790803,9.826313202094124],[123.4823609626507,9.826181650722164],[123.4823922166202,9.826091975012714],[123.4824480228265,9.825973787797135],[123.4825417910907,9.825915691248905],[123.482645388832,9.825865516738078],[123.48275792091519,9.82577471323495],[123.48283795746701,9.825622201728072],[123.48281855026,9.825393707901695],[123.48282323877709,9.82524057331748],[123.482877086362,9.82498917976637],[123.4828703991091,9.82482922475642],[123.48282738685852,9.824643762040225],[123.4828054009768,9.824471049065924],[123.4828331803356,9.82431020984247],[123.48287319129028,9.824081135863015],[123.48287949745279,9.823896695654438],[123.48283935401679,9.823665413520065],[123.48281581627039,9.823484422884926],[123.48284796929799,9.82335453548591],[123.48292597798638,9.823225651052834],[123.48298769828209,9.823059716598008],[123.4830423035732,9.822869254022116],[123.4830658116623,9.82270483848529],[123.4830520364638,9.822468456573377],[123.4830281665662,9.822234714840606],[123.4830347782119,9.822009084734367],[123.4830434704344,9.821799224722012],[123.4829959459373,9.821617701001141],[123.48293278792949,9.821477802416341],[123.48283873182268,9.821319963415863],[123.4827606925845,9.82120098027149],[123.48272857676369,9.82115187867087],[123.4827124948346,9.821077192102905],[123.4827014365996,9.820992607724628],[123.4827377445308,9.820897388778995],[123.4828125613346,9.820804168438439],[123.48288327696999,9.820706407320092],[123.48293617726888,9.820600561156866],[123.4829589882574,9.820471383508904],[123.48291675264458,9.820344751854787],[123.48283306157468,9.820221674199647],[123.48269078231058,9.820034618912533],[123.4824927543203,9.819787325291058],[123.48238411833019,9.819680892989634],[123.48227760605418,9.819613091059688],[123.4821640843182,9.819537999231164],[123.48210640485279,9.819449460845984],[123.4820643156353,9.819339762013827],[123.4820218319153,9.819186500090606],[123.4819800936499,9.818994764277024],[123.48194116150019,9.818880633554228],[123.4818764762004,9.818822904061909],[123.4817922528505,9.818787281936464],[123.4816447832043,9.818740395716837],[123.4813767013485,9.818683413621466],[123.4809720314934,9.818645568206367],[123.48085780720061,9.818665702985225],[123.48075095475251,9.818717220956533],[123.48063430793079,9.818823691248435],[123.4805550973598,9.818953148671959],[123.4804204314191,9.819204107806845],[123.4803505970092,9.819305051742743],[123.4802675560329,9.819355412438068],[123.4801755897009,9.8193808356544],[123.48003159558411,9.819359360907743],[123.4799141893162,9.819333967366367],[123.4797309112973,9.819257466173424],[123.4796675658231,9.819162441019012],[123.47964301959149,9.819030400343049],[123.47961866827,9.818911592820392],[123.47956400364531,9.818767516686256],[123.47946378679231,9.818666484365925],[123.47934027336899,9.818577062970077],[123.47921072003018,9.81845031443958],[123.4791500812491,9.818324009366952],[123.4791028642185,9.818141575160192],[123.47903864854881,9.818017404732366],[123.47896163833138,9.81793244150519],[123.47886260969409,9.817863481535753],[123.4787566171867,9.817800893804161],[123.4785727635747,9.81765820535966],[123.47835697280719,9.817546973275702],[123.4781938966226,9.817382243842825],[123.478129034117,9.817274918118231],[123.4780263423887,9.817041051679588],[123.4779429342511,9.816936286512734],[123.47782602660028,9.81681213751067],[123.4777442410323,9.81672172155869],[123.4776113113159,9.816577375461355],[123.4774775919955,9.816432791963345],[123.477331680757,9.816232567216362],[123.4772611454526,9.816125375991925],[123.4771882648608,9.81597510730979],[123.47715752494028,9.815921097232211],[123.4771098187424,9.815897566111717],[123.4770408685699,9.81586401539649],[123.47692544995628,9.815848128733519],[123.476842129924,9.815863030419012],[123.476772069897,9.815904070925258],[123.47669616322922,9.815966607499712],[123.4766287138569,9.81602894144317],[123.4765680984184,9.816088104605845],[123.47649228643378,9.816158660625801],[123.47642414462759,9.816187844158884],[123.4764097120186,9.816192207472554],[123.47630719118439,9.816213978161143],[123.4761614105162,9.816245262556258],[123.47608017856331,9.816258737938243],[123.476021260808,9.816226221198185],[123.4759787555427,9.81617028442973],[123.4758868260755,9.816063992944557],[123.4758158349745,9.815993557635],[123.47574548029299,9.815944630166594],[123.4756995117888,9.815913439237274],[123.4756323523804,9.815895260165378],[123.4755247872501,9.815881145270568],[123.4754223926425,9.815891971247002],[123.475288601734,9.815945168959486],[123.47519288716929,9.815995732865844],[123.4750993209275,9.815999285811468],[123.4750327630785,9.815967226027615],[123.47498618120852,9.815908543722916],[123.4749064353665,9.815804409507408],[123.47483244758672,9.815775455278265],[123.47471662162512,9.815762971489093],[123.47459116149479,9.815789865169652],[123.4745051947517,9.81584416991451],[123.4744289646785,9.815912224750564],[123.47432150605871,9.816054479815715],[123.4742129610294,9.816148377925776],[123.47410329226248,9.816190125026255],[123.4739007897157,9.816259734599782],[123.4736992800621,9.816359707348923],[123.47356746610531,9.816422115613864],[123.47345463624228,9.81650017421114],[123.4733351843316,9.8166019808427],[123.47320247831618,9.816714518801337],[123.4730680500757,9.816805368983243],[123.47295098711258,9.816856261745961],[123.4728212170775,9.816914776765119],[123.4727226340133,9.816969700940577],[123.47266834120188,9.817018513829451],[123.4726483520735,9.817080795537809],[123.4726390467836,9.817177102638405],[123.4726526463451,9.817343247613225],[123.4726726768156,9.81752674507611],[123.47270460126329,9.81772609309611],[123.4727026409069,9.817787538764485],[123.4726847848177,9.817827921339203],[123.4726402454053,9.817874293211302],[123.4725650984176,9.81794850129392],[123.47243388772829,9.818107749133603],[123.47230662764889,9.818228394219252],[123.47215195748272,9.81836610453147],[123.47198474082198,9.81848251518562],[123.47191009466519,9.818498601089347],[123.47181712782992,9.818477317215624],[123.47169580709838,9.818438456055164],[123.4715464771966,9.818385729570693],[123.4713938115907,9.818346710611067],[123.4713051023493,9.818358453817053],[123.47120349805861,9.81839971572427],[123.47107407715448,9.818458078179042],[123.47089851479679,9.818527828649067],[123.4707454585599,9.818552565881188],[123.47061471134448,9.818569728043197],[123.47047376472558,9.818576578556081],[123.47031857059218,9.818562274677578],[123.4702224012718,9.818582801781767],[123.4701477099227,9.818632711509524],[123.47006634527028,9.818691338321019],[123.46999018327459,9.818710998091017],[123.46990927962248,9.818719927949823],[123.4697799682,9.818716434311485],[123.46959623618459,9.818747463955953],[123.46931732745381,9.81878898647224],[123.4691047208345,9.818847215287034],[123.468907427042,9.818903359054513],[123.4688062887481,9.818971621916283],[123.4687141862494,9.819017800170746]]}},{"type":"Feature","properties":{"ID":"122719","Name":"39","Descriptio":"","brgy":"","OBJECTID":"0","NPAAAD":"","ORIG_FID":"0","Shape_Leng":"0.000000","Shape_Area":"0.000000","AGENCY":"","APPROVED_B":"","ATTESTED_B":"","PREPARED_B":"","YEAR":""},"geometry":{"type":"LineString","coordinates":[[123.4856573147207,9.815099789631859],[123.48595875074739,9.816036885353313],[123.48614863929008,9.816417547679185],[123.48618201422539,9.816541382411087],[123.48611346340819,9.816635134074243],[123.4858942410667,9.816813214791399],[123.4857034312128,9.816925504761294],[123.4856794701861,9.817035120092775],[123.4857204855301,9.817072311502987],[123.48591615993038,9.817143201317194],[123.4862129804981,9.817201255057077],[123.4863749078179,9.817288023419236],[123.4864290946023,9.817350363902092],[123.48644955825708,9.817579289717548],[123.48648103378808,9.81782068911764],[123.48643228192135,9.81818243118571],[123.48642068208649,9.81842854066432],[123.48649470070067,9.818554865969595],[123.48662083088878,9.8186614118695],[123.48681582435306,9.81875340837916],[123.48685380273437,9.818801046737116],[123.48695252550459,9.819117006901726],[123.48709319989266,9.819267734772616],[123.48717063704359,9.819417870929055],[123.48733189505558,9.820066313634422],[123.48731306213027,9.820220807896968],[123.48720771090778,9.820504447800092],[123.48708307104165,9.82086894378776],[123.48698282900169,9.821197554660245],[123.48690156929727,9.821351739539956],[123.48685162425879,9.82146777746973],[123.48680316363448,9.821629138617244],[123.48676386598217,9.821668499683316],[123.48662871125137,9.821706112889226],[123.48646709592889,9.821682738353644],[123.48629182186258,9.821554469557599],[123.4860000329285,9.82139556034384],[123.48589015326927,9.821374897779393],[123.48559919965149,9.821416549090815],[123.4851134528962,9.821484689025688],[123.484913790202,9.821572098231709],[123.48459839780588,9.821624210552597],[123.4842246093419,9.821711183360332],[123.4840705077145,9.821717627525965],[123.4838988915711,9.8216591885471],[123.4836021768482,9.821554166063558],[123.48337969300461,9.82149243358087],[123.483228282366,9.821489977426843],[123.48316438841638,9.821484170315893],[123.48310690566119,9.821441367722805],[123.4830507642492,9.821362672616726],[123.4829509728236,9.821291650523339],[123.4828513569478,9.821241296492435],[123.48277187609264,9.821218031302665]]}},{"type":"Feature","properties":{"ID":"122720","Name":"40","Descriptio":"","brgy":"","OBJECTID":"0","NPAAAD":"","ORIG_FID":"0","Shape_Leng":"0.000000","Shape_Area":"0.000000","AGENCY":"","APPROVED_B":"","ATTESTED_B":"","PREPARED_B":"","YEAR":""},"geometry":{"type":"MultiLineString","coordinates":[[[123.50183290353678,9.863073685130585],[123.50180663632698,9.86305377865302],[123.50166375349436,9.863057228042079],[123.50160815156127,9.862992759657395],[123.50154848232665,9.862901044835327],[123.50156007128176,9.862798258821774],[123.50159473716258,9.862690404427628],[123.50158321491315,9.862592988326771],[123.50163799900649,9.862455954017042],[123.50166677867149,9.862299982856383],[123.50167539319936,9.862173563143607],[123.50169263270408,9.862120022453848],[123.50168111909755,9.8620230404467],[123.50171556134879,9.861916169694345],[123.50172935829518,9.861837487372979],[123.50171404244627,9.861714597861887],[123.50169876826118,9.861591892804784],[123.50168382092156,9.861469935039302],[123.50166888656356,9.861348082692746],[123.50165396583337,9.861226336146519],[123.50164203680379,9.861129011782198],[123.50162844023907,9.861028458012573],[123.50158925459007,9.860908978682897],[123.50153481061939,9.860846105566916],[123.50147367955839,9.86073322849344],[123.50141878964419,9.860669491048778],[123.50133269301017,9.860557240823704],[123.50127302443798,9.860465619659447],[123.50121339382927,9.86037405486959],[123.50115756533857,9.860308386814111],[123.50112147514297,9.860213383666842],[123.50103919180258,9.860126994084776],[123.50100275336055,9.860031252291343],[123.50098588373537,9.859905914395792],[123.50096909669516,9.859780916600162],[123.50095055299087,9.859634283753186],[123.50095761669327,9.85950705832627],[123.50099329371528,9.85942360739423],[123.50104821337179,9.85931090202021],[123.50105824500527,9.859208696683982],[123.50109060495579,9.859101621711138],[123.50107825601948,9.859004804586725],[123.50108515244258,9.858878960629973],[123.50107216755228,9.858781283411535],[123.50105242039999,9.858634504079008],[123.50103927922157,9.858536822861529],[123.50097842523698,9.858424645419168],[123.50091706466527,9.858311643381075],[123.50085566950847,9.858198581930607],[123.50084569616428,9.858125268189658],[123.50081006048455,9.85803221209231],[123.50079681244816,9.85793471336087],[123.50073547291515,9.857821832667192],[123.50071884257785,9.857700067232848],[123.50052720784367,9.857311586468173],[123.50034757385517,9.857016693116126],[123.49981031254337,9.856180827692608],[123.49960224660218,9.855595477199873],[123.49933914466797,9.854988707568522],[123.49916743555306,9.854567813951933],[123.49896666821355,9.853928136549126],[123.49861853298238,9.853407663287957],[123.49836245129367,9.853180732725846],[123.49826196931006,9.852999109812014],[123.49819713738917,9.852546853826777],[123.49804651519649,9.852104210567639],[123.49775718445457,9.851779271346286],[123.49768939792818,9.851524678837299],[123.49756014261821,9.851300654029933]],[[123.49690485010545,9.850153849196449],[123.49653382791966,9.84971325492187],[123.49611302578165,9.849319423120424],[123.49565903327478,9.84879738712324],[123.49554844596926,9.848508588183165],[123.49542228404276,9.847879991856908],[123.49541042863027,9.847582122200153],[123.49547623249308,9.84722746142397],[123.49547119643387,9.846847057612614],[123.49541081933228,9.84657861062239],[123.49539442383177,9.8462603897982],[123.49535505834926,9.845713849482578],[123.49527036615088,9.845458868381076],[123.49505255448126,9.845278092223602],[123.49486894577616,9.845071097176449],[123.49471015202107,9.844680488474731],[123.49461865047417,9.844293026403825],[123.49444605699256,9.844032554673133],[123.49424056763057,9.843864489868505],[123.49418824680878,9.843724455591788],[123.49424147061566,9.84341325497329],[123.49424758090977,9.84322627209464],[123.49418185559188,9.843034567697327],[123.49418374770917,9.842915239344546],[123.49427955323948,9.842728538397514],[123.49440589893477,9.842423058823204],[123.49440482586095,9.842200131294097],[123.49434418722038,9.842043656515564],[123.49419913653668,9.841993305842747],[123.49401041948848,9.841986919038694],[123.49373721502646,9.841970443160113],[123.49358887840006,9.841921484114366],[123.49337269471447,9.84167241510848],[123.49314472109518,9.84142608102353],[123.49290618589217,9.841110503916237],[123.49275149194177,9.84062735393382],[123.49260651692667,9.84032731729121],[123.49242043281558,9.839935388842004],[123.49230824474127,9.839690137112168],[123.49229699868239,9.83940428022131],[123.49231469924557,9.838985065095546],[123.49224672163656,9.838691434698537],[123.49223179011108,9.838509112704278],[123.49229866861889,9.83814529252683],[123.49242282188325,9.837592208081723],[123.49266983706528,9.837270610748032],[123.49279690774198,9.837135721243465],[123.49283665821238,9.836941081995162],[123.49287412214699,9.836659182806551],[123.49294082420357,9.836482380961879],[123.49311613144867,9.83630003291944],[123.49336315140147,9.836072663277728],[123.49342117429099,9.835859807586223],[123.4933973559311,9.83556268136847],[123.49329974505937,9.835391652517629],[123.49305173743477,9.83516304353552],[123.49288555887897,9.83503931302219],[123.49284171349319,9.83488808611261],[123.49284251603275,9.83464053112924],[123.49284450360058,9.834333055060254],[123.49273485924036,9.834033011999663],[123.49257247157598,9.833791217597081],[123.49238220956897,9.833605638849267],[123.49227775298846,9.83361947404125],[123.49206709018247,9.833690646866474],[123.49193044317659,9.833681945479364],[123.49182102105607,9.833635957501413],[123.49161519338229,9.833329550159357],[123.49146022122157,9.83323792898779],[123.49131782868646,9.83321972845914],[123.49113457972217,9.83326936540974],[123.49088890607845,9.833180872552857],[123.49068778519577,9.833034918174445],[123.49037963944399,9.832947030669196],[123.48999106350757,9.832911254652588],[123.48978741850206,9.832979459252503],[123.48956705480316,9.83301747553847],[123.48940353558196,9.833023698535563],[123.48912855093256,9.83285998825981],[123.48870650217276,9.832654829486964],[123.48838543001926,9.832554543199741],[123.48806553219296,9.83249473745347],[123.48797389795858,9.832487782954209],[123.48785386577327,9.832572174129872],[123.48767790526095,9.83276828958203],[123.48753532436389,9.83287680753972],[123.48742409822017,9.832906357998322],[123.48732275579447,9.832896319249095],[123.48722798030126,9.83281294838808],[123.48709519622017,9.832704376361095],[123.48693157109237,9.832673199452078],[123.48673760900546,9.832734876315095],[123.48665541115066,9.832690446562571],[123.48653276011746,9.832518501929897],[123.48638139996316,9.832363403728381],[123.48621151088088,9.83224927254163],[123.48603483249467,9.832204794406039],[123.48583123470657,9.832251761035112],[123.48541181850382,9.832455334120954],[123.48507212328,9.832661016072615],[123.48488939134839,9.832713370520569],[123.48470298946478,9.83271866139207]]]}},{"type":"Feature","properties":{"ID":"122721","Name":"41","Descriptio":"","brgy":"","OBJECTID":"0","NPAAAD":"","ORIG_FID":"0","Shape_Leng":"0.000000","Shape_Area":"0.000000","AGENCY":"","APPROVED_B":"","ATTESTED_B":"","PREPARED_B":"","YEAR":""},"geometry":{"type":"LineString","coordinates":[[123.49524299022038,9.864460220822046],[123.49524240299658,9.864450777573175],[123.49524623202758,9.864413435058283],[123.49525559013739,9.864367193324794],[123.49527217364967,9.864339430855713],[123.49527545269717,9.86429641394255],[123.49528534052826,9.864261909450892],[123.49528798790567,9.86421098794715],[123.49528515924386,9.864169068622138],[123.49528234928685,9.864127425947723],[123.49527955769666,9.86408605915303],[123.49527678404337,9.864044964941039],[123.49526863119007,9.864012529401343],[123.49526645297237,9.863980018406815],[123.4952519089342,9.86393991006027],[123.49523897918117,9.86392333160781],[123.49521914635167,9.863890527376464],[123.49519992578315,9.863865900772806],[123.49518030880316,9.863833432055024],[123.49513738369808,9.863800386008277],[123.49511266914536,9.86377597945738],[123.49509389176747,9.863751872608287],[123.49507560855936,9.863735676526453],[123.49506318428368,9.86371971352434],[123.49503921520227,9.86370343808257],[123.49500918427458,9.863679303173624],[123.4949796422243,9.86366298513059],[123.49495021124916,9.863647464350302],[123.49493203721937,9.863625029907661],[123.49490821334557,9.863602523258956],[123.49488990983536,9.863573030063012],[123.49487197501607,9.863550891321658],[123.49485358265505,9.863514492574524],[123.49482375579507,9.863470906460876],[123.49481174526348,9.863449310813238],[123.49479978040257,9.863427796992891],[123.49478763578247,9.863399329776737],[123.49478114377717,9.863371136629002],[123.49477468294288,9.863343075278637],[123.49475134979876,9.863307823278166],[123.49473964040065,9.863286830050116],[123.49472243579066,9.86326578823183],[123.49471064537228,9.863238105280095],[123.49469908294618,9.863217368721175],[123.49467672170917,9.863203268648025],[123.49465442622348,9.863189209074159],[123.49463726711888,9.863155043693082],[123.49460396380377,9.863127454103106],[123.49458738059886,9.863113716199978],[123.49455442115337,9.863093297459235],[123.49450528604648,9.863073379944412],[123.49447799678165,9.86305377181175],[123.49445620475548,9.863041284124597],[123.49443991568559,9.8630351674045],[123.49441266644108,9.86299068761681],[123.49440184246735,9.862978108854008],[123.49438566069686,9.862952684202343],[123.49437491593237,9.862933644219167],[123.49436420620796,9.86291466757662],[123.49434287592226,9.862883259407992],[123.49432693803138,9.862864571652638],[123.49431643095747,9.862833193731449],[123.49430601457335,9.862795711314078],[123.49429029991296,9.862771066058984],[123.49428524321986,9.862740060955705],[123.49426964936737,9.86271565243654],[123.49425418437308,9.86268519504381],[123.49424396391056,9.862660894757639],[123.49422856836767,9.862636827265671],[123.49419753172039,9.862619329860262],[123.49418720937057,9.862613511696328],[123.49416670574388,9.862595836455881],[123.49415145780095,9.862578090457555],[123.49413120455516,9.86255451921691],[123.49411594254966,9.862542904082906],[123.49409583335168,9.862519487016652],[123.49406552403126,9.862496437935896],[123.49404528371926,9.862485085491992],[123.49402508990318,9.8624737593836],[123.49400512775297,9.86245655120797],[123.49399015132445,9.862445155920101],[123.49396989891297,9.862439803980724],[123.49394499597825,9.862422845906314],[123.49392017666537,9.862405945321212],[123.49386688485197,9.862349491655895],[123.49382822316848,9.862320561123482],[123.49380482667016,9.862311470978092],[123.49376651450348,9.862281748666618],[123.49372955910387,9.86223763486137],[123.49368427088206,9.862205710632143],[123.49364700316666,9.862173456150508],[123.49361058084796,9.862129892584612],[123.49355872214456,9.862087441048258],[123.49353604247587,9.862077422344731],[123.49349933214589,9.862045650622882],[123.49345498412816,9.862014444772779],[123.49343408608978,9.861982020448695],[123.49340469467747,9.861961359841409],[123.4933461296796,9.86192019411152],[123.49328696065116,9.861890338760325],[123.49322801102977,9.861860593601472],[123.49318469880195,9.86182993865881],[123.49314168558239,9.861798938495308],[123.49312836847177,9.861777671301606],[123.49309321823787,9.861746535494671],[123.49307332749858,9.861715101406427],[123.49305221705836,9.861695490055132],[123.49301489712396,9.861687545720672],[123.49297193752287,9.861659027782695],[123.49293373171808,9.861661658665662],[123.49289757797496,9.861643220251384],[123.49288230943108,9.861644271861056],[123.49283312207997,9.861605938790788],[123.49277340475616,9.861599280590875],[123.49273071770466,9.861579403565901],[123.49270941739918,9.861569485430744],[123.49268814536057,9.861559580099364],[123.49266412957387,9.861515449644843],[123.49263267484908,9.861472148773302],[123.49261650722077,9.86142794312101],[123.49259289964256,9.861384560843234],[123.49257528099636,9.861352185990976],[123.49256523910827,9.861319380183696],[123.49254361528337,9.861265390995671],[123.49252046091915,9.861222925852763],[123.49249755793626,9.861180408692846],[123.49248622701676,9.861159069265742],[123.49246760232947,9.861138146709894],[123.49243610991478,9.861107053995221],[123.49240475497726,9.861076096181781],[123.49237003612235,9.861066988586469],[123.49232986231807,9.861047401878466],[123.49230434463949,9.861027161648492],[123.49226982819096,9.861018123393107],[123.49223352385486,9.861019891286174],[123.49218295387327,9.860979638647539],[123.49214865559567,9.860970669254522],[123.49213609340977,9.860960656417054],[123.49209658671806,9.860941378211507],[123.49206440250258,9.860921803620931],[123.49204130456867,9.860891642382398],[123.49200200395588,9.860872808498323],[123.49198624013307,9.860842580647535],[123.49196532167808,9.860802470471604],[123.49195490811596,9.860782495557368],[123.49194654513657,9.860712633062628],[123.49193601295748,9.860693279811148],[123.49194909940846,9.860622950897511],[123.49195652397468,9.860583049078134],[123.49196575141877,9.86053346140532],[123.49197491899749,9.860484194030477],[123.49199104607887,9.860434821833035],[123.49201065536437,9.860366398759579],[123.49201958080488,9.86031819680235],[123.49203539118888,9.86026988571897],[123.49204935257359,9.860231374371812],[123.49209469205508,9.860202917379759],[123.49214105517756,9.860166075178505],[123.49216981182137,9.860155942674746],[123.49219854037649,9.860145819972411],[123.49225023572606,9.860117397354154],[123.49226396534287,9.860116642756774],[123.49230631406027,9.860105805247526],[123.49232689879996,9.860104674041379],[123.49234062172746,9.86010392032206],[123.49239089164908,9.860084160816145],[123.49242516667417,9.860082277386654],[123.49246160965077,9.860063310561376],[123.49248215451658,9.860062181363183],[123.49251631195158,9.860060467915316],[123.49255123973629,9.860050783083746],[123.49260069729876,9.860032142456333],[123.49263653813479,9.860014004368155],[123.492664585557,9.860004591943627],[123.49270127920336,9.859978057496084],[123.49272343572467,9.85996048565321],[123.49275230052078,9.859942708339743],[123.49278202343338,9.859916575393349],[123.49281077360956,9.85989887533498],[123.49283947347458,9.859881206511716],[123.49287527426117,9.859862378687579],[123.49290428445259,9.859843832850597],[123.49294678278086,9.859824563909147],[123.49298154009315,9.859814184842783],[123.49302389346946,9.859794975992777],[123.49305771124158,9.859793078478578],[123.49308642994106,9.859774669524729],[123.49311427287198,9.85976472138443],[123.49313181527997,9.859721938914785],[123.49315519474558,9.859687343064547],[123.49317847845018,9.85965288893677],[123.49320233871737,9.859610529938598],[123.49323175000248,9.859576870440163],[123.49326920168379,9.859526491821402],[123.49329203252127,9.859492697367218],[123.49332058046518,9.859467109930073],[123.49332863765848,9.85945040934579],[123.49335051243168,9.859425136981217],[123.49340361679248,9.85941539530821],[123.49343050463587,9.859406422602051],[123.49345014589167,9.85940584987946],[123.49348487652686,9.859380311177626],[123.49349926374268,9.859363581794156],[123.49354564194547,9.859354076677132],[123.49357300747866,9.859337008145243],[123.49360032212428,9.859319971760637],[123.49362165466667,9.859295056608758],[123.49363676490478,9.859262990892965],[123.49363239770527,9.85923148517266],[123.49362857154516,9.859192263511215],[123.49362476465716,9.859153239705984],[123.49362685473525,9.859122096907551],[123.49361615840778,9.859091243348654],[123.49361188125278,9.859060432782606],[123.49360814897206,9.859022072852385],[123.49361130213326,9.858976185359094],[123.49362024188049,9.85893805904327],[123.49362862514725,9.858907669152593],[123.49363118613758,9.858869961556296],[123.49363983832757,9.858838978888807],[123.49369646534775,9.858838062116545],[123.49373424868966,9.858837450263657],[123.49377205787498,9.85883683795883],[123.49380358560538,9.858836327555604],[123.49382772207066,9.858851724631345],[123.49385210759918,9.858866621079017],[123.49387623362598,9.858888887091336],[123.49390175301697,9.858887996084349],[123.49394041803538,9.858885471243509],[123.49396627272347,9.858883524517084],[123.49399858432727,9.858881092417667],[123.49402442703698,9.858879147104926],[123.49408255397478,9.858874771350795],[123.49411483513695,9.858872341345943],[123.49413420020755,9.85887088358562],[123.49414710766307,9.858869912213542],[123.49417969421228,9.858859657304578],[123.49421226885907,9.85884929757517],[123.49424481189527,9.858838890498784],[123.49427087464217,9.85882899031893],[123.49430361632126,9.85881070203915],[123.49432985776127,9.858792951026103],[123.49435552250488,9.858790992267705],[123.49438830567887,9.858764943482448],[123.4944143559482,9.8587473067426],[123.49444083877957,9.858713706342538],[123.49448684768197,9.858669154374919],[123.49452596854007,9.858633478039557],[123.49454544429908,9.858615716456953],[123.49458450131486,9.858578915051904],[123.49461681950766,9.858565060042777],[123.4946296639473,9.858562660486461],[123.49466813777187,9.85855547272164],[123.49468734050286,9.858551885040026],[123.49471291043017,9.858547107934235],[123.49475119047608,9.858539956188665],[123.49477661590856,9.858542977592906],[123.49482110419747,9.858542426501781],[123.49485284151969,9.858544254682867],[123.49489711976226,9.858552594316716],[123.49492865540459,9.85855593479504],[123.49494756350006,9.858553057651918],[123.49497912899409,9.85856453691549],[123.49502340817658,9.858582267578827],[123.49505508246526,9.858593787206331],[123.49507419511717,9.858607261722355],[123.49509322206606,9.85861255274351],[123.49511870230997,9.858625088750502],[123.49514438246439,9.858645886407686],[123.49517014181436,9.858666747926732],[123.4951894650004,9.858680362642616],[123.49521556680158,9.85870965385483],[123.49522910019978,9.858741071526538],[123.49524293142638,9.858781070651485],[123.49526299603166,9.858811591617902],[123.49527677100846,9.858843126624992],[123.49528422784739,9.858875290670154],[123.49530457014146,9.858904764444386],[123.49530570574117,9.858937913868813],[123.49532588795498,9.858959312816502],[123.49537155931937,9.858967645242645],[123.49539761129388,9.858971215078492],[123.49542329958636,9.858966446661887],[123.49544254239989,9.858962874466098],[123.49548057204387,9.858947433796484],[123.49553164956617,9.858937963494336],[123.49555076706378,9.858934419101411],[123.49556986495605,9.858930878190025],[123.49560117877449,9.858916729463173],[123.49563823584317,9.858893231032875],[123.49566984137027,9.85888739250202],[123.49573404863857,9.85879926966865],[123.49572223769776,9.85823854818271],[123.49554145903775,9.857924417614074],[123.49537915019017,9.85771750299313],[123.49527672880917,9.857515869222723],[123.49531465450316,9.857313428854537],[123.49544138786275,9.857157162362217],[123.49560961985637,9.856919849894998],[123.49561030529136,9.85675754640832],[123.49549307557147,9.85666776166496],[123.49492566542068,9.856380428551773],[123.49455002133335,9.856223797410246],[123.49447421942928,9.856175165938096],[123.49428593679089,9.855810827538217],[123.49406038561368,9.85534266415146],[123.49392225307648,9.855104981004926],[123.49368483716789,9.854923603668688],[123.49346256551708,9.854774735466055],[123.49337701906028,9.854688400131746],[123.49337862114696,9.854592876821393],[123.49334993794287,9.854318442818021],[123.49336604238927,9.854209121616742],[123.49342294292975,9.854021596324268],[123.49347490096216,9.853873041204352],[123.49356366982148,9.853747394816788],[123.49360640670787,9.853654892115593],[123.49360922352638,9.853608921121642],[123.49357304432768,9.853534218782542],[123.49339656478396,9.853441318065594],[123.49331242063708,9.853369447611978],[123.49329593767847,9.853291652408892],[123.49338312792847,9.853174214329757],[123.49344957646477,9.852985505116504],[123.49347018373658,9.852763016539397],[123.49363567248847,9.852527007373025],[123.49371000183527,9.852145132939699],[123.49382472816109,9.85193352160335],[123.49400673207347,9.851806116698343],[123.49421945026687,9.851661767736617],[123.49428427128805,9.851533414455062],[123.49442632073657,9.851264708784502],[123.49444712821608,9.851192143405088],[123.49443397706249,9.851089857366873],[123.49436413445218,9.850817952077875],[123.49429319741368,9.850621554140645],[123.49422030512089,9.850492160972063],[123.49427975487899,9.85025335166922],[123.49431963009046,9.850043329709585],[123.49439708517646,9.849924251406451],[123.49457403739017,9.849778117775452],[123.49465994300176,9.849640861368867],[123.49467393011226,9.849438823070143],[123.49479777708767,9.849124064623231],[123.49486275788577,9.848830448326654],[123.49502021921386,9.848335540008563],[123.49515609627477,9.84809637418662],[123.49542747825562,9.84790587185151]]}},{"type":"Feature","properties":{"ID":"122722","Name":"42","Descriptio":"","brgy":"","OBJECTID":"0","NPAAAD":"","ORIG_FID":"0","Shape_Leng":"0.000000","Shape_Area":"0.000000","AGENCY":"","APPROVED_B":"","ATTESTED_B":"","PREPARED_B":"","YEAR":""},"geometry":{"type":"LineString","coordinates":[[123.55455004366556,9.819750219551985],[123.55445764521306,9.819779048851059],[123.55402298421124,9.819740082627549],[123.55370075023743,9.819716653581098],[123.55357448533785,9.819681803688164],[123.55348114770875,9.819644129148722],[123.55336547785325,9.819619804282146],[123.55321130994264,9.819574963981742],[123.55306245343985,9.819509215852708],[123.55297153385806,9.819445597264313],[123.55289884031095,9.819400245577526],[123.55283868980376,9.819385856358565],[123.55275192676925,9.819380820914724],[123.55266522743345,9.819382777654242],[123.55250941285406,9.81940104572785],[123.55241099391823,9.81942331143397],[123.55229673053633,9.819455331560413],[123.55214999821263,9.819512791918243],[123.55201519648823,9.819579810954586],[123.55190370052514,9.81962226652787],[123.55170063031625,9.819679330059015],[123.55157801748764,9.819703160524485],[123.55127061551454,9.819804249032709],[123.55117183208903,9.819832991984152],[123.55110121074117,9.81984682490339],[123.55106417037184,9.81984302347721],[123.55095552565504,9.819810060643224],[123.55083526584205,9.819773881942206],[123.55072935771744,9.819746602299151],[123.55055010118646,9.819700266545633],[123.55045084832986,9.81968404866326],[123.54986740430556,9.819794363420726],[123.54920955089236,9.81992982472231],[123.54915515685003,9.819797274279823],[123.54911915941564,9.819723917708599],[123.54903364498475,9.819636929896278],[123.54883955837036,9.819475327147147],[123.54854410492484,9.819242254020656],[123.54841568112974,9.819104531321786],[123.54834474733315,9.818989328402782],[123.54831328920514,9.81884925509674],[123.54829498246194,9.818725879468314],[123.54828083366706,9.818594963672348],[123.54830095853843,9.818516076809827],[123.54836130910876,9.81836362415345],[123.54836891229945,9.818243017397423],[123.54834344699644,9.817999047933979],[123.54832356763212,9.81779665979077],[123.54833187215854,9.817664114813802],[123.54836294274135,9.817540249159714],[123.54839861344564,9.817411733507626],[123.54843731725046,9.817304119462023],[123.54849772400115,9.817187793894718],[123.54858088611275,9.817013612274883]]}},{"type":"Feature","properties":{"ID":"122723","Name":"43","Descriptio":"","brgy":"","OBJECTID":"0","NPAAAD":"","ORIG_FID":"0","Shape_Leng":"0.000000","Shape_Area":"0.000000","AGENCY":"","APPROVED_B":"","ATTESTED_B":"","PREPARED_B":"","YEAR":""},"geometry":{"type":"LineString","coordinates":[[123.54653817542176,9.813278556067562],[123.54664858015254,9.813269681139488],[123.54671129705017,9.81325564600517],[123.54679908496604,9.813219333883586],[123.54688255024445,9.813167666472557],[123.54698452837836,9.813047506778268],[123.54709011147955,9.81290355650384],[123.54716129904973,9.812806699849233],[123.54724306113694,9.812730741877028],[123.54733609934014,9.812675003938836],[123.54744271740755,9.81267123832037],[123.54759887430504,9.812717249223585],[123.54772885350926,9.812767835684557],[123.54801704947495,9.81287353195777],[123.54819806746264,9.812938683377697],[123.54841666033936,9.812964477041287],[123.54863026085546,9.812992827044557],[123.54885453537683,9.813045962555247],[123.54919377912525,9.81315082148276],[123.54940786296736,9.813229828879557],[123.54950911014326,9.813309000724061],[123.54966936662065,9.813438918121264],[123.54977477163754,9.813502390568862],[123.54990173868906,9.81357271649145],[123.55000826766424,9.813622572361176],[123.55009240562853,9.813638168721948],[123.55017171500876,9.81363167948656],[123.55026485793073,9.8136123983318],[123.55036739927574,9.813576553053478],[123.55043640327385,9.813507591686754],[123.55047115559994,9.813433373718073],[123.55052131368724,9.813329942102968],[123.55061283455134,9.813194149416987],[123.55067149357116,9.813096821745965],[123.55078751207465,9.812960092676603],[123.55090461323256,9.81280236114499],[123.55097929626164,9.81273754072967],[123.55116512117135,9.812634704278935],[123.55135737500676,9.812545617985906],[123.55142918936025,9.812507980184202],[123.55154302893406,9.81250186893565],[123.55163809049296,9.812506657176925],[123.55171164223505,9.812536285861514],[123.55190258652254,9.812622396148274],[123.55211644575576,9.81272594992457],[123.55227524084775,9.812786689378443],[123.55241911418145,9.81281872453829],[123.55256850593513,9.812841381789443],[123.55268145928974,9.812888357250673],[123.55279337049414,9.812939863685234],[123.55285975242656,9.81298899989983],[123.55292949874635,9.813044443057965],[123.55305554120675,9.813169759209785],[123.55313785900094,9.813222527423573],[123.55320055386223,9.813250455501436],[123.55327799496105,9.813297354232187],[123.55333122739412,9.813351893238359],[123.55338372390065,9.81342467419406],[123.55343450182274,9.81350930096518],[123.55347972857095,9.813582935308819],[123.55354005087104,9.81365988169815],[123.55359083779535,9.813724382940197],[123.55386384081415,9.813956336695748],[123.55400749204364,9.814077168467325],[123.55410860698264,9.814137559515617],[123.55418388325785,9.814157342944124],[123.55428648748835,9.814163657481922],[123.55439775644074,9.814164989784892],[123.55449618286606,9.814175753639192],[123.55457880486166,9.814196118185464],[123.55474536039853,9.814312643145632],[123.55480663764854,9.814372874726624],[123.55492923916954,9.814490112447919],[123.55503635263804,9.814657551022338],[123.55518322252004,9.8149004865161],[123.55522715357772,9.814986757328596],[123.55528142407526,9.815047080366709],[123.55538797383626,9.815118534933188],[123.55560887560873,9.815239365786605],[123.55577139609953,9.815361945493787],[123.55597784028463,9.815485014093339],[123.55601840474253,9.815528378525048],[123.55602707917832,9.81556320521438],[123.55601044011976,9.815606566511576],[123.55596892893523,9.815658934287226],[123.55592263954861,9.815718138534608],[123.55582528097763,9.81585132226758],[123.55578630855715,9.815916124612261],[123.55571898697033,9.81604126027413],[123.55566205313711,9.816127139108389],[123.55555628170553,9.816259984610157],[123.55543380256792,9.816415671118838],[123.55539973932785,9.816492885804427],[123.55543590382004,9.816548127145145],[123.55551359549972,9.81664465060471],[123.55558679876412,9.816769560095146],[123.55562213089004,9.816848926746626],[123.5556367126395,9.816930158575902],[123.55566644503523,9.81698762848683],[123.55573050696931,9.817075934869557],[123.55581806318011,9.817241738406915],[123.55585922093803,9.817368049762623],[123.55588952319854,9.817494361752106],[123.55592510192034,9.817636104256877],[123.55595543173962,9.817768812825324],[123.55595898785234,9.817872725585874],[123.55597174705392,9.81793666973367],[123.55599768526972,9.818022428523518],[123.55602505464763,9.818097515688322],[123.55602177409291,9.818176246558844],[123.55599052470752,9.818213710285974],[123.55592015632902,9.818318083101572],[123.55588735297862,9.818392590137796],[123.55585378282872,9.818480101171675],[123.55571976151043,9.81873528229803],[123.55559445038571,9.818992710252981],[123.55558994680392,9.81900233362363],[123.55554260523641,9.819118827956311],[123.55548492398081,9.819156246471822],[123.55543090585041,9.81918577119899],[123.55542788758054,9.819187756032774],[123.55537177268432,9.819213113300819],[123.55530861792575,9.819238387319333],[123.55524765471841,9.819252428885198],[123.55519033214452,9.819268834762209],[123.55511706600674,9.819299390221103],[123.55503919865002,9.81934909048091],[123.55492226921754,9.819444060797055],[123.55481594261184,9.819550091571106],[123.55472895976582,9.819639494185205],[123.55464149295835,9.819694159689652],[123.55455004366556,9.819750219551985],[123.55464543979753,9.81994325022382],[123.55467947561615,9.820050754791197],[123.55468396644545,9.820123520790023],[123.55466995845852,9.820221438023799],[123.55465418429024,9.820357818064673],[123.55465997695691,9.820500203069972],[123.55467504814077,9.820589485880403],[123.55469289072295,9.820677861905263],[123.55476275676475,9.820906011074372],[123.55477789731924,9.821005995780045],[123.55478890795595,9.821115807317685],[123.55479997273926,9.821235977543399],[123.55481852553686,9.821370982668023],[123.55481028740292,9.821581621310255],[123.55482155022764,9.821841135087853],[123.55482878490712,9.822082420526042],[123.55481894016661,9.822217801938406],[123.55482000943482,9.822373872741407],[123.55485189955192,9.822530823928822],[123.55489849336652,9.822787934478105],[123.55494014948856,9.823046513702808],[123.55495536169876,9.823194742319984],[123.55495980423622,9.82337459905858],[123.55496046721424,9.823438153121568],[123.55494593828311,9.823543827225162],[123.55494860456082,9.823628676132795],[123.55496259464772,9.823732094614561],[123.55499027984645,9.82384589338281],[123.55506978504353,9.824220284536398],[123.55508508899912,9.824298059017867],[123.55507794264511,9.82438680266527],[123.55506558135374,9.824427607451055],[123.5550495018022,9.82450272925628],[123.55506908039663,9.824586865867785],[123.55510746062303,9.824698669604645],[123.55515181234031,9.824855680365218],[123.5552175081178,9.82511783080724]]}},{"type":"Feature","properties":{"ID":"122724","Name":"44","Descriptio":"","brgy":"","OBJECTID":"0","NPAAAD":"","ORIG_FID":"0","Shape_Leng":"0.000000","Shape_Area":"0.000000","AGENCY":"","APPROVED_B":"","ATTESTED_B":"","PREPARED_B":"","YEAR":""},"geometry":{"type":"LineString","coordinates":[[123.53662755840253,9.831280075148127],[123.53656323281815,9.831075952781806],[123.53644429345144,9.830846740017103],[123.53640216199554,9.83054771974756],[123.53630531695163,9.830297763534787],[123.53623792385984,9.830133464673104],[123.53624223652315,9.830017427831311],[123.53626286770555,9.829885204094742],[123.53628803012685,9.829738075190411],[123.53630856189845,9.829559791956395],[123.53631629609815,9.829447320357175],[123.53629925357046,9.829345891792165],[123.53627533627265,9.829261179414436],[123.53625415125845,9.829186558322558],[123.53625588274085,9.829109086978358],[123.53627522980435,9.829026915836787],[123.53631603625253,9.82893086843739],[123.53640192425902,9.82876858054037],[123.53651014881585,9.82854932702105],[123.53655647181274,9.828416069454573],[123.53658498467024,9.828230750798461],[123.53659735611816,9.827902211059481],[123.53659719062794,9.827735189425008],[123.53662084799454,9.827620571224019],[123.53667311838232,9.827519046927042],[123.53678452446256,9.827397620397438],[123.53691131854596,9.827262114809852],[123.53703088400056,9.827121376831707],[123.53710716038263,9.827015194934228],[123.53717511942874,9.826877062414182],[123.53722240150265,9.826786510469171],[123.53728414343034,9.826692990687059],[123.53739547396995,9.826560554279006],[123.53765094481366,9.826303149867131],[123.53783092125545,9.826112860889868],[123.53791687838014,9.825978469568467],[123.53796331049784,9.825896725695111],[123.53805465612105,9.825760818180822],[123.53816375858854,9.825610517213056],[123.53827156776825,9.825491448730121],[123.53845635515326,9.82531842350302],[123.53850826258464,9.825253103527391],[123.53859011854344,9.825076691179177],[123.53870947015734,9.824802542639798],[123.53874819347735,9.82468711043482],[123.53876171746495,9.824617239368308],[123.53877606297652,9.824495827074996],[123.53879023501806,9.82429864364161],[123.53878794790573,9.824175772588342],[123.53880217813014,9.824061226505883],[123.53885459754963,9.82387368710316],[123.53887891044043,9.823757954561001],[123.53887524394415,9.8235384983253],[123.53887393772584,9.823418097089181],[123.53885386617533,9.823353626673953],[123.53881021734254,9.823232324850107],[123.53877692382915,9.823163705882193],[123.53874156786183,9.823003298938303],[123.53871149665454,9.822851090017819],[123.53869953663184,9.822734045171599],[123.53871178143174,9.822653565864007],[123.53875702663666,9.822483684491065],[123.53878309197106,9.822399019397949],[123.53882560774254,9.822356249902082],[123.53885821580546,9.822335061533167],[123.53906022627424,9.822237325505144],[123.53914257126664,9.822188737030222],[123.53921475870963,9.82212441868082],[123.53932614135154,9.821990669088047],[123.53948117950254,9.821840097562248],[123.53967103673774,9.82167071422714],[123.53995756413026,9.82145067305856],[123.54018517757954,9.821298297143645],[123.54035785004885,9.821176509168485],[123.54051919816544,9.821032124207349],[123.54065051176535,9.820851144697784],[123.54076214427745,9.820734414689507],[123.54089525613875,9.820606025139375],[123.54099929564775,9.820490007715755],[123.54109663424683,9.820383879139806],[123.54122103723755,9.82023680681108],[123.54136685833792,9.820023154063396],[123.54143873632295,9.819889067638812],[123.54150971423455,9.8197226681718],[123.54155685675094,9.819487684554732],[123.54159122965824,9.819227081842927],[123.54161414532994,9.818960935507919],[123.54160677533966,9.81877182427342],[123.54162273639116,9.818651823415065],[123.54163474785695,9.818576335835159],[123.54165532491585,9.818533470110928],[123.54171644304733,9.818407955976893],[123.54176857954405,9.81832072792394],[123.54179587274925,9.81826364787225],[123.54181978998426,9.818175671492186],[123.54185655432335,9.817987914846636],[123.54189102143843,9.81783247950744],[123.54192585831495,9.817752306386351],[123.54201330237277,9.817583150791066],[123.54208784807064,9.817439889844426],[123.54214460551924,9.817355639518544],[123.54223940984666,9.817272835723095],[123.54239685141526,9.817139724948648],[123.54262414420016,9.816945197511929],[123.54280333233925,9.816748065500986],[123.54293060385305,9.816588237409906],[123.54307079551467,9.816399589617653],[123.54320997849135,9.816246579616209],[123.54326711556244,9.816173925216294],[123.54329971988975,9.816078126192961],[123.54331914414604,9.815995639320247],[123.54333206158884,9.815776050195458],[123.54333826172605,9.815728358286755],[123.54339885094716,9.815626579858389],[123.54351560052156,9.81538578762908],[123.54359471123395,9.815261424555091],[123.54373677441096,9.81509407092105],[123.54382572599826,9.814974709347199],[123.54390325451675,9.814803132406162],[123.54393256406927,9.814693437918093],[123.54398800901784,9.81458577779374],[123.54413514989506,9.814358032318607],[123.54431297800323,9.814149259719493],[123.54438724478675,9.81400957013557],[123.54445354714835,9.81389849239513],[123.54450755057876,9.813844369238835],[123.54475079545925,9.813638587052763],[123.54478439395955,9.813606501080669],[123.54482283511234,9.813393406046913],[123.54488512056045,9.812910324778706],[123.54492015638155,9.812698572433868],[123.54501058076325,9.812486965803496],[123.54516298847724,9.812203519608547]]}},{"type":"Feature","properties":{"ID":"122725","Name":"45","Descriptio":"","brgy":"","OBJECTID":"0","NPAAAD":"","ORIG_FID":"0","Shape_Leng":"0.000000","Shape_Area":"0.000000","AGENCY":"","APPROVED_B":"","ATTESTED_B":"","PREPARED_B":"","YEAR":""},"geometry":{"type":"LineString","coordinates":[[123.54666644839284,9.833370760553919],[123.54658241831065,9.833244801832151],[123.54646169367595,9.833070097501546],[123.54640478886944,9.83300068985993],[123.54633795210795,9.832936494064478],[123.54626965969724,9.832896406316987],[123.54618957766134,9.832856249266467],[123.54605676865073,9.832814948197298],[123.54586404362065,9.832768777813119],[123.54575077874745,9.832745384728728],[123.54561524663285,9.832711094876668],[123.54551475875905,9.832667058822896],[123.54528542664015,9.832548920659503],[123.54509681850605,9.83246019935936],[123.54500634135455,9.832419540458682],[123.54493686112222,9.832402056886634],[123.54475959001975,9.832368734133755],[123.54437608611634,9.832263930346322],[123.54398701997104,9.832131297974902],[123.54389245274264,9.832107915322988],[123.54372253824366,9.832101558233633],[123.54366012137245,9.83210741880453],[123.54357526422594,9.832118687564794],[123.54348070588495,9.832127368988678],[123.54341419480625,9.832123208351492],[123.54332593867895,9.832107756291055],[123.54314825299494,9.832025222789373],[123.54301690693585,9.831956132792465],[123.54284566026766,9.83187009712629],[123.54277859942015,9.831849306725786],[123.54272812779955,9.831845447823936],[123.54267627600754,9.831859409928976],[123.54263863193016,9.831876786772833],[123.54252017717994,9.83193811201896],[123.54244760949935,9.83197514672858],[123.54239072152744,9.83200060903662],[123.54233527136975,9.832033138719202],[123.54223250860845,9.832105420632642],[123.54217455932374,9.832155276662288],[123.54213609380636,9.832190485464688],[123.54210480487855,9.832219536959391],[123.54206370302694,9.832249925658205],[123.54200397197815,9.832293050886621],[123.54196916677104,9.832308571439608],[123.54196763381645,9.83230939742372],[123.54192901545555,9.832317184850455],[123.54188574188224,9.832316777559845],[123.54184205935704,9.832306689859669],[123.54179147843745,9.832291124059028],[123.54174727073064,9.832266895835241],[123.54170530367745,9.832231382476506],[123.54161151171743,9.832148938892443],[123.54153805564044,9.832083335402473],[123.54148006897155,9.832045573023215],[123.54143806150194,9.832023650223627],[123.54140564574764,9.832015128423366],[123.54134178828326,9.83200305975529],[123.54126462377914,9.831994883663855],[123.54123939277486,9.831966065178808],[123.54120179617466,9.831907781764627],[123.54118152015215,9.831847987653452],[123.54116392939535,9.8317848276727],[123.54115439989515,9.83174831855305],[123.54113793720325,9.831716604599277],[123.54111290260663,9.831675557781312],[123.54106850135744,9.83163623271762],[123.54098236128556,9.831581913884655],[123.54085821918186,9.831524865645449],[123.54077560660454,9.831491916668181],[123.54064847228554,9.831457456309836],[123.54050439290133,9.831426562838727],[123.54043873212056,9.831409429534778],[123.54037717255905,9.83137794151484],[123.54030252109055,9.831321008140232],[123.54020663777133,9.831245658518675],[123.54017027859126,9.831217033692132],[123.54009477638405,9.831195600615404],[123.54002385623843,9.831173814567268],[123.53995932138405,9.831157594062592],[123.53983172048395,9.831158738789734],[123.53972722130852,9.831168744047986],[123.53964153989125,9.831179851401286],[123.53963994472385,9.831180730975465],[123.53954651981694,9.831181744867358],[123.53945856047143,9.8311796591771],[123.53932312480237,9.831149869065404],[123.53924315056516,9.831121978580274],[123.53914651365345,9.831070414121125],[123.53905330767304,9.831019479061483],[123.53896338023397,9.83099940167704],[123.53878426396604,9.830984967092956],[123.53868441333724,9.830981041075223],[123.53861379140146,9.830992997138576],[123.53856169491246,9.831010641387005],[123.53849175165935,9.831058144417717],[123.53842610327456,9.831108797494277],[123.53835160372354,9.83116600090615],[123.53824320924863,9.831232859609147],[123.53813070490826,9.831293720607807],[123.53802804039924,9.831349511066758],[123.53793546738714,9.831394066225247],[123.53788028137446,9.8314155009464],[123.53779308822784,9.831432845578771],[123.53770197116944,9.831437520093722],[123.53757436845555,9.831420946485196],[123.53744036344582,9.831394311765257],[123.53722655805926,9.831329394745971],[123.53712242850946,9.831304508427472],[123.53692928767455,9.831269894189255],[123.53685045659215,9.831256111209832],[123.53677318532594,9.831248402099327],[123.53672242593524,9.831254947628782],[123.53672062764993,9.831254290526521],[123.53671575671234,9.831255097396056],[123.53670937824735,9.83125585105287],[123.53661857951616,9.831282733492008],[123.53656656925844,9.83131529239651],[123.53651096707044,9.831336382462034],[123.53643874135996,9.83135928871772],[123.53638350865442,9.831376927836653],[123.53632465036284,9.831397794610494],[123.53627930564743,9.831417639202954],[123.53623405714815,9.83143609007853],[123.53617478284863,9.831466587066306],[123.53613331833505,9.831489608589285],[123.53608542649422,9.83152455724644],[123.53605320253357,9.831557694087108],[123.53602388647793,9.831611622465587],[123.53600426980015,9.831654670447689],[123.53597432161686,9.83170523849272],[123.53595244501375,9.831740821212652],[123.53591919453646,9.831782721767176],[123.53585265345744,9.831827727269506],[123.53577652633764,9.831881197884027],[123.53570584271195,9.83192805832686],[123.53564577725274,9.831960970866744],[123.53555602941594,9.832005351394237],[123.53550810688974,9.832032716442212],[123.53550672655695,9.83203397318703],[123.53545886233196,9.832070208189585],[123.53540936398383,9.83210504529626],[123.53535249762645,9.83214547761639],[123.53531463466655,9.832179132498505],[123.53526946065843,9.832217102763709],[123.53522385330714,9.832250747003165],[123.53516866745785,9.83228051761104],[123.53510389523645,9.832307324566603],[123.53502942809064,9.832337249889486],[123.53502839882624,9.83233770393829],[123.53496469663897,9.832366407198448],[123.53490473475465,9.83240427972777],[123.53485167308564,9.832447231261446],[123.53480748698486,9.832507314577821],[123.53472716955683,9.832617031791678],[123.53467259241785,9.832684716806515],[123.53461581829566,9.83275495192747],[123.53461446992665,9.83275550254408],[123.53456659284133,9.832797812860477],[123.53445579027014,9.832885470755823],[123.53437237677502,9.832949924736527],[123.53417225046054,9.833096908929416],[123.53410595941435,9.83314895424369],[123.53405025982535,9.833198588982928],[123.53401306965664,9.83323756103386],[123.53398352759835,9.833285869903479],[123.53394699671455,9.833369559496704],[123.53390679839946,9.833474003190632],[123.53387128797205,9.833595908976973],[123.53385284930806,9.833691438068527],[123.53385176443234,9.833791957237487],[123.53384956104235,9.833860492227132],[123.53383105158613,9.833920190348149],[123.53378817563795,9.834006203297777],[123.53374949270554,9.834089846744623],[123.53373674758964,9.83413926368799],[123.53373720316874,9.834220125034923],[123.53374632158163,9.83431084271368],[123.53375998286036,9.834363396163818],[123.53377548856054,9.83439253005437],[123.53380398607024,9.83442321925164],[123.53382997785454,9.834438507662677],[123.53388365498225,9.83446213641374],[123.53396492431324,9.834491703952082],[123.53403950135566,9.834526881020297],[123.53412461668995,9.834572764342191],[123.53418854706474,9.834616936690962],[123.53421515084355,9.834637410463746],[123.53426905549264,9.834698301746595],[123.53430195568426,9.834760531170284],[123.53432513130015,9.834833020149873],[123.53433814469435,9.834904782717391],[123.53433804226924,9.834906141640477],[123.53434351700425,9.834986694982286],[123.53433254507254,9.835034017046459],[123.53430636143106,9.83506978276309],[123.53427698128156,9.835103850239806],[123.53424212184285,9.835129522833876],[123.53419497892645,9.8351494132359],[123.53414374362315,9.835171385669673],[123.53402945834506,9.835204944209272],[123.53394048443474,9.835233427024171],[123.53382847273576,9.835272351860288],[123.53365516459942,9.835344409450471],[123.53352307897654,9.835392888246028],[123.53343068637095,9.835437197421326],[123.53336306708634,9.835441140518391],[123.53332020988616,9.835433331552647],[123.53327088699174,9.835440521541887],[123.53326911685595,9.835440938248636],[123.53321867987715,9.835453688457969],[123.53315488497545,9.835492869950569],[123.53312885954745,9.835534699069317],[123.53312085513423,9.835586842686773],[123.53312556706605,9.835670431499382],[123.53312979669786,9.835752272978374],[123.53312664120234,9.835828902648505],[123.53310422441456,9.835953029465902],[123.53307291287544,9.836104014517344],[123.53305224008514,9.836168883129353],[123.53301384442325,9.836241226466491],[123.53295077777685,9.836324744940692],[123.53286654782865,9.83641727008548],[123.53271012019395,9.836559258464648],[123.53260101724116,9.836644343179797],[123.53239372250904,9.836786188951251],[123.53218452066704,9.836922560235983],[123.53206524142196,9.836988417184916],[123.53199624014596,9.837023657896358],[123.53192921343455,9.837042079370816],[123.53186494217374,9.837037879382851],[123.53176041340983,9.837021048403773],[123.53162425065184,9.83699654598611],[123.53153143612025,9.83698342610494],[123.53144736758634,9.836983526738859],[123.53132097292385,9.836985587804806],[123.53117686804384,9.836988702593306],[123.53106070207505,9.836987811470452],[123.53093511028605,9.836981254764593],[123.53079856857954,9.836978473309323],[123.53073347898003,9.836979918871762],[123.53064250647104,9.836978005230511],[123.53053898301695,9.836982648406693],[123.53045922740947,9.836986699826586],[123.53035740840606,9.83699149172308],[123.53022588434295,9.837019315003612],[123.53012247288845,9.837041141122072],[123.53003773435574,9.837072039892831],[123.52997542430124,9.837112850137997],[123.52991683856854,9.837161750566848],[123.52986925995754,9.83721432605006],[123.52981503321405,9.837293593491678],[123.52977122729064,9.837341030629663],[123.52972244138104,9.837382396404868],[123.52965763174555,9.83741589544546],[123.52960304450293,9.837433915728584],[123.52955133507963,9.83744794460416],[123.52951124275566,9.83745895004699],[123.52946852153164,9.837480168381717],[123.52943362286426,9.837524745837092],[123.52938416046494,9.837571430694078],[123.52926841955384,9.837658579612652],[123.52916182123906,9.837740413617713],[123.52908534319185,9.837813688730115],[123.52905605270364,9.83785947080951],[123.52903348537994,9.8379100302414],[123.52899669601496,9.837960812895062],[123.52891767330314,9.838054524528633],[123.52886383624045,9.838090131129011],[123.52886245362166,9.838092336612334],[123.52881476160516,9.838122704640217],[123.52878883539576,9.838157202275621],[123.52876303894816,9.83821283675412],[123.52876179712375,9.838215935875303],[123.52873133105055,9.838265100062392],[123.52862662197275,9.83836945846051],[123.52853793024813,9.83842161785551],[123.52841333342964,9.838478335963456],[123.52829277897445,9.838525544739547],[123.52817289145854,9.838573457749623],[123.52809169111305,9.83861182258154],[123.52800390968025,9.838685758188305],[123.52790068225936,9.838770519254389],[123.52789951703424,9.838772135877127],[123.52782434303253,9.838845110399124],[123.52775062852336,9.838926993788206],[123.52771575861053,9.83898872338844],[123.52736186540704,9.839406168957085],[123.52709490547734,9.839566760774222],[123.52708623081136,9.839576413854205],[123.52679690548224,9.839851762397446],[123.52652988602733,9.840053448493677],[123.52597778844624,9.840382304879025],[123.52560526065335,9.840718372172624],[123.52542716123324,9.840921508376391],[123.52533271645964,9.841084250206272],[123.52528494245655,9.841219642292206],[123.52526615926715,9.841343174707362],[123.52516969230636,9.841458929559384],[123.52507281141833,9.841460909124399],[123.52498787372234,9.84136331104911],[123.52502892346335,9.840950316023845],[123.52503852840245,9.84074945326094],[123.52506233896165,9.840454560698982],[123.52509941386445,9.840251682100215],[123.52522693893162,9.840042384957867],[123.52533894015855,9.839899282300125],[123.52549568834233,9.839733611805743],[123.52555074492464,9.839624142802059],[123.52555495415984,9.839562751880125],[123.52551318545865,9.839521650688974],[123.52539576194265,9.839495143323406],[123.52538381578876,9.839502523329445],[123.52517738906465,9.839541951014073],[123.52484257927843,9.839684871910041],[123.52448533968794,9.839842977701283],[123.52429307290373,9.839895593978852],[123.52413088225485,9.839921736523726],[123.52412036145465,9.839920217349272],[123.52394324962525,9.839992053169212],[123.52374369925126,9.840076757915535],[123.52346622364695,9.840156196455093],[123.52314429614997,9.840227954269723],[123.52284882187115,9.84029937813245],[123.52262935159695,9.840336225769713],[123.52245303569104,9.840383653340742],[123.52218035146267,9.840523748244806],[123.52183794456626,9.840698791626046],[123.52148535630323,9.840869856185293],[123.52131061350894,9.840952186331915],[123.52109888484415,9.841162976072685],[123.52088546770015,9.841422274144723],[123.52073375726083,9.841579907462759],[123.52055855138123,9.841725698778303],[123.52044655633713,9.841858797903798],[123.52043945524763,9.841860575790434],[123.52030807321846,9.84197620923222],[123.52018679056725,9.842066520081284],[123.52008914824285,9.842204442236593],[123.52008791693243,9.84220600499901],[123.52002058360456,9.842288053122054],[123.51987661660324,9.842409086856664],[123.51974529138634,9.842566835362753],[123.51974264007647,9.842569718189221],[123.51968267225195,9.842684673226247],[123.51961484356404,9.842809541334892],[123.51951998745459,9.842981129921878],[123.51943030657604,9.84316896421262],[123.51938489374106,9.843269921774883],[123.51938449983257,9.843365225672933],[123.51938134763218,9.843447419445505],[123.51938267628977,9.843448712436496],[123.51937007858893,9.8435061452633],[123.51934019291598,9.843541505441872],[123.51927324202174,9.84360119035062],[123.51918626363538,9.843666144858139],[123.51907092784825,9.843757876955422],[123.51895849262307,9.843848513364842]]}},{"type":"Feature","properties":{"ID":"122726","Name":"46","Descriptio":"","brgy":"","OBJECTID":"0","NPAAAD":"","ORIG_FID":"0","Shape_Leng":"0.000000","Shape_Area":"0.000000","AGENCY":"","APPROVED_B":"","ATTESTED_B":"","PREPARED_B":"","YEAR":""},"geometry":{"type":"LineString","coordinates":[[123.53722216927572,9.826786955217132],[123.53717624106004,9.826795286197564],[123.53714368755332,9.8267945852655],[123.53706970520565,9.826768612470739],[123.53698347519635,9.826735812335414],[123.53690300166434,9.826708662219959],[123.53679727356015,9.8266947036129],[123.53669841542893,9.826698498169195],[123.53653368281985,9.826715391587712],[123.53645223203135,9.826740715138701],[123.53641255904715,9.82676923056041],[123.53638159325865,9.826819913576218],[123.53634592841274,9.82694216637728],[123.53628283675596,9.827111046934228],[123.53624879862514,9.827255387435509],[123.53617897536735,9.82748134466264],[123.53613021486414,9.827592740062855],[123.53610259789386,9.82766374996108],[123.53611157171215,9.82777607980553],[123.53613549902313,9.827897412298324],[123.53613316136882,9.82810794139917],[123.53610773698844,9.828224718380016],[123.53606143227465,9.8283405858946],[123.53602043739475,9.828410766194459],[123.53595862768253,9.82846985283543],[123.53585880827704,9.828512728298614],[123.53562250505355,9.828520633913138],[123.53546205076326,9.828517397316126],[123.53538335491355,9.82849187076942],[123.53531046933584,9.828424555968724],[123.53527545725895,9.828320181217325],[123.53526384338045,9.828245042254219],[123.53527432221514,9.82812226285962],[123.53526675432146,9.828024044730197],[123.53523825008544,9.827967089737413],[123.53521236634316,9.827938717241132],[123.53517655369426,9.827917799697387],[123.53510187338385,9.82789976921511],[123.53503286403625,9.827900828166213],[123.53495083767376,9.827925873909336],[123.53489029630215,9.827959647937904],[123.53485978261945,9.828005013492273],[123.53483851573246,9.828077092642992],[123.53482629582685,9.828146477127982],[123.53483121303412,9.828234758070403],[123.53483940216796,9.828308665304904],[123.53486597053275,9.82846709748747],[123.53490882659466,9.828601025011508],[123.53493033019194,9.828700310921755],[123.53494241558184,9.828813817033891],[123.53498605690014,9.828902477943426],[123.53505154857297,9.8289942221739],[123.53508447102664,9.829062011951967],[123.53511090233944,9.829112029739496],[123.53512350313693,9.829171539372274],[123.53512429725164,9.82923703174678],[123.53511114174934,9.829285033110017],[123.53507081842834,9.829342168919196],[123.53500733125765,9.829401366474553],[123.53488175415644,9.829467213154055],[123.53478016083976,9.829512514082088],[123.53460740053166,9.82955958789733],[123.53434689158745,9.829599373802871],[123.53417046622685,9.829601639041691],[123.53397210918654,9.82959378403048],[123.53391031305254,9.829601431515924],[123.53386142410055,9.829614172328151],[123.53380521664394,9.829646764842678],[123.53368844802804,9.829730985709794],[123.53358712099755,9.829790114939273],[123.53348031610453,9.829843026851492],[123.53341950176257,9.829874025119151],[123.53334723682406,9.829928282004929],[123.53323782761817,9.83001567607946],[123.53304116669894,9.830147417407202],[123.53278710582154,9.830304779838603],[123.53243421799034,9.830534579578465],[123.53213636649784,9.830745430426724],[123.53172751455342,9.831079513754426],[123.53147974987375,9.831322584170312],[123.53132121552277,9.831495088495064],[123.53123644936174,9.831564725321206],[123.53107764300914,9.831664290929067],[123.53090302478314,9.831782769371772],[123.53073787901984,9.831919736986865],[123.53067950437395,9.83198392172001],[123.53057330984005,9.832132591819605],[123.53043465347307,9.832309894631242],[123.53027973566823,9.832472798930404],[123.53011488229325,9.83261663033133],[123.53000723742505,9.83274224363128],[123.52995861900315,9.83282529009164],[123.52991238306956,9.832936792236953],[123.52985762545745,9.8330748079761],[123.52979335852044,9.833207736481382],[123.52965232477044,9.833417644561],[123.52955297552674,9.833551283014108],[123.52944326942823,9.833673500366942],[123.52931313990506,9.833807442423707],[123.52922218588034,9.833881132657794],[123.52912784290675,9.833930824059037],[123.52897316393964,9.833986165477558],[123.52872256715825,9.834092102385869],[123.52845812313564,9.834173905851916],[123.52821316339495,9.834191009111091],[123.52790556100226,9.834121266083006],[123.52768004469904,9.834031506086319],[123.52746605732045,9.833772724053638],[123.52718657175345,9.833399992504436],[123.52689529393307,9.833131320829205],[123.52653311047945,9.832946442437034],[123.52614894487935,9.832858548278011],[123.52570748817965,9.832878481376586],[123.52526372992342,9.832939887111678],[123.52499592682292,9.832914152802836],[123.52437300512985,9.832900624443138],[123.52417013112026,9.832891650913668],[123.52392333054125,9.832727461914583],[123.52381352189845,9.832707992881938],[123.52368271279933,9.832758657243872],[123.52347773090305,9.832802547084578],[123.52324444082404,9.832807286822076],[123.52299965694024,9.832824902211772],[123.52279361855356,9.83279785295042],[123.52260472800104,9.83278559741364],[123.52235754675756,9.832815780427259],[123.52208740497605,9.832845405262486],[123.52193390241474,9.832917393192647],[123.52161620063394,9.833160342293413],[123.52135683047376,9.833369181486598],[123.52116567179014,9.833577094162145],[123.52100938046505,9.833807406648416],[123.52089680254876,9.833991433624416],[123.52081745890503,9.834045101349274],[123.52053608999164,9.834163958641017],[123.52003095497066,9.834359500911095],[123.51982157311977,9.83437219701831],[123.51964962914546,9.834386299021222],[123.51922520910186,9.834487973026553],[123.51902418381307,9.834512801144921],[123.51855588275907,9.83461352214607],[123.51816199012306,9.834552470243478],[123.51773751415978,9.8343435286949],[123.51742500790327,9.834260715770181],[123.51707931178407,9.834274005284744],[123.51689471043629,9.83434635869613],[123.51679067728156,9.834381451546498],[123.51654640509527,9.834478139673982]]}},{"type":"Feature","properties":{"ID":"122727","Name":"3","Descriptio":"","brgy":"","OBJECTID":"0","NPAAAD":"","ORIG_FID":"0","Shape_Leng":"0.000000","Shape_Area":"0.000000","AGENCY":"","APPROVED_B":"","ATTESTED_B":"","PREPARED_B":"","YEAR":""},"geometry":{"type":"LineString","coordinates":[[123.4287178903142,9.752332216082168],[123.42873215537102,9.752262418810394],[123.42875034457961,9.75222107850343],[123.42878239516601,9.752187402328977],[123.42883503726483,9.752158085846707],[123.42889814856272,9.752116733048942],[123.42895156168092,9.752058382539893],[123.42901894657983,9.751991813808345],[123.42909324086362,9.751924716520449],[123.42914907561003,9.75188133364354],[123.42919460319843,9.751858157158381],[123.42923778659032,9.751815502724263],[123.42927273796482,9.751752367457742],[123.42930778690283,9.751704874496916],[123.42935848699433,9.751636927161849],[123.42940713273842,9.751593458351348],[123.42946787036944,9.75155253006493],[123.42951280583621,9.75151542608746],[123.42960120036602,9.751448904691216],[123.42967926635592,9.75139975802394],[123.42978590036452,9.751351774523055],[123.42986622954031,9.751317411331701],[123.42991827804943,9.751291363980924],[123.42996764453531,9.751257093052763],[123.43004509769231,9.751193245445656],[123.43011253069862,9.751116437577982],[123.43017553732722,9.751056348512074],[123.43021393208403,9.751008021497187],[123.43026692747063,9.750940787508638],[123.43031611522501,9.750894411272549],[123.43036772159013,9.750863231459379],[123.43042224214791,9.750827563620325],[123.43047580296411,9.750788645420407],[123.43052551969882,9.750745812364976],[123.43057468175061,9.750715910250365],[123.43065292762843,9.750679137975627],[123.43072471792063,9.750658082052153],[123.43080219710534,9.7506450435881],[123.43087071893613,9.750647216219743],[123.43092868256662,9.750650454570149],[123.43099149941793,9.750641572726222],[123.43099850148002,9.750639840570338],[123.43102243935732,9.750622975166959],[123.43108000633022,9.750583216974425],[123.43112621989302,9.750542665330556],[123.43118001665681,9.750511156622808],[123.43122907802262,9.750498974765094],[123.43130628050943,9.750479805791645],[123.43137657694402,9.750462351676472],[123.43142930399281,9.75044914259648],[123.43143106200414,9.750448699864585],[123.43153440501513,9.750405186401201],[123.43160936487902,9.750390586486606],[123.43168870135402,9.75037131413114],[123.43176053177481,9.75035192986918],[123.43183943122182,9.750330764379207],[123.43191375843013,9.750292531237069],[123.43198175775342,9.750252273119703],[123.43205584593294,9.750201763149178],[123.43212180847112,9.75015475896589],[123.43220256311231,9.750112785436082],[123.43231363516162,9.750079337567307],[123.43245153249981,9.750039096878277],[123.43255819034003,9.750021199139054],[123.43263256972503,9.749987932521613],[123.43276526286462,9.749934724391256],[123.43289149244961,9.749875770649696],[123.43303425490333,9.749812319251385],[123.43315141544713,9.749767982974284],[123.43327190177831,9.749684957714035],[123.43337504225221,9.74962628319745],[123.43344335082473,9.749580233540492],[123.43352502597654,9.749538272408635],[123.43364811680992,9.749529699323631],[123.43373243176372,9.749513904445054],[123.43379027565354,9.749495231003479],[123.43379598384011,9.749493769652108],[123.43384503955131,9.749463726674287],[123.43384695168763,9.74946323544276],[123.43389043989401,9.74942676311884],[123.43389847525683,9.749373287876496],[123.43390962809113,9.74931471963653],[123.43393527327811,9.749279582585014],[123.43393728216502,9.749279008270209],[123.43397938890173,9.749256961794673],[123.43403215636553,9.749249877596327],[123.43415139029563,9.749297060358172],[123.43434449713422,9.749375564914335],[123.43447598915621,9.749429602002882],[123.43455214284832,9.749496725433954],[123.43461740518823,9.749581603075606],[123.43463324936143,9.74961683097691],[123.43464594604502,9.749657115798083],[123.43466330010993,9.749708184734368],[123.43469012424993,9.749762675641893],[123.43473223511853,9.74982151022568],[123.43478054683982,9.749868078861793],[123.43478183319252,9.749868846022117],[123.43484859498972,9.749925909699762],[123.43488695256573,9.749960898557271],[123.43491689063463,9.749997994211906],[123.43492581251424,9.750036659149092],[123.43493547072902,9.75008826053088],[123.43494037765603,9.750148423137333],[123.43494737867913,9.75019813716909],[123.43497426053894,9.750256334595154],[123.43500374323763,9.750296572297117],[123.43506877819792,9.750324101447836],[123.43513003838541,9.75034290835072],[123.43516956510263,9.750380299268743],[123.43517138448293,9.750383206231982],[123.43521136976513,9.75043177495686],[123.43526304153573,9.750480226199308],[123.43532341208362,9.750501643476115],[123.43536701999842,9.75050802732397],[123.43544011055701,9.750521077385537],[123.43550675227472,9.750538238378267],[123.43556945722753,9.75057949154109],[123.43562443076351,9.750622597254427],[123.43568715474383,9.750674189243071],[123.43572842984592,9.750718143007823],[123.43577616200933,9.750775332533701],[123.43581793714011,9.750837159026302],[123.43584282069153,9.750864217951843],[123.43587333581942,9.75090149610411],[123.43591508779693,9.750922675545548],[123.43595581698503,9.750919217079923],[123.43595691518631,9.750918971382658],[123.43601937411393,9.750893642785352],[123.43610257887353,9.750844259542768],[123.43616376389623,9.750803024044183],[123.43623176354323,9.75075430774787],[123.43627570984893,9.750722442372908],[123.43631816307422,9.750709342050559],[123.43637820966622,9.750691084353907],[123.43643136144232,9.750677855418253],[123.43647756259551,9.75066967822736],[123.43653426475102,9.750671919725175],[123.43658858863172,9.750680468166705],[123.43663909334312,9.750708196336326],[123.43668182088571,9.75075252571394],[123.43673060853861,9.750822948184426],[123.43676905096501,9.750883801051973],[123.43680880092161,9.750928898781245],[123.43685804887892,9.750959414639864],[123.43691562743862,9.75099604763907],[123.43699066244383,9.75105370988344],[123.43705018075671,9.751096069665852],[123.43709865291292,9.751140808186982],[123.43716124341861,9.75120165272909],[123.43722896212111,9.751288814698416],[123.43730348415701,9.751381359318867],[123.43737087875292,9.751467440420928],[123.43743791816672,9.751551542807642],[123.43749267750472,9.751627236879873],[123.43753743826811,9.751684709813192],[123.43757866054082,9.751751329257472],[123.43761416051854,9.751784789650973],[123.43766244033041,9.75182688952169],[123.43771890918022,9.751844817278053],[123.43777442360262,9.751846749028372],[123.43782098495052,9.751838389366318],[123.43786980551293,9.751818303046162],[123.43790637250842,9.751796987937793],[123.43792561361133,9.751774616547028],[123.43794454439183,9.751746991879997],[123.43797179961882,9.751700161076409],[123.43798908800503,9.751649719558358],[123.43800149114341,9.751611564406543],[123.43801943532424,9.751584170480474],[123.43805374702903,9.751569249488673],[123.43808388742092,9.751551087372887],[123.43811935943351,9.751545294858287],[123.43816262226231,9.751537756817791],[123.43820696490293,9.75152683055193],[123.43820773193391,9.751525614266576],[123.43824506014033,9.751512085671912],[123.43827468138053,9.751490857327024],[123.43830977162871,9.751468305737253],[123.43834208082743,9.75145681132868],[123.43837684010293,9.751456242122707],[123.43839993097701,9.751470923858074],[123.43842657662573,9.751496681528113],[123.43846085056792,9.751531615919546],[123.43851381492753,9.751560421512089],[123.43858999038152,9.751593791374477],[123.43864417842643,9.751616770128072],[123.43870100766942,9.751635534202919],[123.43876324454251,9.75165783377368],[123.43884690384573,9.751687389118782],[123.43891625182764,9.751699014918966],[123.43897139358421,9.751698678469836],[123.43905859051722,9.751695958059425],[123.43912494518013,9.751710103353705],[123.43918362443053,9.751742051220354],[123.43925586009404,9.751779303026085],[123.43933161425682,9.751810962307324],[123.43940005828051,9.751832922698712],[123.43948889397211,9.751847533139376],[123.43955571346852,9.751869084221877],[123.43963311120942,9.751904043255145],[123.43970149169833,9.751932921898916],[123.43975256164173,9.751944130005729],[123.43980169453832,9.751958815221828],[123.43986028558253,9.7519764674295],[123.43992874070483,9.751992287913888],[123.43997598394623,9.751999431569654],[123.44004391851963,9.752014521568812],[123.44008981585772,9.752040373323977],[123.44012116412621,9.752078002027933],[123.44014737607372,9.752130635082203],[123.44017379312291,9.75219798972474],[123.44019357169412,9.752269041048994],[123.44021419599353,9.75233211555479],[123.44023373666813,9.75238988009921],[123.44024699205931,9.752437986845983],[123.44026689439603,9.752503588208352],[123.44028702918632,9.752570350304596],[123.44029722775602,9.752626497847004],[123.44030769084101,9.752709167948076],[123.44031466266071,9.752787325416628],[123.44031072677912,9.752862434282518],[123.44030321027661,9.752926111166364],[123.44028188423842,9.753009655362108],[123.44025378612172,9.753083207071155],[123.44026028764134,9.753144959274593],[123.44027669205732,9.753218322532913],[123.44029989618231,9.753287658996564],[123.44033885508958,9.753357656493387]]}},{"type":"Feature","properties":{"ID":"122728","Name":"47","Descriptio":"","brgy":"","OBJECTID":"0","NPAAAD":"","ORIG_FID":"0","Shape_Leng":"0.000000","Shape_Area":"0.000000","AGENCY":"","APPROVED_B":"","ATTESTED_B":"","PREPARED_B":"","YEAR":""},"geometry":{"type":"LineString","coordinates":[[123.53770248971799,9.809960866823237],[123.53780062064095,9.809800301250576],[123.53787525278715,9.8096518839121],[123.53790307811005,9.80953915403237],[123.53789121129286,9.809446845304327],[123.53793815656923,9.809373654519838],[123.53837779453815,9.809264417361593],[123.53848565195065,9.809103892841831],[123.53827869060716,9.808594786954666],[123.53822657615406,9.808442531850444],[123.53830468879185,9.808175153480107],[123.53831864635056,9.80807650327205],[123.53826466528822,9.807935868951898],[123.53825684707593,9.807876182519683],[123.53827056944576,9.807781329252022],[123.53828593669314,9.807711804299649],[123.53832980269654,9.807607514282223],[123.53867904681124,9.807028075127493]]}},{"type":"Feature","properties":{"ID":"122729","Name":"48","Descriptio":"","brgy":"","OBJECTID":"0","NPAAAD":"","ORIG_FID":"0","Shape_Leng":"0.000000","Shape_Area":"0.000000","AGENCY":"","APPROVED_B":"","ATTESTED_B":"","PREPARED_B":"","YEAR":""},"geometry":{"type":"LineString","coordinates":[[123.53848565195065,9.809103892841831],[123.53872777170534,9.809010991795304],[123.53879617750935,9.808808291174874],[123.53883012982854,9.808755093490126],[123.53889375990174,9.808710690422672],[123.53926147766975,9.808544876348664],[123.53939543830285,9.808457329121458]]}},{"type":"Feature","properties":{"ID":"122730","Name":"49","Descriptio":"","brgy":"","OBJECTID":"0","NPAAAD":"","ORIG_FID":"0","Shape_Leng":"0.000000","Shape_Area":"0.000000","AGENCY":"","APPROVED_B":"","ATTESTED_B":"","PREPARED_B":"","YEAR":""},"geometry":{"type":"LineString","coordinates":[[123.53831070438758,9.810133664870907],[123.53828213192175,9.81033929185551],[123.53825095916474,9.810601716929131],[123.53825544431203,9.810707105796167],[123.53827488403535,9.810808094199118],[123.53831291657535,9.810875133603169],[123.53837269862565,9.810948387465416],[123.53841716585094,9.810995224372252],[123.53850608724566,9.811062821572978],[123.53861528764486,9.811112281961458],[123.53884737705643,9.81120486883154],[123.53897158176086,9.811266541625368],[123.53904556759994,9.811333062135805],[123.53909824062706,9.81139684567288],[123.53913327197135,9.811459441611635],[123.53914371654976,9.811518221570404],[123.53914397380287,9.811595666118658],[123.53911437617734,9.81171724665397],[123.53908462815473,9.811774703225378],[123.53904777610845,9.811818628658589],[123.53898653723465,9.811860076261956],[123.53891857865243,9.81188778622524],[123.53866379811906,9.811957160788678],[123.53848317355326,9.81198215270507],[123.53832929722735,9.812022491427637],[123.53824030114305,9.812066333741317],[123.53816349770655,9.812124276495084],[123.53804993396925,9.812235139897028],[123.53790226707684,9.812432195401417],[123.53776661444995,9.812640191961314],[123.53766073692954,9.812884981776644],[123.53755780983884,9.813178048792444],[123.53752096616655,9.813290573410894],[123.53747649870876,9.813372970113102],[123.53743178491254,9.813434616224786],[123.53736538901215,9.81352826804137],[123.53733309475136,9.813598835875254],[123.53730372762435,9.813680645786324],[123.53729756975245,9.813753085622393],[123.53730181007273,9.813894810865094],[123.53730563558216,9.814047787805341],[123.53729062110706,9.814198991989853],[123.53727475836735,9.81431493958482],[123.53726415355746,9.814381583466286],[123.53722601734265,9.814488617726257],[123.53718699772486,9.814546904498705],[123.53710693917687,9.814597826398373],[123.53700380234143,9.81462964070447],[123.53694428853916,9.814623403100525],[123.53675852741014,9.81458956334894],[123.53662590903772,9.814583229804134],[123.53649811533305,9.814601284942734],[123.53632805082484,9.814659560480095],[123.53614665957384,9.814758742890684],[123.53582242354574,9.814982025885344],[123.53574121731197,9.815060274886182],[123.53566882466924,9.815161562524965],[123.53561761238336,9.815239433278581],[123.53555183826614,9.81531674317249],[123.53531056794264,9.81549519148171],[123.53516771332663,9.81558572766976],[123.53500305012115,9.81568937150087],[123.53482208198385,9.815848162942421],[123.53473228441936,9.815966131122318],[123.53467510883465,9.81607673000989],[123.53464461791174,9.816247643388413],[123.53461070670807,9.816619870467138],[123.53463049876905,9.816951304440218],[123.53465913487486,9.81730349026585],[123.53467909269474,9.817649065518061],[123.53469429505643,9.81773113681958],[123.53472159357935,9.817800661863917],[123.53477177948783,9.817881329568856],[123.53483359894295,9.817959084904835],[123.53487627489744,9.81802035290029],[123.53490862568034,9.818092515212022],[123.53491092746954,9.818155080808278],[123.53489025222704,9.818218681406798],[123.53485622784744,9.818253609943994],[123.53480855339674,9.818282872661168],[123.53475482246594,9.818295468926197],[123.53468840104554,9.818294947382823],[123.53455035139494,9.818244748525096],[123.53426452810484,9.818112158092035],[123.53417268979815,9.818076372420176],[123.53412685651223,9.818072793910769],[123.53409070294575,9.818087232530933],[123.53402905466736,9.818132582559379],[123.53388075499196,9.818253001134208],[123.53367261752746,9.81835743058899],[123.53357547873863,9.81836859423625],[123.53350234180114,9.818340245022744],[123.53344622699444,9.818311210574214],[123.53333727769125,9.818181923243749],[123.53326714605274,9.81812832173797],[123.53319199209915,9.818086920413249],[123.53308363745944,9.818075310792052],[123.53297531973695,9.818080287204001],[123.53286460281834,9.818084453473652],[123.53278909578786,9.818049111913492],[123.53267788493596,9.817948824042022],[123.53260699756494,9.817877781185581],[123.53252664123953,9.817849228360819],[123.53227669512904,9.817815103875454],[123.53203228119405,9.817735855275572],[123.53192276091065,9.81768921919543],[123.53185486915353,9.817631448516625],[123.53173975405026,9.817511259607858],[123.53164333513274,9.817393788334932],[123.53156104519633,9.817345087437483],[123.53149117271295,9.817330876955543],[123.53135198785176,9.817343952433966],[123.53125375888733,9.817378261889406],[123.53115978076073,9.817451308429115],[123.53108446611114,9.817518886162617],[123.53099620191203,9.817571489901189],[123.53091843562774,9.817596366525985],[123.53083514400535,9.817605663867338],[123.53070686512214,9.817598839349804],[123.53058696522575,9.817573104415365],[123.53049470173295,9.817573406648345],[123.53042802335786,9.817589460571792],[123.53037526870146,9.817630465699173],[123.53034190235904,9.81767775972748],[123.53032883405085,9.81772628569502],[123.53032747805256,9.817816952989707],[123.53032276237384,9.817931496136096],[123.53030057315966,9.81804703661706],[123.53027878089364,9.81815301856649],[123.53025719455954,9.818189989375549],[123.53020759874846,9.81824268099987],[123.53010820597055,9.818297302637873],[123.52999200151345,9.818329039120728],[123.52971168018205,9.818356815708755],[123.52950630475796,9.818385189315748],[123.52915008180715,9.818441996775821],[123.52904283752714,9.818472207130059],[123.52899783322884,9.818502361910653],[123.52896009389495,9.818565195616658],[123.52889699275374,9.818720051767826],[123.52885028821086,9.818798012090031],[123.52877848542217,9.81885326813735],[123.52869145640055,9.818960168865654],[123.52869940730076,9.819019022498374],[123.52874090762624,9.819129233313499],[123.52880077026866,9.819270573507794],[123.52882465729135,9.81935237098453],[123.52881401942415,9.819411086726689],[123.52876528613064,9.819475323853668],[123.52874252566696,9.819543264610223],[123.52877261033046,9.819625081101739],[123.52886178468066,9.819731683595402],[123.52891567883854,9.819800654335944],[123.52893733955365,9.819906139655554],[123.52896303654875,9.820025361001607],[123.52897065134626,9.820259887608206],[123.52896843463085,9.820491916571996],[123.52899996210554,9.820680921109346],[123.52905065377064,9.820916949813482],[123.52905099660606,9.821003946344165],[123.52900648295223,9.821076865343711],[123.52893079420005,9.821140423086328],[123.52885094211746,9.82118966818722],[123.52874139457644,9.821250507325482],[123.52866105957675,9.821278395002743],[123.52853561429224,9.821289257727024],[123.52840105124504,9.821273022596188],[123.52825624018513,9.821233891010051],[123.52802730281164,9.821224155389235],[123.52776076364374,9.821220810834964],[123.52750623919974,9.821216644091816],[123.52705179926774,9.821140856961092],[123.52696082635384,9.821046544693925],[123.52692749473404,9.820700912509107],[123.52686272687214,9.820321505405744],[123.52666519230594,9.820001649153161],[123.52639118190115,9.81968405780195],[123.52625385581455,9.819471930957393],[123.52606768870855,9.819048762976541],[123.52599174329835,9.818923515133132],[123.52580145036865,9.818818563930853],[123.52551956227163,9.818748965646119],[123.52514502788374,9.818684886691386],[123.52489866309365,9.81860943506144],[123.52462452369636,9.818435670821371],[123.52444269711324,9.818369811260991],[123.52429599973883,9.818356685155276],[123.52412457836255,9.818376588033288],[123.52396161865676,9.818424215977616],[123.52386960724094,9.818447215612117],[123.52378103892026,9.818458793974246],[123.52371158254364,9.818459165250378],[123.52366316403874,9.818436691832261],[123.52362724290964,9.818378099153671],[123.52363654026685,9.818287069186187],[123.52365291535774,9.818229027332233],[123.52366883256194,9.81817129906407],[123.52367767339824,9.818102576293294],[123.52363263011244,9.818029169440116],[123.52343628955035,9.817792417822668],[123.52332311041745,9.817690816013613],[123.52324127725805,9.81765977277971],[123.52310506884754,9.817649623611995],[123.52281791491275,9.817680979438776],[123.52264098583194,9.817699934335161],[123.52250411524193,9.817682423667065],[123.52237827569864,9.817646380688684],[123.52226777799946,9.817591546482523],[123.52216475364315,9.817555389449815],[123.52205639256496,9.817560756003664],[123.52188467253838,9.817637809933922],[123.52163619016308,9.81775337564482],[123.52149212697886,9.817831275162634],[123.52139778657848,9.817851469078615],[123.52109345967136,9.817882115272942],[123.52066070643917,9.817957638899484],[123.52028262251525,9.818005367433997],[123.52012588202248,9.818068019873985],[123.51990306245597,9.818107689563924],[123.51948022085996,9.818115982426933],[123.51899212192538,9.818198794495084],[123.51858845037256,9.818235437322896],[123.51818276687129,9.818244043435662],[123.51803661301318,9.818232656301577],[123.51782329046107,9.818180791220723],[123.51762170308389,9.818113829979037],[123.51742617484629,9.818020525175013],[123.51732368569907,9.81792168600523],[123.51724305414997,9.817825073119545],[123.51713879333177,9.817577999385415],[123.51692759747148,9.817297398074318],[123.51684263903216,9.817195622764153],[123.51677469801956,9.817143772623824],[123.51668683652517,9.817119036737177],[123.51661935040008,9.817115239007968],[123.51653648460557,9.81708716725473],[123.51644786213838,9.817023113049752],[123.51640464565497,9.816978770983443],[123.51635348857548,9.816931503953592],[123.51627472966719,9.816897447256585],[123.51619777092597,9.816896295175459],[123.51610395934559,9.816944823436339],[123.51603995668557,9.816971343989868],[123.51597122521737,9.81699073849802],[123.51588767065046,9.816973260343174],[123.51581112865807,9.81692950765439],[123.51568221307026,9.816808787032569],[123.51557584393257,9.816700730114935],[123.51542543102646,9.816504903075945],[123.51529203833758,9.816379842426349],[123.51508431050226,9.816221688951401],[123.51468697620946,9.81598175496363],[123.51406142498718,9.815806522939702],[123.51356579109097,9.815684824062272],[123.51327567211057,9.815652625650841],[123.51303378284835,9.815621216808179],[123.51275854859988,9.815624507733771],[123.51261579192149,9.815659687073948],[123.51248147943967,9.815707950861606],[123.51238097530748,9.815739781762542],[123.51222089012067,9.815756810745057],[123.51206870033337,9.815731147440891],[123.51185719037878,9.81572672211535],[123.51153614930797,9.815736508373734],[123.51119331498757,9.815660801772626],[123.51105692784057,9.815578740092594],[123.51097171960927,9.815595892412787],[123.51087368989238,9.815736252806849],[123.51079261758368,9.815851228109683],[123.51069027959298,9.81592336598452],[123.51057880760047,9.816014336683345],[123.51050188817898,9.816130277170721],[123.51043970876117,9.816216810223239],[123.51037342703377,9.816269522606419],[123.51030002744787,9.816278331618678],[123.51008539612407,9.816297705260256],[123.50996490469647,9.816363650148803],[123.50984044106518,9.816431871851487],[123.50941324678158,9.816442996656551],[123.50907362457227,9.816436029389367],[123.50897584850428,9.816420038878665],[123.50893338700578,9.816380447628182],[123.50893515990136,9.816327863718065],[123.50896560090297,9.816261409254965],[123.50908364051057,9.816160708307299],[123.50929120769986,9.816050405349303],[123.50935475756458,9.81604197463377],[123.50944122575486,9.816057708895977],[123.50951815306315,9.816041829177239],[123.50962180908446,9.815952852729938],[123.50967457899397,9.81584992358108],[123.50969304062598,9.815752154340675],[123.50964075631288,9.815587345400177],[123.50956498184607,9.815473013776407],[123.50945566266759,9.81541230611687],[123.50924777479487,9.815327186952544],[123.50912812647549,9.81532521254699],[123.50897631938497,9.81535952836097],[123.50885806185278,9.815470701804678],[123.50873918772697,9.815599434821344],[123.50853449680376,9.815764019858667],[123.50842220860066,9.815841264382893],[123.50819337133467,9.81595902462123],[123.50797491306746,9.81607648490446],[123.50749544452977,9.816308271016778],[123.50727052974678,9.816374913036569],[123.50711651635437,9.816450001207503],[123.50701378271077,9.816572929250462],[123.50697712284025,9.816757340542758],[123.50700446124279,9.816885710528938],[123.50717334966836,9.817103165470897],[123.50722192892107,9.817213081742585],[123.50715574517389,9.817324728545426],[123.50696959569848,9.817398381717142],[123.50660145497868,9.817331698297554],[123.50622692138877,9.817367845247777],[123.50606266580337,9.817424385187486],[123.50573796496877,9.817659226940448],[123.50546409344197,9.817975834103885],[123.50510083539015,9.818457520397521]]}},{"type":"Feature","properties":{"ID":"122731","Name":"50","Descriptio":"","brgy":"","OBJECTID":"0","NPAAAD":"","ORIG_FID":"0","Shape_Leng":"0.000000","Shape_Area":"0.000000","AGENCY":"","APPROVED_B":"","ATTESTED_B":"","PREPARED_B":"","YEAR":""},"geometry":{"type":"LineString","coordinates":[[123.51490603879728,9.828615051709274],[123.51534418936689,9.828403808375974],[123.51576392139467,9.828248480613965],[123.51631943153909,9.827955689009938],[123.51662499976379,9.827745990007134],[123.51689075906538,9.82744650556979],[123.51705689437108,9.827335455271466],[123.51732514820857,9.827264927622368],[123.51762367885448,9.827103135601183],[123.51780425875806,9.826965250982216],[123.51824688220637,9.82654939162946],[123.51847301127519,9.826240474432272],[123.51866843385608,9.825989410970696],[123.51884646667388,9.825639268694422],[123.51895685304127,9.825521709563644],[123.51909767689557,9.825456546901433],[123.51936837553407,9.825430021461514],[123.51984553594018,9.825446393029578],[123.52006395715699,9.825550516908681],[123.52022641819308,9.825644062584745],[123.52038041953406,9.825654551357339],[123.52053822968978,9.825576525847623],[123.52119698005805,9.825200693818273],[123.52128077855086,9.825050943439152],[123.52129838038884,9.824858855620006],[123.52150838309795,9.824503822126351],[123.52222571389456,9.823876001868564],[123.52237603359762,9.823692737740217],[123.52247800992694,9.823527609647936],[123.52253108629166,9.823410071944934],[123.52256213399194,9.823302575032727],[123.52259607838216,9.823179741804825],[123.52264701689094,9.8230380690039],[123.52268561819035,9.822909224754948],[123.52269914322565,9.822820123387812],[123.52268630513895,9.822749433235797],[123.52266215490245,9.822648323259385],[123.52264051059275,9.822485351097063],[123.52264263781754,9.822281686354673],[123.52266053486056,9.822078070504851],[123.52267736116353,9.821858410873105],[123.52276660244834,9.821710670053225],[123.52280955407475,9.821622882724474],[123.52281758258934,9.82151736398058],[123.52283838871072,9.821385947916497],[123.52288633603445,9.821273876621222],[123.52291760621014,9.821138166626282],[123.52293895149104,9.821019685039461],[123.52294928383446,9.820956822542678],[123.52305830632854,9.820810317979232],[123.52313270415114,9.820649304096463],[123.52324376686224,9.82045475679652],[123.52333813769545,9.820305091711392],[123.52342344517585,9.820165312696188],[123.52342108808755,9.820045663733328],[123.52340849660195,9.819876166840904],[123.52338421675015,9.819767079953012],[123.52336242255235,9.81966351643533],[123.52335589175416,9.819575818769366],[123.52337236930384,9.819434155941222],[123.52335340529345,9.819317708452798],[123.52334822005196,9.819138834321038],[123.52336853942326,9.819064253963905],[123.52341574138984,9.819015593032747],[123.52346877662525,9.818990432109572],[123.52356846985005,9.818973635105793],[123.52369970176076,9.81895779218395],[123.52378495350165,9.818944507650933],[123.52384511906426,9.8189105534574],[123.52389759631305,9.81886654709188],[123.52401369423015,9.818786318309316],[123.52418157902046,9.81867800481696],[123.52428509140603,9.81862769467344],[123.52438756821167,9.818596004528159],[123.52470838409836,9.81859486963279],[123.52489866309365,9.81860943506144]]}},{"type":"Feature","properties":{"ID":"122732","Name":"51","Descriptio":"","brgy":"","OBJECTID":"0","NPAAAD":"","ORIG_FID":"0","Shape_Leng":"0.000000","Shape_Area":"0.000000","AGENCY":"","APPROVED_B":"","ATTESTED_B":"","PREPARED_B":"","YEAR":""},"geometry":{"type":"LineString","coordinates":[[123.51139262303997,9.825817697398866],[123.51177240961766,9.8256677490684],[123.51235006632287,9.825382694059789],[123.51275493939967,9.825209606592054],[123.51324758431308,9.824983246788651],[123.51358382482067,9.824793987258245],[123.51374960351518,9.824699379845425],[123.51383033856315,9.824643084843789],[123.51392925628967,9.824569641128724],[123.51401921239128,9.824538374334361],[123.51410229567158,9.824514869877559],[123.51435546000957,9.824455134453412],[123.51487227574397,9.824357499743506],[123.51500708057007,9.824309704254203],[123.51500958481606,9.82430700579151],[123.51510669404487,9.824268214077891],[123.51511136623307,9.824266431585835],[123.51518149007147,9.824250206254657],[123.51518515536809,9.82425056347108],[123.51524944089279,9.8242383604689],[123.51525253475778,9.824237181836978],[123.51529749235937,9.824220053888522],[123.51529904586597,9.824219462056373],[123.51534724899257,9.824186950836152],[123.51543057057616,9.824123179756832],[123.51550550935836,9.824087399228326],[123.51558370860798,9.824053916970964],[123.51563718554397,9.824011949532736],[123.51569213973147,9.823958519481113],[123.51577291350787,9.823869656212064],[123.51594015037907,9.823685374423318],[123.51618514167548,9.823434279050069],[123.51649996352155,9.823077025708546],[123.51686510411098,9.822660427271586],[123.51699411213058,9.822562741516226],[123.51714791092017,9.822462780324615],[123.51726984580736,9.822365806989687],[123.51737569174388,9.822269348458185],[123.51743529710217,9.822216116069285],[123.51750388280966,9.822138667422381],[123.51753027924848,9.82207186459533],[123.51755157745147,9.822017356244023],[123.51758393928948,9.82195673859677],[123.51758561886517,9.82195607964672],[123.51764400518168,9.82190735644197],[123.51768779046726,9.82189095284441],[123.51774183918427,9.82190566659125],[123.51783200457356,9.821958689885523],[123.51787369135818,9.822005563151738],[123.51792164151297,9.822013155381049],[123.51800409477637,9.822027480790366],[123.51809810667267,9.822016014275048],[123.51816525028715,9.821996607714798],[123.51822897622036,9.821979917859457],[123.51826391782106,9.82199522003033],[123.51826998978976,9.822033405516482],[123.51825193751077,9.822062729583811],[123.51820290398467,9.822100976519511],[123.51815193714188,9.822134420741465],[123.51812274249508,9.822181406892824],[123.51801658913968,9.822287824226326],[123.51790995140497,9.822382488316357],[123.51783386478407,9.822452354384732],[123.51781152358497,9.82248663517635],[123.51781063469596,9.82252024681822],[123.51782689244736,9.822537082021247],[123.51786425477836,9.8225419117884],[123.51789972140867,9.822515872984331],[123.51794658559066,9.822472470856972],[123.51806255286337,9.822373329775447],[123.51815601848868,9.822297580829],[123.51826926150487,9.822229847393345],[123.51836668009247,9.82219062653343],[123.51855537676639,9.822142959019295],[123.51882555852347,9.822091767864851],[123.51903718917248,9.822052066104424],[123.51927242722067,9.822080356102052],[123.51947308750576,9.822125941237413],[123.51961749464326,9.822138719998602],[123.51982630842296,9.822133618950282],[123.51997578222377,9.82211967690167],[123.52009980096628,9.822090170689249],[123.52018706948907,9.822034610375837],[123.52027094151947,9.821984061488216],[123.52039698609397,9.82196181557776],[123.52056697922258,9.821964702860813],[123.52073424549546,9.821973131881114],[123.52081103166606,9.821989909156748],[123.52092433701536,9.821999729745649],[123.52102636372295,9.821989618668026],[123.52114945703305,9.821958212766084],[123.52121375662158,9.82192457141245],[123.52128110276668,9.821873815759997],[123.52133197462857,9.821808592461045],[123.52138416214196,9.821733883616632],[123.52146510552187,9.8216368081228],[123.52151036369527,9.821548392177476],[123.52152731364558,9.821470499997128],[123.52151547886943,9.821331141266745],[123.52151300593235,9.821177690952586],[123.52153266472934,9.820974944685535],[123.52156960474575,9.820858152704133],[123.52161918932877,9.820756936748449],[123.52172313701155,9.820670883890934],[123.52187401985944,9.82056613491132],[123.52210104707613,9.820472426816837],[123.52229947529574,9.820446046960058],[123.52250210507125,9.820444234747972],[123.52280557792396,9.820378122988375],[123.52296521466454,9.82034133121796],[123.52316689813364,9.820270689498539],[123.52328472657994,9.820215441018549],[123.52337985909494,9.820149041921836],[123.52342108808755,9.820045663733328]]}},{"type":"Feature","properties":{"ID":"122733","Name":"52","Descriptio":"","brgy":"","OBJECTID":"0","NPAAAD":"","ORIG_FID":"0","Shape_Leng":"0.000000","Shape_Area":"0.000000","AGENCY":"","APPROVED_B":"","ATTESTED_B":"","PREPARED_B":"","YEAR":""},"geometry":{"type":"LineString","coordinates":[[123.50438426601427,9.809787807012373],[123.50475959261577,9.8099285424959],[123.50504732467027,9.809956224542306],[123.50571841168427,9.809812059474018],[123.50609541507707,9.809701189276916],[123.50688520435138,9.809681264945764],[123.50715006865337,9.809585792390967],[123.50743226289086,9.809281116950734],[123.50766792333748,9.809070944473019],[123.50795519046707,9.808994527931182],[123.5084184074664,9.809040324607972],[123.50920504650496,9.809078827299313],[123.50994101097287,9.809159762008804],[123.51168255490406,9.809704007331558],[123.51294676686096,9.810125937610778],[123.51353303605327,9.810577311980397],[123.51396511912397,9.810829495549694],[123.51452151833868,9.810916004052014],[123.51497668280207,9.81109864606514],[123.51510340110418,9.811199725969656],[123.51524581724478,9.811322526874916],[123.51537761748547,9.811384177791373],[123.5154664282825,9.81140807884247],[123.51556859290028,9.811440975846935],[123.51569527609368,9.811480306769651],[123.51578784379956,9.81152932704312],[123.51592646832347,9.811643061132019],[123.51641653919097,9.812177131704784],[123.51642042424326,9.81238347785064],[123.51636551258417,9.812767309981359],[123.51629503845798,9.813105831282014],[123.51629221771367,9.813385440800607],[123.51697181765238,9.81387233255702],[123.51718223694557,9.813943341588068],[123.51750390208969,9.813955251015127],[123.51771689037997,9.81387813319885],[123.51792150890986,9.81381006388428],[123.51835259847176,9.813835661423207],[123.51859216720597,9.813904557666179],[123.51899527483519,9.814156642801615],[123.51954639089016,9.81447442974734],[123.51987051116296,9.814487718354833],[123.52009560475585,9.814466897146607],[123.52030075759687,9.814446468170466],[123.52040663653017,9.81446237304152],[123.52055594118947,9.81450618910857],[123.52069842398157,9.814524941806287],[123.52084827307677,9.814509173709807],[123.52131226055826,9.814539038235221],[123.52224841333984,9.814636604302466],[123.52279087675134,9.814581300709687],[123.52358811757894,9.814550358132669],[123.52402228120246,9.814578195800655],[123.52448554186402,9.814654568580547],[123.52481653537384,9.814617283157816],[123.52509241316645,9.814570288683601],[123.52545356464844,9.814422604332394],[123.52568590803176,9.81436063974308],[123.52592899861135,9.814403729352076],[123.52634292413305,9.814493072299763],[123.52663459774294,9.814567817373275],[123.52676745604724,9.814534420116708],[123.52697456133983,9.814342928340878],[123.52734301274023,9.814034208952302],[123.52755261482744,9.813887833722918],[123.52765474396165,9.813861195391802],[123.52782218929795,9.81386824700081],[123.52792012431055,9.8139232187952],[123.52799925107604,9.814016324043505],[123.52814172983565,9.81406644962776],[123.52860908992115,9.814207291549199],[123.52917013286816,9.814338332005935],[123.52934000286386,9.814374230914494],[123.52953078484464,9.814349093487174],[123.52985805118266,9.814295565812284],[123.53001333275346,9.814256923135403],[123.53015097864264,9.81420768255091],[123.53029788030614,9.814115815732714],[123.53048752208463,9.814026358403588],[123.53082240604392,9.813887317428144],[123.53089931170784,9.813876699096918],[123.53102455542914,9.813889036352297],[123.53107669108546,9.813889362199454],[123.53111920964115,9.813884550706273],[123.53116072256414,9.813862304250714],[123.53126454155105,9.813775925721165],[123.53133063473774,9.813722307473773],[123.53135463231524,9.813702110203046],[123.53140398112026,9.813650986908083],[123.53145989997255,9.813603583945435],[123.53151022459514,9.813576400857931],[123.53162986160524,9.813537550257303],[123.53167941627774,9.813517134178797],[123.53174195958954,9.813476201734892],[123.53181158623065,9.813409396194599],[123.53185010356796,9.813363829435831],[123.53193703377474,9.813307461856107],[123.53212076027164,9.813220194097712],[123.53227772007513,9.813135392342481],[123.53243117843944,9.813044975964292],[123.53260397331435,9.812947414333335],[123.53271517851876,9.81291141328951],[123.53278607556275,9.812862030460405],[123.53287497672075,9.812762615597775],[123.53293217867574,9.81266869929103],[123.53293701995995,9.812627714049329],[123.53296093448185,9.8125608442125],[123.53308485150195,9.812341110190115],[123.53327640398525,9.811992976575711],[123.53340638121084,9.811777925020147],[123.53351140731976,9.811667508816909],[123.53357662596595,9.811617630212952],[123.53367384089394,9.81155683584217],[123.53374762732534,9.811483681412275],[123.53383745189365,9.811353224949814],[123.53390620761363,9.811247807554567],[123.53399522897894,9.811171765556745],[123.53411781010676,9.811071904708564],[123.53422580456154,9.810962945171044],[123.53430721486276,9.810861968225066],[123.53441964484405,9.810752077788544],[123.53463575141615,9.810563645350788],[123.53489155283226,9.810342590173091],[123.53494759193704,9.810271318522586],[123.53499591868444,9.810186695692147],[123.53505081231216,9.810119990285056],[123.53510326235414,9.810080528366846],[123.53549209939456,9.809836141310976],[123.53557177560545,9.809773006070523],[123.53559910731303,9.809731669622527],[123.53563079024684,9.809595922060433],[123.53571516162366,9.809321279550575],[123.53579685381104,9.809203042096465]]}},{"type":"Feature","properties":{"ID":"122734","Name":"53","Descriptio":"","brgy":"","OBJECTID":"0","NPAAAD":"","ORIG_FID":"0","Shape_Leng":"0.000000","Shape_Area":"0.000000","AGENCY":"","APPROVED_B":"","ATTESTED_B":"","PREPARED_B":"","YEAR":""},"geometry":{"type":"LineString","coordinates":[[123.49904318338247,9.804384155307867],[123.50041757518377,9.804502364651631],[123.50090181792267,9.804581146174963],[123.50183307129588,9.8048569026529],[123.50258622567428,9.805058306860097],[123.50310900191967,9.805299494461098],[123.50319970575066,9.80537143852557],[123.50351791210566,9.805420948872],[123.50382533956997,9.805487164402056],[123.50411702606698,9.805562519020844],[123.5044159313422,9.805624298166205],[123.50462244353265,9.805594963841154],[123.50500135428575,9.80552531129706],[123.50527078498286,9.8055383436482],[123.50556318159057,9.805602694529203],[123.50588699745985,9.805370931539528],[123.50622756821818,9.804854359812166],[123.50649930848375,9.804626154469595],[123.50725382401495,9.804400149517479],[123.50858921511508,9.80450770865334],[123.50929437154866,9.804598892059676],[123.50943439811026,9.804759398066446],[123.50963920456007,9.805260565024206],[123.50972868385787,9.805506816526718],[123.51068251986797,9.805755645014983],[123.51170973910276,9.806073098299173],[123.51187510337468,9.806247410173437],[123.51225565433128,9.806743932351603],[123.51253729607507,9.807145400755482],[123.51312833244937,9.807615298611895],[123.51339982126918,9.80756749478236],[123.51383524392355,9.807521514231144],[123.51437312498207,9.807493941615437],[123.51507817721998,9.807831947803095],[123.51536326021768,9.80796002302712],[123.51574031017807,9.807978242430133],[123.51608166655177,9.80785194223168],[123.51649594769249,9.807626127798175],[123.51689748388168,9.807514165790263],[123.51719287651008,9.807595167967056],[123.51768775830776,9.80783397610614],[123.51813496298347,9.808104383826795],[123.51845863996428,9.80818760018224],[123.51870113709175,9.808219986663019],[123.51893241296307,9.808122443734712],[123.51950545562288,9.807903311597382],[123.5197685610838,9.807858740820706],[123.52020010272129,9.807937270865134],[123.52048874611206,9.808067553914476],[123.52079581847966,9.808172201273097],[123.52115055473718,9.80820825911444],[123.52159944068057,9.808193688021792],[123.52190806848557,9.808207997725981],[123.52206582434545,9.808207889318611],[123.52221134027494,9.808175111305733],[123.52243357215798,9.808185656243788],[123.52258667727408,9.80824571037223],[123.52268307644815,9.80833185406061],[123.52288886266075,9.808542657074996],[123.52325532463054,9.808756989473343],[123.52365944899314,9.808948099035277],[123.52405246002834,9.80904080238695],[123.52423708404284,9.809115601192003],[123.52489405617784,9.809530139297063],[123.52528265341564,9.80974784812467],[123.52558539041003,9.80987020599746],[123.52593164666676,9.809946915008695],[123.52621412593844,9.810034782197016],[123.52650442213715,9.810031625370163],[123.52665765923635,9.80999911081244],[123.52725273395734,9.809859560004657],[123.52739013524783,9.809851182123642],[123.52761997527084,9.80990896806886],[123.52793772744874,9.810024900413417],[123.52803126207026,9.810045249348368],[123.52814238548633,9.810039977507685],[123.52834790400064,9.809988344211583],[123.52852400337754,9.809952261184922],[123.52864551730624,9.809958583505574],[123.52888400805917,9.81002165430611],[123.52901755245105,9.810066679526559],[123.52914658934985,9.810088270800902],[123.52930713973943,9.810091902272351],[123.52961787973874,9.810069282566811],[123.52993404631366,9.81004373995613],[123.53010861867435,9.810019635054873],[123.53025153872686,9.810012782045687],[123.53033080451696,9.81004654888142],[123.53039596769204,9.81011466582658],[123.53046218607544,9.810162464117163],[123.53050954804446,9.810177448823904],[123.53054945470383,9.810177045272926],[123.53060418903654,9.810139477101242],[123.53063287346754,9.810101476903217],[123.53068709739313,9.80997860400023],[123.53073689365824,9.809839096363941],[123.53078014467174,9.809716943294225],[123.53082574159536,9.809640032589694],[123.53089274982815,9.80957250692707],[123.53107969429475,9.809474160902605],[123.53132968952505,9.80936575874585],[123.53176856402345,9.80917038594316],[123.53195131765824,9.809097380915043],[123.53210091445044,9.809025294075461],[123.53222435420834,9.80894498436568],[123.53246170421676,9.808808786275915],[123.53255185395813,9.808767473198783],[123.53265419450045,9.80874011225197],[123.53279344515487,9.808696495489185],[123.53298423453343,9.808611247357321],[123.53314953599474,9.808526281380294],[123.53334204188442,9.808399760687102],[123.53349556258763,9.808288798839683],[123.53352601062534,9.808227790084212],[123.53357195742065,9.807952329288348],[123.53358828934144,9.807875444823566],[123.53360737155363,9.807845170903049],[123.53364371212803,9.807806106764385],[123.53387698832294,9.807700553409468],[123.53394713671015,9.807690385626493],[123.53399794719344,9.80771321962493],[123.53406406737625,9.807768558593445],[123.53418080649514,9.807843190886544],[123.53424166693425,9.807856633701228],[123.53429958332646,9.80784872041655],[123.53434888560395,9.807832274342204],[123.53440036807264,9.807798847097983],[123.53452130432854,9.80771213697077],[123.53457990494245,9.807677691004255],[123.53461852357695,9.807667361559515],[123.53467077187453,9.807675661720443],[123.53471085452874,9.80768906691074],[123.53477336444034,9.807719513187024],[123.53482357156605,9.80773765806518],[123.53502045446338,9.807788977355342]]}},{"type":"Feature","properties":{"ID":"122735","Name":"54","Descriptio":"","brgy":"","OBJECTID":"0","NPAAAD":"","ORIG_FID":"0","Shape_Leng":"0.000000","Shape_Area":"0.000000","AGENCY":"","APPROVED_B":"","ATTESTED_B":"","PREPARED_B":"","YEAR":""},"geometry":{"type":"LineString","coordinates":[[123.50309113997957,9.8052912537112],[123.50315382096028,9.805025945414645],[123.50325646884447,9.804864158637242],[123.50336797443056,9.80476877166621],[123.50370059781217,9.804584494186358],[123.50396874442326,9.804477928766998],[123.50432165612946,9.804436026802504],[123.5045493450232,9.804375628394602],[123.50499326703135,9.804169881946368],[123.50548069142377,9.803906845165052],[123.50569251898118,9.803715489902444],[123.50599917893797,9.803355676491423],[123.50629107899398,9.802972051110332],[123.50665096110717,9.802682606722797],[123.50707282837557,9.802496732514408],[123.50750917616617,9.802477785156933],[123.50821984354725,9.802475795638527],[123.50865886452826,9.802403094090996],[123.50914245340657,9.802262414523371],[123.50958192284749,9.802048017220773],[123.50984259464066,9.80196998811597],[123.5103731258395,9.801969203333597],[123.51060352441667,9.801987618757595],[123.51082499559247,9.802097346218986],[123.51130204240145,9.802360624135925],[123.51144138058767,9.802384307204301],[123.51167492611468,9.802399966730622],[123.51199446062658,9.802467527377468],[123.51267190779687,9.802780581097768],[123.51306248196347,9.802937486268148],[123.51338097836587,9.802934645576627],[123.51366959728698,9.802863721128986],[123.51392538101537,9.802882396849542],[123.51436650024468,9.803133328152228],[123.51501566556566,9.803622805471555],[123.51546509119537,9.80387985842903],[123.51590494550577,9.80417546765794],[123.51629481172407,9.804530828313606],[123.51655888628306,9.804736693924292],[123.51683960639349,9.804822555345796],[123.51705666162407,9.804873333919891],[123.51733805131846,9.804843840837977],[123.51750444146735,9.804779507207865],[123.51774253195897,9.804703249093693],[123.51789467006788,9.804689918526892],[123.51822618786149,9.804696789106826],[123.51907485922005,9.804818548020453],[123.51964599815327,9.804783211647466],[123.52001651766827,9.804690066849634],[123.52024088969657,9.804549384206824],[123.52054829518947,9.804463948964568],[123.52078476671647,9.804483584152694],[123.52115039261497,9.804576648610224],[123.52153694320987,9.80474879194962],[123.52179941783157,9.804817006974037],[123.52209568681839,9.804838637683542],[123.52255436210586,9.804879261517575],[123.52288018564026,9.804909408813133],[123.52309573032146,9.804932329427855],[123.52328528132524,9.804956869227754],[123.52340120272615,9.804988808013213],[123.52346141111083,9.804985032406973],[123.52357000900595,9.8049491336067],[123.52368855290534,9.804961383982844],[123.52381801648366,9.80500040119551],[123.52402016064795,9.8050563635329],[123.52431341037054,9.805103985501184],[123.52447096214657,9.805126836161271],[123.52456339400725,9.805161072837118],[123.52464917423555,9.805206852245187],[123.52472020117106,9.805233314705037],[123.52483049858624,9.805248324392295],[123.52498493691934,9.805254051625313],[123.52515419968834,9.805256137662331],[123.52533123467946,9.805251316647526],[123.52547847852884,9.805260494145829],[123.52561190362924,9.805287494570171],[123.52572774004075,9.80530835096214],[123.52583724253994,9.80534063257285],[123.52597278045644,9.8053825524399],[123.52607407520246,9.805419845570306],[123.52614950588065,9.805433781781412],[123.52623239959314,9.805431474304529],[123.52631086782785,9.805417679632134],[123.52645196848505,9.805387460221977],[123.52667117811885,9.805359903118777],[123.52691062814665,9.80535764131966],[123.52706675531402,9.805361704397084],[123.52729793601416,9.805349616409199],[123.52755449163314,9.805351868951979],[123.52775562120175,9.805366359963456],[123.52792860999594,9.805347303266366],[123.52813052987034,9.805342898034292],[123.52835749428876,9.805329701475072],[123.52861611048756,9.805311627138682],[123.52890036381004,9.805303749953909],[123.52904436726514,9.805315822024003],[123.52921929485255,9.80532036995042],[123.52929743834493,9.80531546849512],[123.52937897873025,9.805301749356843],[123.52945336520864,9.805286609948883],[123.52951843537494,9.805262143606546],[123.52959277424834,9.80521853870204],[123.52970273683624,9.805142207058362],[123.52979604319535,9.805068450033415],[123.52983964435765,9.80501876833354],[123.52992385546156,9.80490790220615],[123.53006215047793,9.80480731362385],[123.53026313032636,9.804773401910904],[123.53059718181625,9.80470594656598],[123.53090379093055,9.804644705095994],[123.53100250540166,9.804643353135823],[123.53106115396375,9.804662039663196],[123.53116188110565,9.804726733540642],[123.53125018347906,9.80479133227095],[123.53134169610824,9.804826734879702],[123.53180376688215,9.80490722531445],[123.53203248992615,9.804953846336897],[123.53209721679045,9.804933668368715],[123.53214618358264,9.804885626441289],[123.53216252378934,9.804778075482634],[123.53215753958433,9.804584208793624],[123.53214770081394,9.80446708585051],[123.53211841712586,9.804375300448243],[123.53208920854746,9.804326315501603],[123.53204517324234,9.804278275583378],[123.53198638818725,9.804236918784184],[123.53191347507585,9.80420397252395],[123.53182959897426,9.804181461987326],[123.53177107610666,9.804164072181177],[123.53172205679653,9.804130939045624],[123.53169614019625,9.804093843645534],[123.53168257094754,9.804053213812521],[123.53167843783523,9.804005084705803],[123.53168540064735,9.803933652438893],[123.53169386327895,9.803870141885142],[123.53170552929585,9.803826905610693],[123.53172356459534,9.803786847585823],[123.53175076054966,9.803745268928495],[123.53182423006403,9.803736454281085],[123.53190565111565,9.803747832412522],[123.53211503291034,9.803824490018734],[123.53233640144595,9.803862347608266],[123.53244899423355,9.803899717066273],[123.53255973862875,9.803953189694973],[123.53282907283823,9.804164620343142],[123.53302350167856,9.80427959892196],[123.53322903218805,9.804385707759318],[123.53338497788603,9.804458755168351],[123.53349282120985,9.804492599012137],[123.53355553876175,9.804517142420648],[123.53357408458776,9.804584766546425],[123.53360591479264,9.804634365156227],[123.53366820050176,9.804671703855787],[123.53373172153435,9.80468612413785],[123.53393693128014,9.804697376857206],[123.53422479254553,9.804689235521666]]}},{"type":"Feature","properties":{"ID":"122736","Name":"55","Descriptio":"","brgy":"","OBJECTID":"0","NPAAAD":"","ORIG_FID":"0","Shape_Leng":"0.000000","Shape_Area":"0.000000","AGENCY":"","APPROVED_B":"","ATTESTED_B":"","PREPARED_B":"","YEAR":""},"geometry":{"type":"LineString","coordinates":[[123.53175076054966,9.803745268928495],[123.53144955075165,9.803753191323757],[123.53119909343815,9.803730572572137],[123.53112264198096,9.803723858573456],[123.53102792254084,9.803682665165837],[123.53091836152204,9.803628375723951],[123.53083108214564,9.80361216564712],[123.53071221490472,9.80361486896636],[123.53060733744356,9.803615320709937],[123.53048810464956,9.803580163223405],[123.53032047981354,9.803502083204908],[123.53009028675184,9.803406085503601],[123.52995057099743,9.803364363286812],[123.52985502066036,9.803363871709802],[123.52969388788185,9.80339165856345],[123.52954165463134,9.803430533442922],[123.52944207409443,9.803461797243989],[123.52927517725685,9.803474952819787],[123.52910665336255,9.80343570376416],[123.52901017447704,9.803363842118221],[123.52897200468514,9.803289465806493],[123.52894077351785,9.80317354522256],[123.52893276367453,9.803045325901016],[123.52891162982844,9.802959078629234],[123.52885814509965,9.8028516383961],[123.52870996131765,9.802776176360277],[123.52853896617314,9.802736643584817],[123.52835996982374,9.802726595052832],[123.52779777419586,9.802809428201234],[123.52733605092574,9.802868573339842],[123.52702617923815,9.80294410231347],[123.52667557866354,9.802943002452825],[123.52646468736066,9.802934122488479],[123.52638583036065,9.802894020437616],[123.52631481959124,9.802572393701986],[123.52632174213353,9.802216430147636],[123.52637943454225,9.802029895928762],[123.52639521976054,9.801875489000224],[123.52630555251974,9.801655426936863],[123.52615770876847,9.801388213828663],[123.52611686557445,9.801124827780495],[123.52609398845655,9.800916855847653],[123.52601251494065,9.80083516032395],[123.52582452449545,9.800845904709217],[123.52559161536225,9.800892185538693],[123.52539034967475,9.800923960548005],[123.52525210251865,9.800881420541108],[123.52506119199364,9.80073471349237],[123.52495484469736,9.800568625221752],[123.52477232450705,9.80029467555901],[123.52462300302834,9.800127137861521],[123.52439901926556,9.800024790424603],[123.52432149465695,9.800001290110686],[123.52426617812976,9.799930079091771],[123.52416680901544,9.799891273747287],[123.52412931733106,9.799942530608899],[123.52413824211415,9.800046157759317],[123.52425844853846,9.800506873705068],[123.52432410182764,9.800728998280848],[123.52436816267684,9.801000256360512],[123.52435714305327,9.801082988958218],[123.52426725699073,9.80114807836232],[123.52415761022084,9.801136298475136],[123.52367546842956,9.800985157317765],[123.52345113652626,9.80092508913923],[123.52321286995254,9.800924032585453],[123.52293526538368,9.800938258711126],[123.52264241214998,9.800919003513812],[123.52251185373025,9.800875061277344],[123.52240425271867,9.800798868165304],[123.52235118528738,9.800710248647025],[123.52217451936907,9.80038405895922],[123.52202345685926,9.800084052761722],[123.52168370631246,9.799826263854028],[123.52117259182586,9.799498556748414],[123.52087172754378,9.799340325404923],[123.52058128096179,9.798990332140551],[123.52036710992267,9.798790617814984],[123.52020085872229,9.798692995000936],[123.51996166268707,9.798658622872969],[123.51967247339256,9.798555340706985],[123.51927684448326,9.798367205071452],[123.51865370345836,9.797957425813788],[123.51827275406038,9.797719699150392],[123.51805696032747,9.79755661096111],[123.51777641582757,9.797457740415439],[123.51754737194518,9.797377337565106],[123.51721739951816,9.797452490440838],[123.51685277468798,9.797518782255066],[123.5165285441984,9.797642147305885],[123.51621426486977,9.797667000006532],[123.51582824309047,9.797619503313223],[123.51544137121248,9.797663768555847],[123.51499097886358,9.797643623180646],[123.51459502468737,9.79744961127374],[123.51433455706236,9.79726960889938],[123.51406353179847,9.797238990502574],[123.51370709803996,9.797254114539136],[123.51185741105458,9.797496777230007],[123.51124165022087,9.797646907749762],[123.51093932721567,9.797649896097973],[123.51045477585505,9.797539150823166],[123.51010080948036,9.79731575794931],[123.50968485438347,9.797159259369465],[123.50932178190857,9.797214396102992],[123.50805247318067,9.797567788004326],[123.50774754337186,9.797622991850874],[123.50741255211088,9.79762691711992],[123.50706312271505,9.797702766387141],[123.50610430868427,9.79787489372788],[123.50548131552857,9.797942986703],[123.50498480463779,9.797926907869048],[123.50464259317646,9.797818594974101],[123.50429799222968,9.797738079966006],[123.50404338176865,9.79771801207532],[123.50342661858046,9.797731616944288]]}},{"type":"Feature","properties":{"ID":"122737","Name":"56","Descriptio":"","brgy":"","OBJECTID":"0","NPAAAD":"","ORIG_FID":"0","Shape_Leng":"0.000000","Shape_Area":"0.000000","AGENCY":"","APPROVED_B":"","ATTESTED_B":"","PREPARED_B":"","YEAR":""},"geometry":{"type":"LineString","coordinates":[[123.53355553876175,9.804517142420648],[123.53356635749135,9.80407076173627],[123.53358740822804,9.803787731831818],[123.53361638479694,9.803354993979266],[123.53361837762024,9.803146763831904],[123.53361303563854,9.803045379542375],[123.53360447153185,9.802940372741103],[123.53360769473835,9.80285793795385],[123.53361709160275,9.80276982691858],[123.53362935168174,9.802659092271064],[123.53363514269975,9.802553317675775],[123.53363500802874,9.802481512313582],[123.53364562534034,9.802438012486311],[123.53365735740176,9.802420403607629],[123.53368739896425,9.802406626829741],[123.53374888527675,9.802395978212175],[123.53405269979673,9.802400638578922]]}},{"type":"Feature","properties":{"ID":"122738","Name":"4","Descriptio":"","brgy":"","OBJECTID":"0","NPAAAD":"","ORIG_FID":"0","Shape_Leng":"0.000000","Shape_Area":"0.000000","AGENCY":"","APPROVED_B":"","ATTESTED_B":"","PREPARED_B":"","YEAR":""},"geometry":{"type":"MultiLineString","coordinates":[[[123.53270890751736,9.761968625349045],[123.53286916253174,9.762079187098601],[123.53327663478261,9.762076128789815]],[[123.53327560488184,9.76202140925159],[123.53355891807105,9.761883836720806],[123.53384499100645,9.761868786375752],[123.53486625845045,9.761813370183583],[123.53529844825374,9.76179240243246],[123.53597976922416,9.76176949944561],[123.53654681627995,9.76175672722873],[123.53652755289234,9.762493581948242],[123.53650360097724,9.763022249030689],[123.53647431250724,9.763384517768989],[123.53645872516485,9.764106021270164],[123.53642752797924,9.765203989569121],[123.53589105094835,9.76520009930316]]]}},{"type":"Feature","properties":{"ID":"122739","Name":"57","Descriptio":"","brgy":"","OBJECTID":"0","NPAAAD":"","ORIG_FID":"0","Shape_Leng":"0.000000","Shape_Area":"0.000000","AGENCY":"","APPROVED_B":"","ATTESTED_B":"","PREPARED_B":"","YEAR":""},"geometry":{"type":"LineString","coordinates":[[123.53359817083889,9.803627002422706],[123.53297446459774,9.803559280538506],[123.53300038713896,9.803309821330242],[123.53361644156838,9.80334906192269]]}},{"type":"Feature","properties":{"ID":"122740","Name":"58","Descriptio":"","brgy":"","OBJECTID":"0","NPAAAD":"","ORIG_FID":"0","Shape_Leng":"0.000000","Shape_Area":"0.000000","AGENCY":"","APPROVED_B":"","ATTESTED_B":"","PREPARED_B":"","YEAR":""},"geometry":{"type":"LineString","coordinates":[[123.50464610966496,9.783715318649332],[123.50454416539748,9.783869417295543],[123.5044220981598,9.784019615111765],[123.50430516943327,9.78414820449413],[123.50420695885346,9.784254613808683],[123.50413573205188,9.784298495547567],[123.50404981306146,9.784326549743929],[123.50390683049366,9.784307024119096],[123.50380464933038,9.784307305825982],[123.50374100520136,9.784339546303599],[123.50355942436296,9.784507730291686],[123.50329203510036,9.784776281886055],[123.50284465777337,9.785164370677546],[123.5027180717585,9.7853643167783],[123.50268594019559,9.785612756128929],[123.50269982160326,9.785811447759343],[123.50274414974126,9.785954171721812],[123.50287662329485,9.786118831676799],[123.50302318467516,9.786220559617679],[123.50320277320016,9.78628861285925],[123.50335961793748,9.786356707443874],[123.50345226439777,9.786386871859643],[123.50348675097769,9.786414620666013],[123.50351688197027,9.786446493888153],[123.50355147146817,9.786499142885202],[123.50356368556967,9.786565679750142],[123.50359444294088,9.786652759155077],[123.50361385786488,9.786736924762398],[123.50364074157497,9.786788095233009],[123.50369966231898,9.786857571666669],[123.50375456664898,9.786945553687442],[123.50380550541048,9.787052289696225],[123.50386653128656,9.787124105820574],[123.50395771824337,9.7872230907527],[123.50402655418546,9.787320564833173],[123.50409144271107,9.787405505051408],[123.50416922941496,9.787473596172836],[123.50426399719265,9.787513002621552],[123.50431905029347,9.787556387790787],[123.50435286426625,9.787610058209651],[123.50440687189138,9.787724980240455],[123.50447654452566,9.787775301145063],[123.50459712508575,9.787817849189942],[123.50469267420068,9.787797741559029],[123.50485993625736,9.787846826570657],[123.504935995787,9.7879131048652],[123.50536103194717,9.78838473212383],[123.50545363486758,9.78843146429965],[123.50557657006047,9.788495046341813],[123.50565536189677,9.788567991862209],[123.50575170711966,9.788632943624858],[123.50587032918968,9.78868460543371],[123.50612267077928,9.78876429728159],[123.50626207691938,9.788776160073747],[123.50640196741267,9.78876654458744],[123.50655770922435,9.788863743314236],[123.50671846567028,9.789033146569256],[123.50692381158717,9.789245866111184],[123.50704473119656,9.7893522036631],[123.50730456282406,9.789488770173719],[123.50761900516258,9.789579476501839],[123.50806891171078,9.789674391271898],[123.50819227798267,9.789673237978818],[123.50835627335648,9.789765258891507],[123.50845865725448,9.789850563571711],[123.50876338553127,9.789862532163227],[123.50928137596607,9.789916696352844],[123.50957376646848,9.789905684001498],[123.51017806551917,9.789792032386385],[123.51045213735537,9.789702485024815],[123.51068991484448,9.789703819835585],[123.51098487693827,9.789770783506782],[123.51137252002876,9.789972866678543],[123.51159662023878,9.79010124557335],[123.51173934413238,9.790112010111665],[123.51193584630175,9.790056644627526],[123.51214584813216,9.790007694522329],[123.51249288352999,9.789966471808583],[123.51275917656167,9.789937680028805],[123.51295129398007,9.789912934220718],[123.51314481165548,9.790010520269199],[123.51334782553877,9.790167074319394],[123.51366268069468,9.79045418774017],[123.51395001296505,9.790612601738792],[123.51425761419756,9.790688807431733],[123.51444005748138,9.790763831955514],[123.51463805664756,9.790934090269761],[123.51497407982986,9.79117238538254],[123.51547696001758,9.791454591709524],[123.51593758651278,9.791893693623349],[123.51645019927086,9.792455608444232],[123.51698925760779,9.793267417140909],[123.51716526589428,9.793444314416412],[123.51733343794449,9.793559754850316],[123.51753586250747,9.79366343346888],[123.51791826662897,9.793813376990093],[123.51823868717399,9.793953062441139],[123.51883029356208,9.794310788841491],[123.51930176255937,9.794547509150181],[123.51994944843577,9.794774590267053],[123.52023005802957,9.794954919900064],[123.52037907485138,9.795111096533924],[123.52096471108815,9.795727042771164],[123.52167972725006,9.79626961431226],[123.52195296855118,9.796457729847575],[123.52213260204117,9.796504883738878],[123.52241284195338,9.796509726264894],[123.52289868257768,9.796452121962297],[123.52323587920955,9.796335188815167],[123.5236880173534,9.796169525095415],[123.52394752984475,9.796038308638362],[123.52442517494904,9.795684618021472],[123.52462834296375,9.795560443344836],[123.52481004455963,9.795532118577071],[123.52515178845476,9.795450989065989],[123.52541799789824,9.795368297294425],[123.52575707912024,9.79523994644489],[123.52603281164966,9.795178631542186],[123.52625198404056,9.795000879940474],[123.52651857225514,9.794836412883548],[123.52704248802533,9.794564088900616],[123.52722573464385,9.794510843665268],[123.52738268630605,9.794554617120362],[123.52761005631064,9.794645506373104],[123.52768520644106,9.794710218456494],[123.52781413826206,9.794983653638809],[123.52788962531955,9.795446899181712],[123.52800229369014,9.795827347459918],[123.52814579100074,9.79611985724784],[123.52824322890164,9.796226842367531],[123.52833023727364,9.796278502717605],[123.52841585871235,9.796324801214423],[123.52846569555274,9.796336669974414],[123.52855010805054,9.796351839656088],[123.52871211172214,9.796417030652108],[123.52887534836285,9.796508411576381],[123.52898702168726,9.796584266056628],[123.52911314740744,9.796661866458312],[123.52927102741096,9.796735832515086],[123.52933593085436,9.796753588541286],[123.52940989982645,9.796770538622406],[123.52951462784324,9.796803021250406],[123.52960244533514,9.796833892785356],[123.52972575244495,9.796887575444828],[123.52985683459204,9.796943213915798],[123.52992300004644,9.796964222713596],[123.52998605618936,9.796963761481644],[123.53006008322676,9.796944520609271],[123.53017580722036,9.796891442490194],[123.53033049532104,9.796819367994422],[123.53047415836775,9.796758351442602],[123.53054731169105,9.796710660270692],[123.53069888629994,9.796609291982888],[123.53076249447945,9.796590120345908],[123.53083283603456,9.796593037381024],[123.53092013614705,9.796613084030056],[123.53099794979505,9.796638607155272],[123.53111116447924,9.79673630057564],[123.53116019586484,9.796796553099865],[123.53119377103715,9.796869969422314],[123.53121919773095,9.796937453110989],[123.53124359093516,9.79708477714257],[123.53127190502374,9.797159690568261],[123.53131207890506,9.797208497178143],[123.53137371625935,9.797247675660534],[123.53141547652615,9.79725728448926],[123.53149069614643,9.797252728803013],[123.53157938252124,9.79726401879265],[123.53159878870895,9.797275803428201],[123.53161671579086,9.797295987563794],[123.53163731826346,9.797345475763173],[123.53164291219043,9.797386364321648],[123.53163695321784,9.797440983386782],[123.53162954499146,9.797489148622839],[123.53162682153435,9.797526286902889],[123.53163293144054,9.797579705255684],[123.53166612558016,9.797629945764477],[123.53169884271175,9.797659690768958],[123.53173972301825,9.797672564740148],[123.53179908202334,9.797680672032472],[123.53186767561475,9.797686240342546],[123.53194716645196,9.797678815191594],[123.53199820805315,9.797665274463936],[123.53207082987693,9.797628591491248],[123.53215072304432,9.797596894079064],[123.53217966679885,9.797588639021145],[123.53228071334944,9.79758331465178],[123.53242458192715,9.797572032218312],[123.53248276698075,9.797550106892782],[123.53255080082874,9.79750348622369],[123.53265049044886,9.797408096213642],[123.53272930018863,9.79730475435789],[123.53276588259865,9.797241176083583],[123.53278733739354,9.797159330961795],[123.53279861446214,9.797085856954872],[123.53280706478834,9.797030025827807],[123.53281996384804,9.796992808912938],[123.53284248360585,9.79697515501276],[123.53287173742733,9.796968222290486],[123.53290774809454,9.796969621423814],[123.53297325212515,9.797007665927298],[123.53299063228904,9.7970560964089],[123.53299234880954,9.797113864820425],[123.53299120900144,9.79715244183891],[123.53299044523204,9.797264510320646],[123.53298545548166,9.79735823160263],[123.53297019732965,9.797467030051362],[123.53296673115395,9.797557224528283],[123.53297131161636,9.797608243812968],[123.53301112043056,9.797710101051564],[123.53307379291215,9.797866967874457],[123.53311656765935,9.797960082098653],[123.53314040244294,9.798043169582407],[123.53316918630453,9.798182522879094],[123.53318605520174,9.798319362210117],[123.53322522984175,9.798496751820776],[123.53325528609356,9.798550661224496],[123.53329837904134,9.798590304671091],[123.53338438832394,9.798643428900343],[123.53344704060305,9.798671240201362],[123.53352026360335,9.79868891141674],[123.5336959430665,9.798698916573994]]}},{"type":"Feature","properties":{"ID":"122741","Name":"59","Descriptio":"","brgy":"","OBJECTID":"0","NPAAAD":"","ORIG_FID":"0","Shape_Leng":"0.000000","Shape_Area":"0.000000","AGENCY":"","APPROVED_B":"","ATTESTED_B":"","PREPARED_B":"","YEAR":""},"geometry":{"type":"LineString","coordinates":[[123.52841585871235,9.796324801214423],[123.52836475655894,9.796340216414938],[123.52833050041096,9.796365385735719],[123.52830627681276,9.796416751071474],[123.52829571560916,9.796658206474595],[123.52827814638603,9.79680371557194],[123.52827293560455,9.79690076383807],[123.52827453329304,9.796998412779633],[123.52828586961435,9.797106061948908],[123.52825828292646,9.797177924113274],[123.52819226363295,9.797300070473337],[123.52814057634434,9.79741916784091],[123.52814023258124,9.797521832168536],[123.52811918067685,9.797578831618624],[123.52805054588227,9.79766694081268],[123.52799552933146,9.797748028406781],[123.52796028985705,9.797888702918112],[123.52796163732836,9.798044339019508],[123.52794255820214,9.798138186785042],[123.52793392998966,9.798320590598035],[123.52793350188333,9.79845806386432],[123.52792160333814,9.798823536491494],[123.52791850070125,9.798954662402949],[123.52792544448154,9.799013939564452],[123.52795057626443,9.799090010920144],[123.52797233136924,9.799172649861061],[123.52800487145224,9.799269850854623],[123.52801707260095,9.799332886450022],[123.52801580795887,9.799382368413479],[123.52800395247664,9.799445291345888],[123.52800079071895,9.799489899549641],[123.52802410707055,9.79954868327533],[123.52805851087966,9.799602862205466],[123.52810187961384,9.799660338051277],[123.52812304326036,9.799704314494079],[123.52810623070876,9.799775018850678],[123.52807059846833,9.799907113896229],[123.52806570399252,9.800006496691834],[123.52807491865495,9.800192292751222],[123.52809662178933,9.800485524011417],[123.52809550620904,9.800748261719521],[123.52809762538584,9.80094903543228],[123.52811849250224,9.801063437700574],[123.52813821114073,9.801131681395642],[123.52815913154153,9.801165854321003],[123.52818000235695,9.80117814425541],[123.52821809742635,9.801179205076805],[123.52828532635453,9.801156249838657],[123.52837215238966,9.801108630662135],[123.52846377753964,9.801052981591308],[123.52853369526783,9.80099449198471],[123.52858990501866,9.80095772081859],[123.52867117589214,9.800955728047962],[123.52876163257405,9.800964825582167],[123.52882153706116,9.80095889213854],[123.52889794278825,9.800907844420603],[123.52897936503484,9.800876432733649],[123.52907946418243,9.800829109644045],[123.52921190707805,9.800762190281985],[123.52937544644804,9.800656729331873],[123.52948271822646,9.800604173634243],[123.52959297445676,9.800571638280978],[123.52971811821917,9.800532941871058],[123.52981028733166,9.800517404750034],[123.52989010827093,9.800479941607067],[123.52996712196776,9.800442342939931],[123.53005254227254,9.800424918797667],[123.53024636311513,9.800392271271111],[123.53039938681735,9.800336452533099],[123.53056836901264,9.80029004719672],[123.53067555751512,9.800281531182714],[123.53086471099846,9.800315140168896],[123.53098087016643,9.800313368233203],[123.53115358644796,9.800309076460445],[123.53126972763596,9.800328845377742],[123.53143662588424,9.800390034958225],[123.53162677225096,9.800430922516679]]}},{"type":"Feature","properties":{"ID":"122742","Name":"60","Descriptio":"","brgy":"","OBJECTID":"0","NPAAAD":"","ORIG_FID":"0","Shape_Leng":"0.000000","Shape_Area":"0.000000","AGENCY":"","APPROVED_B":"","ATTESTED_B":"","PREPARED_B":"","YEAR":""},"geometry":{"type":"LineString","coordinates":[[123.51444005748138,9.790763831955514],[123.51503160982388,9.79054663091216],[123.51537043210625,9.790418837413517],[123.51555908811326,9.790410125020522],[123.51699764311168,9.790540392601306],[123.51799756629809,9.790650643418935],[123.51847555945466,9.790640373351748],[123.51890487543398,9.79055956770692],[123.51930225225388,9.790409092755377],[123.51950550682109,9.790402247834834],[123.51964012717087,9.79045647127179],[123.51978149969847,9.790498663109322],[123.51995926356567,9.790513158056262],[123.52019522842328,9.790513161731862],[123.52076089963909,9.79040718699775],[123.52142915877289,9.790401967454763],[123.52177956672386,9.790350899696271],[123.52218925400908,9.790347613785242],[123.52268398326137,9.790442149078267],[123.52295283542247,9.790421050826332],[123.52343390246187,9.790392287000747],[123.52359224165845,9.790361092797529],[123.52375828657429,9.79030301451777],[123.52390212337907,9.790212089927909],[123.52403729321486,9.790096805686094],[123.52420609016367,9.789973727393663],[123.52443051332806,9.789849553851113],[123.52472519228736,9.789711285502072],[123.52509113305734,9.789579954243674],[123.52540610929435,9.789451567582264],[123.52564716232276,9.789343367467017],[123.52594416290663,9.78924056771194],[123.52626612411964,9.789081007815362],[123.52656679447016,9.788946832500573],[123.52666944938005,9.788881364461934],[123.52667875891625,9.788807532050313],[123.52663747988434,9.788727800844372],[123.52658429703875,9.788643409408627],[123.52646842100384,9.788509495315655],[123.52642622836234,9.788402064443618],[123.52638311277725,9.788258304483547],[123.52632537443122,9.788165864190676],[123.52623739784237,9.788039470853674],[123.52622239757234,9.787962585309277],[123.52623526494322,9.787896204584113],[123.52630370473496,9.787886529896491],[123.52642378677653,9.787896589814965],[123.52655480561315,9.78793294355629],[123.52664032873946,9.787978477886849],[123.52682749332935,9.788111312462087],[123.52709882159294,9.788191719820091],[123.52731968963724,9.78829296349129],[123.52784113483375,9.78842858694947],[123.52794234932445,9.788447123581062],[123.52803648036515,9.788444204045607],[123.52829247868814,9.78836290568295],[123.52862994812216,9.788248877441443],[123.52896453698995,9.788158636980341],[123.52908711876873,9.788141049751179],[123.52915509474305,9.788147259350962],[123.52920850400136,9.788169480248698],[123.52927108534936,9.788227736329603],[123.52947722542356,9.788394206781998],[123.52960128320373,9.788466076034688],[123.52974482396766,9.788518443552384],[123.52994649542876,9.788542629049573],[123.53008162707785,9.788558333317287],[123.53041898580705,9.788557978350553],[123.53074442710086,9.788576981182592],[123.53087686194094,9.788601454594744],[123.53108479168895,9.788672825187321],[123.53129749167313,9.788724667814394],[123.53162715083526,9.788677826164536],[123.53183623911846,9.788632556470388],[123.53191190157627,9.788590465320656],[123.53193115633843,9.788565399815601],[123.53191118372716,9.788425833537472],[123.53189429256346,9.788253601780859],[123.53189685416474,9.788120994220902],[123.53191087822616,9.7880610854033],[123.53194020472064,9.788025782319066],[123.53200827619135,9.787981163488615],[123.53211798857306,9.787951677346586],[123.53233968968082,9.787898443601254],[123.53258280006365,9.787836831846144],[123.53272940947285,9.787820622961611],[123.53291497741995,9.787763356473473],[123.53326468720427,9.787619035446555],[123.53352201589234,9.78751013762896],[123.53363975231274,9.787409300261054],[123.53376596571195,9.787320663619566],[123.53384612741365,9.787295219204628],[123.53419002849935,9.787264607893757],[123.53446518263905,9.787209197802946],[123.53456856306316,9.78721592816714],[123.53471339415475,9.787229264675796],[123.53484799443015,9.787204502391663],[123.53498204601146,9.787154752468977],[123.53505790762834,9.78709054926497],[123.53508805730824,9.786960003913645],[123.53508643676484,9.786834917155698],[123.53503769548934,9.786624403367185],[123.53491710947976,9.786313579819112],[123.53465221164006,9.785612174351261],[123.53459218446234,9.785423353251057],[123.53450123478116,9.785301874757804],[123.53440422889835,9.785150479792978],[123.53430573532363,9.784952704557167],[123.53425477475496,9.784846581481776],[123.53424347598894,9.784789373059438],[123.53428079106794,9.784758008893489],[123.53436820923214,9.784789891899122],[123.53447348289586,9.784837467776597],[123.53456192460324,9.784860512555976],[123.53461671337834,9.784825822633966],[123.53461473916894,9.784747742439443],[123.53456538668387,9.784566804301155],[123.53447233729815,9.784308550684989],[123.53436859027525,9.784042820693609]]}},{"type":"Feature","properties":{"ID":"122743","Name":"61","Descriptio":"","brgy":"","OBJECTID":"0","NPAAAD":"","ORIG_FID":"0","Shape_Leng":"0.000000","Shape_Area":"0.000000","AGENCY":"","APPROVED_B":"","ATTESTED_B":"","PREPARED_B":"","YEAR":""},"geometry":{"type":"LineString","coordinates":[[123.5073388398773,9.779043652326912],[123.50725263556487,9.779264150870514],[123.50712174257868,9.779565075483418],[123.50708240736955,9.779743263881207],[123.50707472069607,9.779832305807059],[123.50709257276166,9.779880625998219],[123.50712834677157,9.779907604199472],[123.50718939862368,9.779924478899929],[123.50725800503237,9.779948036606314],[123.50734725384525,9.78000892371629],[123.50738957951468,9.780067077114996],[123.50745497255048,9.780185653828452],[123.50750544076077,9.780317197711291],[123.50752970593399,9.78040515927787],[123.50753895760856,9.780509999855038],[123.50754275799505,9.780609366855945],[123.50755869686786,9.78070908012071],[123.50757173941987,9.780787721369164],[123.50756025202007,9.78091205743563],[123.50754326862797,9.781072693759851],[123.50753145237707,9.781166990961689],[123.50752581935889,9.781215829290433],[123.50754301209575,9.781250097174938],[123.50756808965248,9.781269318766151],[123.50761214052336,9.781266485518854],[123.50768922391637,9.781251708075224],[123.50776487747368,9.781238889626964],[123.50782021085928,9.781231824297564],[123.50787945673677,9.781235604575569],[123.50792803715127,9.781252628818047],[123.50798765598208,9.781301991599785],[123.50803806593076,9.781347849729318],[123.50810821036467,9.781386293703703],[123.50820268249667,9.781423364918222],[123.50830213143287,9.781466745646343],[123.50838570041356,9.781505342825776],[123.50847035585107,9.781533909827077],[123.50858737323095,9.781537904935455],[123.50871432060347,9.781537779939168],[123.50888102427517,9.781542135401878],[123.50902981161998,9.781552918777527],[123.50914713725548,9.781558074909064],[123.50923966700277,9.78154746188428],[123.50937570655587,9.781524513459885],[123.50948936454917,9.781495757893655],[123.50961561051547,9.781488984041987],[123.50975389479768,9.781505939652837],[123.50988678140449,9.781535248090094],[123.51001896085666,9.781583454767363],[123.51016775472759,9.781643459664004],[123.51030285330728,9.78170012846249],[123.51037689586278,9.781721856326282],[123.51049324740298,9.781733444861851],[123.51061490983976,9.781729550233345],[123.51088222734137,9.78171366921508],[123.511085225647,9.78169552183138],[123.51129500003859,9.781660200645376],[123.51143223334607,9.78164530517228],[123.51160005312077,9.781632926653971],[123.51170670479917,9.781642616462339],[123.51181298054507,9.781660211296273],[123.511921460486,9.781703196614442],[123.51202285693405,9.78173283425891],[123.51210330289247,9.78172327836417],[123.51219163116717,9.781700472112679],[123.51233508152858,9.781649515387151],[123.51253857199546,9.781666982828943],[123.51272662314368,9.781683813055396],[123.51301290208627,9.781698026026802],[123.5131743174121,9.781689356747032],[123.51331823079288,9.781693117392969],[123.51340637868616,9.781693466819949],[123.51343988123577,9.781689256104686],[123.51348242387576,9.781677655648592],[123.5135193389032,9.781644985674799],[123.51355770668337,9.781587714959262],[123.51357354009967,9.78151728790308],[123.51358013883537,9.781445580639248],[123.51359078492327,9.781350289934915],[123.51360323933467,9.781285803739243],[123.51363027581219,9.781241697139738],[123.51368018688646,9.781191093346695],[123.51375954364687,9.781132762566424],[123.51384970866107,9.781074466866627],[123.51394535636896,9.781023059029106],[123.51406212642456,9.78096115635089],[123.51416764296678,9.780922466774783],[123.51427313073907,9.780901290013707],[123.51434427530828,9.780886668786081],[123.51443081001928,9.780858527252121],[123.51450691877416,9.780798943461289],[123.51457158818098,9.780732558350003],[123.51462434271076,9.780659023515273],[123.51466208809806,9.780601589599591],[123.51486089051868,9.780391623416705],[123.51495591584126,9.780314755491803],[123.51509730660656,9.780208207871437],[123.51518076287037,9.78013144321519],[123.51523682338708,9.780102318921776],[123.51530500112496,9.780087018850004],[123.51535190356199,9.780073042354076],[123.51547138965907,9.780012856534137],[123.51553852304447,9.779962821030406],[123.51558885567347,9.779923451095668],[123.51565430809707,9.779898323508046],[123.51574223665648,9.779887148921892],[123.51583398638556,9.779892925069573],[123.51591173209508,9.779886759583263],[123.51612795972109,9.77984321245121],[123.51627987910307,9.779830682043746],[123.5163877549001,9.77981753958892],[123.51648097264999,9.779806929918118],[123.51656064873757,9.779780652354201],[123.51665022828448,9.779739465119695],[123.51672367245197,9.779689348947256],[123.51678936336626,9.779631630221784],[123.51684489798947,9.779583639670143],[123.51689622172478,9.779548215475055],[123.51695256241777,9.77952935711],[123.51704480204326,9.779522175390902],[123.51718391772407,9.77952716638731],[123.51734469956988,9.77955076755871],[123.51754856348249,9.779562997947647],[123.51770208247618,9.779571789351618],[123.51777557954867,9.779591472202627],[123.51783821329316,9.779643594173768],[123.51791968062706,9.779741295516956],[123.51792051904818,9.779742873123668],[123.51798522149299,9.779818117455784],[123.51806064153179,9.779874236615505],[123.51814173715975,9.77990135821106],[123.51825913261627,9.779920469768443],[123.51840281490378,9.779926844275554],[123.51849704498427,9.779930372523655],[123.51855610833965,9.779923208013072],[123.5186165791795,9.779905803420489],[123.51869469572698,9.779877060113963],[123.51877716659737,9.779847935481392],[123.51890169671267,9.779815649455232],[123.51899889516717,9.77977472771097],[123.51909658956788,9.779731481518978],[123.51922608067527,9.779668850884695],[123.51935467671578,9.779598077374253],[123.51948100521928,9.779533461367],[123.51959123728388,9.779486056725391],[123.51971684970137,9.77945272060442],[123.51983609646585,9.77941845014064],[123.51991293421487,9.779382660481463],[123.51998585664506,9.779331333139659],[123.52005706730236,9.779276220980835],[123.52012475257636,9.77924718762853],[123.52019563687547,9.779225305660106],[123.52028543310347,9.779179880632515],[123.52038492910037,9.779122329466608],[123.52049794671505,9.779023032741128],[123.52060515175829,9.7789312257848],[123.52067612749877,9.778858252719074],[123.52073193986026,9.778785810817716],[123.52080565082737,9.778743463991091],[123.52088159463808,9.778707201588821],[123.52096852839085,9.778684507749288],[123.52097036495836,9.77868352868504],[123.52104332662365,9.778656332542157],[123.52110742403667,9.77860289466984],[123.52116500415157,9.77852708028407],[123.52119511641997,9.778484424380423],[123.52124883894348,9.778426360797429],[123.52128615063857,9.77838671510093],[123.52140319635328,9.778315737661899],[123.52151302909436,9.77824606410899],[123.52158428571167,9.778170185346777],[123.52164493183567,9.7780877442853],[123.52174236172458,9.778020784218972],[123.52174772310238,9.778018318066998],[123.52188488619828,9.777907063519002],[123.52199104759248,9.77783467741154],[123.52210813270736,9.77775217619429],[123.52222986082425,9.777676400147026],[123.52235068429657,9.777624200380329],[123.52235535434308,9.777623768231141],[123.52248437181848,9.777582569648802],[123.52260016078519,9.777562996502025],[123.52273948222737,9.777516954134565],[123.52290602907067,9.77747088325767],[123.52306262703546,9.77742641240052],[123.52316203140697,9.77740878669194],[123.52330090145097,9.777406981806344],[123.52344345829208,9.777446424819432],[123.52361136076635,9.77746693192758],[123.52381497589376,9.77746539856349],[123.52403102924546,9.777428798243644],[123.52452541449986,9.777337326999147],[123.52479846084087,9.77728712648373],[123.52493464149975,9.777250461976369],[123.52493765341298,9.77725114441282],[123.52501364574125,9.77723878993353],[123.52501608617416,9.777238563048947],[123.52514325178065,9.777248500179432],[123.52532595829875,9.777278182516891],[123.52545226570925,9.777284337242735],[123.52568188300167,9.777245912369617],[123.52588166134665,9.777194945342773],[123.52616567807635,9.777088564859184],[123.52635296682094,9.777026177736037],[123.52655646304825,9.776990356047731],[123.52672003286476,9.776988012104885],[123.52691254655504,9.777018113032936],[123.52712348142504,9.777025941235923],[123.52726903090606,9.777053248579278],[123.52740598938725,9.77701649050082],[123.52745150774156,9.776986225692863],[123.52751378487646,9.776928191200673],[123.52753698835656,9.776860193711899],[123.52754001709255,9.776767034243212],[123.52754255343784,9.776701596947483],[123.52754679171005,9.776642029765286],[123.52756058034866,9.776604260536642],[123.52761544732004,9.776578986216329],[123.52771008820785,9.776551186446566],[123.52788537787126,9.776557040920217],[123.52809106035305,9.776556414887835],[123.52825551051946,9.776558523514277],[123.52834400892486,9.776589742392508],[123.52841117148284,9.776604265535608],[123.52843810978733,9.776587176410784],[123.52844761751302,9.776523120875776],[123.52844714999775,9.776454475748338],[123.52843495692144,9.776370043206386],[123.52843367347353,9.776303800458363],[123.52849064842155,9.776223787953496],[123.52860192154695,9.776096517712162],[123.52869589778255,9.77601385556492],[123.52870186078235,9.776010386490706],[123.52878759411264,9.775973463533626],[123.52879591217663,9.775973812246347],[123.52887981330244,9.775982352583407],[123.52888096398304,9.775984284678131],[123.52889371341325,9.775987337215918],[123.52890327419156,9.775989637683479],[123.52899983143475,9.776028081767818],[123.52900649811694,9.77603470025204],[123.52909063846525,9.776041846198858],[123.52917664192344,9.77605101362851],[123.52919868039145,9.776137902484857],[123.52925669080544,9.776233191639166],[123.52930751386393,9.776304693653247],[123.52935033538674,9.776366670578563],[123.52936906318655,9.776432909451929],[123.52937047300475,9.776505375245653],[123.52933795688034,9.77658594989098],[123.52931572387426,9.776636798866573],[123.52932429400646,9.776690896094005],[123.52938061213514,9.77674682051706],[123.52947726132885,9.776860397976176],[123.52965058515335,9.77706656142212]]}},{"type":"Feature","properties":{"ID":"122744","Name":"62","Descriptio":"","brgy":"","OBJECTID":"0","NPAAAD":"","ORIG_FID":"0","Shape_Leng":"0.000000","Shape_Area":"0.000000","AGENCY":"","APPROVED_B":"","ATTESTED_B":"","PREPARED_B":"","YEAR":""},"geometry":{"type":"LineString","coordinates":[[123.51343988123577,9.781689256104686],[123.51351369312887,9.781711607104045],[123.51362650994878,9.781767189084444],[123.51376825156957,9.781821787119139],[123.51397826095368,9.781900432996595],[123.51411650709188,9.781962228695242],[123.51435518831516,9.782065196407416],[123.51450188589548,9.782127301412615],[123.51464903934426,9.782178910333851],[123.51476794608138,9.782214740331879],[123.51494388202367,9.782263057337433],[123.51504622088996,9.782303327558886],[123.51514416988309,9.782335995616219],[123.51534305842009,9.782387490569846],[123.51556510646097,9.782463219511161],[123.51572834848598,9.782524462365307],[123.51600652376597,9.782659348452052],[123.51616593844017,9.782713905066057],[123.51640189575109,9.78278722503383],[123.51666224908978,9.782881291299837],[123.51681658484488,9.782937652406888],[123.51695684969079,9.782976732819412],[123.51709926308648,9.783042145860371],[123.51735139475697,9.783139764473262],[123.51750977379946,9.783182467839755],[123.51764468188607,9.783225504073346],[123.51765243713318,9.78322822522487],[123.51765950636778,9.783232859928715],[123.51781130170258,9.783309875406783],[123.51798804400435,9.783406709603767],[123.51816020851457,9.78348297882233],[123.51829552642266,9.783543865904143],[123.51839452913106,9.783566093961834],[123.51856839391087,9.783564233431774],[123.51872630492237,9.783540837819034],[123.51892418872099,9.783521464766705],[123.51914015346948,9.783516325818585],[123.51934304880409,9.783492326069306],[123.51951659575407,9.783494177770548],[123.51963358055616,9.783482278786284],[123.51973630030726,9.783434368874145],[123.51983628954838,9.783360802407655],[123.51996846096486,9.783299743347769],[123.52019452052177,9.783249260661178],[123.52041515627567,9.783224778841383],[123.52060565362976,9.783172585208188],[123.52071874658968,9.783126066813622],[123.52085530411466,9.783099421370467],[123.52096154053555,9.783084886928046],[123.52104748088567,9.783038768463552],[123.52113195914878,9.782982158606357],[123.52132241998638,9.782942264262937],[123.52149732363807,9.782917849176588],[123.52185144050597,9.782849016217106],[123.52178349665988,9.782628075745803],[123.52174267309677,9.78246818884664],[123.52168157312978,9.782211043913529],[123.52163656443598,9.782046674546411],[123.52159041307787,9.781858941857914],[123.52157024670745,9.78170668866285],[123.52157038736866,9.781573040029246],[123.52159940980178,9.781442494874158],[123.52163660340408,9.781360047556998],[123.52170618812518,9.781274163038825],[123.52176381117758,9.781223664150277],[123.52185057967567,9.78118599528421],[123.52190557749036,9.781141509331333],[123.52201369143665,9.781051145000985],[123.52211128449989,9.780941072523072],[123.52217910522386,9.780872789453865],[123.52233078303816,9.780738208845127],[123.52238370593517,9.780688409390335],[123.52242446760435,9.780666623214412],[123.52248676755808,9.780643124650236],[123.52258097872418,9.780617192571455],[123.52268504904966,9.780564557661362],[123.52289538111948,9.780453165630055],[123.52300106640497,9.780389958317269],[123.52308807173647,9.78034378544515],[123.52308972016748,9.780343422468107],[123.52314970821557,9.78032350635915],[123.52337024862626,9.780274869518184],[123.52358050195808,9.780248980519966],[123.52367146021898,9.780233904480783],[123.52374107429428,9.78021716711453],[123.52386920254287,9.78013246729129],[123.52417214570909,9.779923905155862],[123.52429637561097,9.779834604387165],[123.52437267446496,9.779781740978668],[123.52443487870968,9.779749350358516],[123.52449726861916,9.77974065587963],[123.52467137675426,9.77972966657563],[123.52480321852994,9.779719032958669],[123.52487218995135,9.77970878856293],[123.52495167541845,9.779666151436462],[123.52502017515185,9.779627451442634],[123.52505661013974,9.77959342577067],[123.52511554296038,9.779577001352514],[123.52520165262214,9.779563796647455],[123.52527036470634,9.779551506796649],[123.52531527031735,9.779521988888751],[123.52538965156594,9.779463391492543],[123.52548606222574,9.779400651418996],[123.52557966772456,9.77935176378602],[123.52571649855514,9.77930648416897],[123.52585422964403,9.779278102328007],[123.52616667663136,9.77923737627645],[123.52630636555244,9.77922772386469],[123.52631102469186,9.779224967347222],[123.52641680378184,9.779195353672662],[123.52648818271155,9.77917531853765],[123.52658266434385,9.779165570974063],[123.52675780448355,9.779156123021815],[123.52699070588193,9.779136546063492],[123.52706840612984,9.779123073757916],[123.52731608046895,9.779031577237552],[123.52776113540064,9.778835887006242],[123.52787300386065,9.778803710271395],[123.52809360241176,9.778728648745854],[123.52825979576055,9.778668697021805],[123.52849373848275,9.778577037946281],[123.52875961939405,9.77844501011326],[123.52898134262863,9.778342255992895],[123.52918158772573,9.77825078106467],[123.52932647397215,9.778167939886671],[123.52943246908005,9.778072986559122],[123.52953844496925,9.77798121777136],[123.52964997502274,9.777889241498439],[123.52972938208026,9.77781998474116],[123.52975660218912,9.777775381860849],[123.52974619371895,9.777726284722847],[123.52972347687914,9.77764908692018],[123.52967815636885,9.777530584678606],[123.52964856165045,9.777423665085557],[123.52963295409775,9.777325791503703],[123.52962638470086,9.777205909682383],[123.52963753829185,9.777106209302213],[123.52965058515335,9.77706656142212],[123.52968826820495,9.777086741772262],[123.52977356356784,9.777105525755767],[123.52984183495836,9.777104874917395],[123.52990940769385,9.777092632908117],[123.52995545322236,9.777081294434137],[123.53002297505044,9.7770592018439],[123.53009022066034,9.777029970805524],[123.53015257576006,9.776994710072296],[123.53021008450312,9.776957283914092],[123.53027193768165,9.7769005891347],[123.53027824720775,9.776896943536777],[123.53032139905305,9.776824012125541],[123.53035177226003,9.776774605832353],[123.53037561842594,9.776723140404545],[123.53039507690845,9.77668211227432],[123.53042455722004,9.776635697985663],[123.53044794510575,9.776622461388945],[123.53048288346565,9.77663348586543],[123.53053324930464,9.776694716489065],[123.53058578513985,9.776758349185666],[123.53064117809045,9.776830955987142],[123.53071330490394,9.776934653568414],[123.53071583244444,9.77693959304257],[123.53075475779664,9.777004660294413],[123.53080684179194,9.777070334851643],[123.53080852564044,9.777072174963994],[123.53090598575434,9.777146299678979]]}},{"type":"Feature","properties":{"ID":"122745","Name":"63","Descriptio":"","brgy":"","OBJECTID":"0","NPAAAD":"","ORIG_FID":"0","Shape_Leng":"0.000000","Shape_Area":"0.000000","AGENCY":"","APPROVED_B":"","ATTESTED_B":"","PREPARED_B":"","YEAR":""},"geometry":{"type":"LineString","coordinates":[[123.52185144050597,9.782849016217106],[123.52192618145207,9.783061412871035],[123.52197962708016,9.783194395458416],[123.52208285615286,9.78331258330334],[123.52234171941286,9.783472131936039],[123.52245117864598,9.78357285296626],[123.52248526391085,9.78366736762237],[123.52250050265637,9.783734445414922],[123.5224565018868,9.78393300279795],[123.52240976205925,9.784152668144715],[123.52242268325827,9.784292566480747],[123.52246329885057,9.784355809276398],[123.52254497241137,9.784378015816607],[123.52302930921057,9.784356935946935],[123.52321957879956,9.784354538170113],[123.52352352890138,9.784394229341999],[123.52393336233037,9.784542740478368],[123.52433063545358,9.784641790594932],[123.52472749130236,9.784734328506577],[123.52498427209935,9.784830613289976],[123.52542499435124,9.78476248726139],[123.52579689109284,9.78464719600397],[123.52609704288325,9.784610315341304],[123.52656222460736,9.784514503760972],[123.52694055370186,9.784443300121382],[123.52704351016216,9.784411701194038],[123.52711722696884,9.784340885894629],[123.52722619194112,9.784252303412641],[123.52730258966214,9.784196939383063],[123.52738954630036,9.784162619183004],[123.52751178815525,9.784144326248384],[123.52764027455144,9.784159473846268],[123.52779386029124,9.78416127043554],[123.52790938389514,9.784182030588688],[123.52804269238484,9.784227194444059],[123.52813570750085,9.784236312642356],[123.52821801600395,9.784223485661704],[123.52835642944017,9.784151150308382],[123.52851596133765,9.784037715865034],[123.52866149584234,9.783937761355205],[123.52866400410684,9.783934736977395],[123.52877960569975,9.78382066514647],[123.52878368987905,9.783818910547359],[123.52879941956313,9.78380629372561],[123.52891235457584,9.78368615322443],[123.52904098313324,9.783566517848543],[123.52920011016734,9.783439604485512],[123.52920926586934,9.783428615567757],[123.52936563939093,9.783341268583936],[123.52949944372814,9.783268510467604],[123.52965845371396,9.783203998166107],[123.52976569392783,9.783185419604743],[123.52990661528123,9.783159594604951],[123.53000814994064,9.783145953184583],[123.53008624016545,9.783118108794936],[123.53016717598564,9.783070777005651],[123.53024364759675,9.782989354010176],[123.53030444944625,9.782931463718883],[123.53041229770773,9.78286781646172],[123.53052297436415,9.782791378986085],[123.53060132500696,9.782713915964473],[123.53060705054205,9.782710404673024],[123.53070047810945,9.782608208813],[123.53082176675626,9.78249325819467],[123.53094109475767,9.782429566717653],[123.53109675222383,9.782345692481837],[123.53123578103396,9.782284032135088],[123.53137059461775,9.782250825588019],[123.53147096490183,9.782190072773314],[123.53155123082125,9.782110151450032],[123.53161811979173,9.7820284246101],[123.53173089023764,9.781890469235156],[123.53173710050655,9.781886606277494],[123.53174771628703,9.781877358071982],[123.53181713879644,9.781807512235767],[123.53182160893475,9.781802050785297],[123.53189484301926,9.781758046168017],[123.53198997261364,9.78173021537693],[123.53211700216333,9.781704138836984],[123.53219532358185,9.781703504069139],[123.53233049459554,9.781695735755026],[123.53244290247423,9.78172140335323],[123.53253576528296,9.781794430629295],[123.53264541028337,9.78186601128272],[123.53273797528155,9.781919984757865],[123.53285226923266,9.782017037508316],[123.53285614845493,9.782020317858127],[123.53289697047825,9.782079917664296],[123.53292612073173,9.782154613252766],[123.53294439737475,9.782238632474712],[123.53299038555296,9.782299538255417],[123.53306184013306,9.782325233050258],[123.53319142016723,9.782291532658224]]}},{"type":"Feature","properties":{"ID":"122746","Name":"64","Descriptio":"","brgy":"","OBJECTID":"0","NPAAAD":"","ORIG_FID":"0","Shape_Leng":"0.000000","Shape_Area":"0.000000","AGENCY":"","APPROVED_B":"","ATTESTED_B":"","PREPARED_B":"","YEAR":""},"geometry":{"type":"LineString","coordinates":[[123.50624721005454,9.779739416376524],[123.50612260909257,9.779700401639783],[123.50601741066467,9.779526966590478],[123.50597202107808,9.779290434138026],[123.50593465521587,9.779002725106578],[123.50592616769887,9.778729685174717],[123.50591710558668,9.778488536379337],[123.50592917212197,9.778373239727992],[123.50595279637909,9.778288237164487],[123.5059907537046,9.778214276266288],[123.50607236466315,9.778097125589507],[123.50614586877887,9.777993213218988],[123.50617046405506,9.777922357421252],[123.50618588166188,9.777830789566222],[123.50618799309537,9.7777665466617],[123.50618616495757,9.777708034838053],[123.50619203841508,9.777613416037196],[123.50622552918539,9.777524893137715],[123.50625877731147,9.777447310442174],[123.50629242040546,9.777358268135178],[123.50631395928207,9.777267537857547],[123.50633031775457,9.777169050333242],[123.50632260118839,9.777073894466977],[123.50630404146547,9.77700506716134],[123.5062931232248,9.776914131668132],[123.50630026871526,9.776820557311648],[123.50632888353566,9.776729835788805],[123.50636257684536,9.776657837241796],[123.50640559603937,9.776608303188585],[123.50646635790838,9.776540729013421],[123.50653279870288,9.776438534756617],[123.50656855058347,9.776345189449206],[123.50660250944496,9.77623917229407],[123.50664056532787,9.77610590605172],[123.50666470570198,9.775968339980434],[123.50670307838817,9.775830197086282],[123.5067463930962,9.775717145233193],[123.50680381136996,9.77560382718652],[123.50686902420347,9.775493260393981],[123.50691850499315,9.775390008770806],[123.50696079222875,9.775300194809251],[123.50701132648896,9.77521745215385],[123.50710820929987,9.775097328661788],[123.50720742150128,9.774998579775755],[123.50726765405706,9.774895792992297],[123.50730159991139,9.774829924078684],[123.50732467533138,9.774742375278477],[123.50732984742027,9.774623039545917],[123.5073345222223,9.77453970390309],[123.50733154662667,9.774427278974612],[123.50733817532816,9.77436119260143],[123.50736117117526,9.774294747680175],[123.50739829070577,9.774214214312368],[123.50744279838707,9.774137019123817],[123.50748702288186,9.774058022594534],[123.50752200027497,9.77398365169941],[123.50753069820226,9.77391982468471],[123.50751599272968,9.773851893715735],[123.50748862851357,9.77374843956482],[123.50748833455629,9.773639385515601],[123.50751085940537,9.7734950110278],[123.50754220785538,9.773422559223611],[123.50760094383067,9.773358715709598],[123.50768617722477,9.77332905301009],[123.50774966052047,9.773332012942802],[123.50786658273826,9.773363240641691],[123.50795532951797,9.773377327765441],[123.50802801790097,9.773371430791178],[123.50811355715717,9.773330398359755],[123.50818767037028,9.773263566823447],[123.50825391540269,9.773170059565121],[123.50828858343777,9.773063195130888],[123.50831653278716,9.772893074681887],[123.50833791098347,9.772804139878746],[123.50841451344617,9.772678432542127],[123.50852740644589,9.77257151973547],[123.50864670968456,9.772478249357127],[123.50875735909597,9.772401421316344],[123.50889605964846,9.772337118298399],[123.50911601549527,9.772277553233971],[123.50955450704339,9.772264213437614],[123.50990618658847,9.772221488320332]]}},{"type":"Feature","properties":{"ID":"122747","Name":"65","Descriptio":"","brgy":"","OBJECTID":"0","NPAAAD":"","ORIG_FID":"0","Shape_Leng":"0.000000","Shape_Area":"0.000000","AGENCY":"","APPROVED_B":"","ATTESTED_B":"","PREPARED_B":"","YEAR":""},"geometry":{"type":"MultiLineString","coordinates":[[[123.4823453757498,9.796045892830971],[123.48218837636499,9.795977387980379],[123.4818221448703,9.795922008634992],[123.4816402898521,9.795888198161476],[123.48139983555758,9.795990734508468],[123.48122434238918,9.7961004795764],[123.48112772932468,9.79618748195548],[123.4808691059689,9.79664389472162],[123.48066115475059,9.796900841870519],[123.48129407068689,9.797190961745068],[123.4816664656132,9.796826504282075],[123.4819339229826,9.796597029113935],[123.4822078135593,9.79639063266335],[123.4823453757498,9.796045892830971]],[[123.4823453757498,9.796045892830971],[123.48255286196171,9.795770807367255],[123.4827119670441,9.795573688301243],[123.48297303128798,9.795383120520087],[123.48310007214221,9.79529201451684],[123.48315353966179,9.795228335290059],[123.48324774015938,9.795029282676717],[123.48336377892208,9.794824268101282],[123.48352517204201,9.794742914108266],[123.4836911980336,9.794620185898987],[123.4838572189338,9.794478787642078],[123.48415505970058,9.79418024411302]]]}},{"type":"Feature","properties":{"ID":"122748","Name":"66","Descriptio":"","brgy":"","OBJECTID":"0","NPAAAD":"","ORIG_FID":"0","Shape_Leng":"0.000000","Shape_Area":"0.000000","AGENCY":"","APPROVED_B":"","ATTESTED_B":"","PREPARED_B":"","YEAR":""},"geometry":{"type":"LineString","coordinates":[[123.47965628932221,9.792355781022012],[123.4802067280669,9.792795065190877],[123.4805822764781,9.793188663398057],[123.4807579150623,9.793392613692648],[123.4808308661141,9.7936484009265],[123.4809719143021,9.793850298303301],[123.4812033012894,9.794189226769921],[123.48125562350378,9.794292922522146],[123.4811139401207,9.794280147659176],[123.4806643435551,9.794278740200133],[123.48044631963718,9.794309484940063],[123.48034605782729,9.794414937335096],[123.48030252380329,9.794556245017045],[123.48047799463718,9.794721586475985],[123.480729411467,9.79495245826006],[123.48090902615628,9.795238311440158],[123.48099465116599,9.79537243028404],[123.4811582419739,9.795428769808215],[123.4813853867022,9.795375757347253],[123.48156109254299,9.795328177888743],[123.481682820484,9.79530494923822],[123.4817647961767,9.795348557956881],[123.48194593288379,9.795584615347522],[123.48210474243268,9.7956289799259],[123.4822368631791,9.795685711847227],[123.4823457178481,9.79568705397683],[123.4824518155235,9.795644190592466],[123.4825665439207,9.795553360037404],[123.4828000564604,9.795404627149988],[123.4830201793451,9.795292902222029],[123.48315353966179,9.795228335290059]]}},{"type":"Feature","properties":{"ID":"122749","Name":"4","Descriptio":"","brgy":"","OBJECTID":"0","NPAAAD":"","ORIG_FID":"0","Shape_Leng":"0.000000","Shape_Area":"0.000000","AGENCY":"","APPROVED_B":"","ATTESTED_B":"","PREPARED_B":"","YEAR":""},"geometry":{"type":"LineString","coordinates":[[123.41618089847026,9.760213983325547],[123.41632498235293,9.760423513576404],[123.41655326259632,9.760703831651034],[123.41668151435934,9.760861044243272],[123.41678429929505,9.760957341199346],[123.41678478648454,9.760960579883658],[123.41686697789233,9.761013015021698],[123.41695355906454,9.761051412112822],[123.41703411869533,9.761076532442614],[123.41703604075664,9.761077923023056],[123.41711457023314,9.761103238339643],[123.41718919863675,9.761137282175982],[123.41719681855706,9.761142807994169],[123.41724809454206,9.761211389939897],[123.41729598229864,9.761312842796643],[123.41733793485584,9.761468871346858],[123.41737293348275,9.761608638562565],[123.41741887161695,9.761716541423068],[123.41749587689523,9.761845331556213],[123.41758237254734,9.761940942684962],[123.41789404932067,9.762195385666352],[123.41807125285072,9.762344539529826],[123.41820699281512,9.76247411557239],[123.41835278991442,9.762560082655659],[123.41848109833802,9.762588022873596],[123.41856948712213,9.762614175542042],[123.41865251337343,9.762677152879569],[123.41879711685962,9.762849134366226],[123.41890180293993,9.762969551303835],[123.41897230878644,9.76300922497416],[123.41903893843222,9.763012312107223],[123.41910984389791,9.762979115274334],[123.41921523552881,9.762930645439063],[123.41932784832413,9.762850503761406],[123.41941060955263,9.762792643185401],[123.41957356093162,9.76272800004236],[123.41979916751781,9.762672194547052],[123.42003109249252,9.7626692386066],[123.42025131534453,9.762706308070292],[123.42040649617812,9.762812398200843],[123.42050872430643,9.763002642312815],[123.42063621801911,9.763213777814503],[123.42064231931991,9.763220304017418],[123.42073658106331,9.763322142532397],[123.42086660555522,9.763399908793604],[123.42102823140164,9.763498693054112],[123.42112487545823,9.763602046061862],[123.42112522457263,9.763604422778148],[123.42123761192352,9.763819220583786],[123.42135324431023,9.76399700588639],[123.42146859285933,9.764131788297702],[123.42158057920602,9.76420341676807],[123.42172141213102,9.764279136522465],[123.42185599502963,9.764371672460864],[123.42186911007721,9.764379058590176],[123.42201915143252,9.764521660221032],[123.42214510889643,9.764715277637855],[123.42224237375842,9.764870021693385],[123.42224538791892,9.76487427659058],[123.42242051056184,9.76504053752309],[123.42256673280812,9.765111667005348],[123.42268140584952,9.765119088374203],[123.42278160317493,9.765081945794705],[123.42290883062692,9.765001342490521],[123.42299688793321,9.764945356193246],[123.42308031873412,9.764893544102778],[123.42313864112181,9.764875678516507],[123.42322281802223,9.764877169480215],[123.42328419028331,9.764912410537798],[123.42334866632721,9.764968263943617],[123.42341549134453,9.765023879532608],[123.42349855878473,9.76506557797818],[123.42359029206243,9.765115631665358],[123.42367091607022,9.765195544153677],[123.42374005534222,9.765305028718057],[123.42379924547933,9.765441141064592],[123.42385719541792,9.765554410044013],[123.42392416333453,9.76563157665066],[123.42400267262173,9.765695016221056],[123.42413055987743,9.765760365909758],[123.42422583645794,9.765814135293684],[123.42433459406591,9.765877757898457],[123.42441712056642,9.765952280723676],[123.42450729349893,9.766016342337027],[123.42458222412631,9.766073250130834],[123.42466828716182,9.766110178930658],[123.42467327562471,9.7661118211833],[123.42480034029032,9.766117976584916],[123.42488892260833,9.766150325668095],[123.42498015992392,9.766200754114868],[123.42512825490083,9.7662600815669],[123.42522668390662,9.766289055889917],[123.42532221571874,9.766297205673382],[123.42539521620621,9.766281052235612],[123.42552849819222,9.766238818136687],[123.42564469594342,9.766175121964048],[123.42574189375271,9.766118305567874],[123.42584221049133,9.76607507433922],[123.42594372827051,9.766050597074758],[123.42607836144583,9.766038204559747],[123.42626052941513,9.766035677501183],[123.42644778496363,9.766020383566628],[123.42664557894723,9.766000442842708],[123.42690333944633,9.765977771521442],[123.42705870380684,9.765969896568082],[123.42720616756213,9.765979477991303],[123.42739737017023,9.766009558364104],[123.42749950958263,9.766026365015794],[123.42763189760731,9.766031433759583],[123.42780150818324,9.766038459826287],[123.42794848670961,9.766066415186451],[123.42812590815731,9.766106780789551],[123.42830777781552,9.766126449928684],[123.42831261190982,9.766125736740515],[123.42849806738442,9.766115493719058],[123.42871516080632,9.76609113963354],[123.42892080119682,9.766058605790706],[123.42909084513373,9.766050735163049],[123.42924222477302,9.766062654589057],[123.42935353201212,9.766103060040718],[123.42944838082462,9.766163079813733],[123.42945118287233,9.766165118259407],[123.42955863559433,9.766283730511233],[123.42959967539412,9.76637742554729],[123.42965921616681,9.766548285590497],[123.42972991729472,9.76668004960882],[123.42985945593833,9.766802653872828],[123.42998145141473,9.766893558345636],[123.43018241310483,9.766922841180493],[123.43041323955443,9.766903605463549],[123.43063232231401,9.766873671617786],[123.43081288113574,9.76683510525032],[123.43098481611362,9.766772023970914],[123.43108246003172,9.76675909200545],[123.43125584305412,9.766774632032302],[123.43147443499483,9.766801568781627],[123.43161193247292,9.766801608800474],[123.43173047000232,9.766790258799093],[123.43186822663962,9.766742742979837],[123.43201389747203,9.766668128049293],[123.43211332996623,9.76664313452257],[123.43230102537731,9.766620480602523],[123.43246557488712,9.766617678715987],[123.43246214939862,9.766550956227139]]}},{"type":"Feature","properties":{"ID":"122750","Name":"5","Descriptio":"","brgy":"","OBJECTID":"0","NPAAAD":"","ORIG_FID":"0","Shape_Leng":"0.000000","Shape_Area":"0.000000","AGENCY":"","APPROVED_B":"","ATTESTED_B":"","PREPARED_B":"","YEAR":""},"geometry":{"type":"MultiLineString","coordinates":[[[123.53194549726348,9.762054714617548],[123.53237737303834,9.762005437370131],[123.53270890751736,9.761968625349045],[123.53287570857574,9.761730908473943],[123.53299140350165,9.761695097703203],[123.53327052810363,9.761702306835273]],[[123.53327126841508,9.761752334279256],[123.53355891807105,9.761883836720806]]]}},{"type":"Feature","properties":{"ID":"122751","Name":"Path Measure","Descriptio":"","brgy":"","OBJECTID":"0","NPAAAD":"","ORIG_FID":"0","Shape_Leng":"0.000000","Shape_Area":"0.000000","AGENCY":"","APPROVED_B":"","ATTESTED_B":"","PREPARED_B":"","YEAR":""},"geometry":{"type":"LineString","coordinates":[[123.55180578582724,9.834917496741662],[123.55187010631194,9.835024865823515],[123.55195167364785,9.835146340002412],[123.55200946288093,9.835229710637991],[123.55206641955974,9.835314805302222],[123.55210692331714,9.835399846143071],[123.55213017246494,9.835519954812943],[123.55215337099304,9.835690305486317]]}},{"type":"Feature","properties":{"ID":"122752","Name":"Path Measure","Descriptio":"","brgy":"","OBJECTID":"0","NPAAAD":"","ORIG_FID":"0","Shape_Leng":"0.000000","Shape_Area":"0.000000","AGENCY":"","APPROVED_B":"","ATTESTED_B":"","PREPARED_B":"","YEAR":""},"geometry":{"type":"LineString","coordinates":[[123.55557135824851,9.832929460468534],[123.55565054105092,9.8329512326148],[123.55571619025262,9.832976372369231],[123.55575012032732,9.833010531703591],[123.55581681234644,9.833102079397227],[123.55593329787851,9.83327471732245],[123.5560831963437,9.833440453485785],[123.55620337710803,9.833596667026164],[123.55630372829141,9.833692877598423],[123.55639776371314,9.83375055429422],[123.55650106587171,9.833795164966755],[123.55661891118572,9.833830781528594]]}},{"type":"Feature","properties":{"ID":"122753","Name":"road1","Descriptio":"","brgy":"","OBJECTID":"0","NPAAAD":"","ORIG_FID":"0","Shape_Leng":"0.000000","Shape_Area":"0.000000","AGENCY":"","APPROVED_B":"","ATTESTED_B":"","PREPARED_B":"","YEAR":""},"geometry":{"type":"LineString","coordinates":[[123.43207417587476,9.766652976367778],[123.43205345449542,9.76658389828335],[123.43204903547282,9.76649394930234],[123.43206070290911,9.766414879501353],[123.43209701059031,9.766367592475117],[123.43214885564102,9.766313777540693],[123.43220347540272,9.76621801756068]]}},{"type":"Feature","properties":{"ID":"122754","Name":"road","Descriptio":"","brgy":"","OBJECTID":"0","NPAAAD":"","ORIG_FID":"0","Shape_Leng":"0.000000","Shape_Area":"0.000000","AGENCY":"","APPROVED_B":"","ATTESTED_B":"","PREPARED_B":"","YEAR":""},"geometry":{"type":"LineString","coordinates":[[123.4639963491569,9.81166477253972],[123.46402317236071,9.811687532010613],[123.4640348035581,9.811736589042972],[123.46404138371759,9.811816269979479],[123.46406056012319,9.811912152044842],[123.46408747219279,9.812000203750854],[123.4641187534013,9.812051018285608],[123.46418416501008,9.812121066100135],[123.46426694392581,9.812166740156483],[123.46434596943358,9.812212396720598],[123.46443556998149,9.812263322865228],[123.4644741252371,9.812289259120309],[123.46449685056871,9.812315821763322],[123.4645128317099,9.812358315231801],[123.464514795178,9.812415791856724],[123.4645073908767,9.81248163217572],[123.4644971845582,9.812561657086446],[123.4644936764308,9.812687427195009],[123.4644933525201,9.812813400359827],[123.4644819289969,9.812906691273222],[123.46448542101379,9.81349325529009]]}},{"type":"Feature","properties":{"ID":"122755","Name":"road","Descriptio":"","brgy":"","OBJECTID":"0","NPAAAD":"","ORIG_FID":"0","Shape_Leng":"0.000000","Shape_Area":"0.000000","AGENCY":"","APPROVED_B":"","ATTESTED_B":"","PREPARED_B":"","YEAR":""},"geometry":{"type":"LineString","coordinates":[[123.4800985461624,9.799315134653623],[123.4802050179382,9.799466001734693],[123.48024617304559,9.799527335555972],[123.4803320779733,9.799709177724251],[123.480344539623,9.799764714658878],[123.48034148968588,9.799864151451656],[123.48033460242769,9.799980926270003],[123.48030394405039,9.800043926546207],[123.48026597369301,9.800106359199248],[123.48024514082148,9.800168776766904],[123.4802377030452,9.800258454168974],[123.480235510336,9.800338989522999],[123.48023799950099,9.800404957910015],[123.48024412590989,9.800439543325815],[123.48026311279219,9.800452947910625],[123.48028280207869,9.800451943658077],[123.4803178841523,9.80043543962108],[123.48037781731048,9.800396030441496],[123.4804250361364,9.80035496200551],[123.4804886107846,9.80029761543494],[123.4805495149731,9.800230327050906],[123.4806134863057,9.800132195661554],[123.48065764846419,9.8000913244336]]}},{"type":"Feature","properties":{"ID":"122756","Name":"road","Descriptio":"","brgy":"","OBJECTID":"0","NPAAAD":"","ORIG_FID":"0","Shape_Leng":"0.000000","Shape_Area":"0.000000","AGENCY":"","APPROVED_B":"","ATTESTED_B":"","PREPARED_B":"","YEAR":""},"geometry":{"type":"LineString","coordinates":[[123.51041740912886,9.7402002669779],[123.5105008925538,9.74018202595748],[123.51058582797228,9.740152841809696],[123.51066160886987,9.740113375722746],[123.51078123807359,9.740048872846828]]}},{"type":"Feature","properties":{"ID":"122757","Name":"road","Descriptio":"","brgy":"","OBJECTID":"0","NPAAAD":"","ORIG_FID":"0","Shape_Leng":"0.000000","Shape_Area":"0.000000","AGENCY":"","APPROVED_B":"","ATTESTED_B":"","PREPARED_B":"","YEAR":""},"geometry":{"type":"LineString","coordinates":[[123.4822216041769,9.871693353373312],[123.48233715969388,9.871512110304884],[123.48244970150216,9.871331304085858],[123.48255710632206,9.871171570081522],[123.48264659742118,9.871028318859814],[123.48271771731018,9.870915124170757]]}},{"type":"Feature","properties":{"ID":"122758","Name":"road","Descriptio":"","brgy":"","OBJECTID":"0","NPAAAD":"","ORIG_FID":"0","Shape_Leng":"0.000000","Shape_Area":"0.000000","AGENCY":"","APPROVED_B":"","ATTESTED_B":"","PREPARED_B":"","YEAR":""},"geometry":{"type":"LineString","coordinates":[[123.47598585665061,9.872360865097662],[123.47631484874731,9.872527679201669],[123.47641198360199,9.872587148389325],[123.47647657804919,9.872634625096554],[123.4765112684506,9.872686068323262],[123.4765405672185,9.872759501752899],[123.476606218231,9.872854936937022],[123.4766599208217,9.872907258015857],[123.4767063317928,9.872953216384706],[123.47677728472298,9.873019733750743],[123.4768477437147,9.873074160865608],[123.4768891382956,9.873098045787955],[123.4769349353267,9.873091225091223],[123.47699116043549,9.873067337615177],[123.4770385954796,9.873026874065893],[123.4770872963711,9.872991881298619],[123.47713831774449,9.872978981618056],[123.4772060997258,9.872992011616518],[123.4772696270722,9.873025588139331],[123.47733557584169,9.873088333558956],[123.4773775115055,9.873145215747142],[123.4773998301181,9.873223293753364],[123.4774459668694,9.873316483212836],[123.4774976586572,9.873409627391737],[123.47754319976158,9.873472708475015],[123.47760653811159,9.873523666039606]]}},{"type":"Feature","properties":{"ID":"122759","Name":"road","Descriptio":"","brgy":"","OBJECTID":"0","NPAAAD":"","ORIG_FID":"0","Shape_Leng":"0.000000","Shape_Area":"0.000000","AGENCY":"","APPROVED_B":"","ATTESTED_B":"","PREPARED_B":"","YEAR":""},"geometry":{"type":"LineString","coordinates":[[123.4760582483121,9.874240624228891],[123.476075160782,9.874086647441224],[123.47608520708889,9.873963394063022],[123.4760851364959,9.873859934595826],[123.47607363965959,9.873780784352723],[123.4760389502438,9.87366752956233],[123.476001693688,9.873522369586633],[123.4759780435823,9.873399676980906],[123.47598888035338,9.87327300885486],[123.4760160850791,9.873195738589875],[123.4760600078934,9.873122526047263],[123.47610422488098,9.873020164296955],[123.476127466062,9.872941261283001],[123.4761452580684,9.872881377674524],[123.4761728329928,9.872830007951286],[123.47621634428698,9.872785880892911],[123.476288431279,9.8727588561534],[123.47636561304701,9.872740442029244],[123.4764283027796,9.872736441348913],[123.4764702889872,9.87274017517248],[123.4765405672185,9.872759501752899]]}},{"type":"Feature","properties":{"ID":"122760","Name":"road","Descriptio":"road","brgy":"","OBJECTID":"0","NPAAAD":"","ORIG_FID":"0","Shape_Leng":"0.000000","Shape_Area":"0.000000","AGENCY":"","APPROVED_B":"","ATTESTED_B":"","PREPARED_B":"","YEAR":""},"geometry":{"type":"LineString","coordinates":[[123.41962958570491,9.764201572323712],[123.41868047447441,9.763492427029949],[123.41896615503822,9.76319724009412],[123.41899437476764,9.763166334081545],[123.41901619834553,9.763116260343255],[123.41902221270526,9.763077033063905],[123.41902187074112,9.763038242920324]]}},{"type":"Feature","properties":{"ID":"122761","Name":"road","Descriptio":"","brgy":"","OBJECTID":"0","NPAAAD":"","ORIG_FID":"0","Shape_Leng":"0.000000","Shape_Area":"0.000000","AGENCY":"","APPROVED_B":"","ATTESTED_B":"","PREPARED_B":"","YEAR":""},"geometry":{"type":"LineString","coordinates":[[123.49978691955596,9.766206835035293],[123.50098107284057,9.765464403081468],[123.50140452448026,9.765176404197636],[123.50150556615496,9.765097185702995],[123.50153615886327,9.76505090347429],[123.50155557124896,9.76499425412431],[123.50156606459728,9.764915887492842],[123.50156560210277,9.76481924990428],[123.50153777356299,9.764618410458803],[123.501419644527,9.764294826589955]]}},{"type":"Feature","properties":{"ID":"122762","Name":"road","Descriptio":"","brgy":"","OBJECTID":"0","NPAAAD":"","ORIG_FID":"0","Shape_Leng":"0.000000","Shape_Area":"0.000000","AGENCY":"","APPROVED_B":"","ATTESTED_B":"","PREPARED_B":"","YEAR":""},"geometry":{"type":"LineString","coordinates":[[123.49791614363464,9.767188486818965],[123.49796603494897,9.76725357045586],[123.49799584481187,9.767321777749583],[123.49804016485567,9.767396257547722],[123.49806089619379,9.767435925159191],[123.49807664445106,9.767477399040146],[123.49808972457609,9.767529597816097],[123.49810192411576,9.767603840378223],[123.49812406955847,9.767666377803117],[123.49815563567137,9.76773061167074],[123.49820320295795,9.767785440105335],[123.49827055421987,9.767849724324128],[123.49833396780296,9.767900245659233],[123.49839125016577,9.767925594737703],[123.49842280907428,9.767922596387525],[123.498481672627,9.767904354447237]]}},{"type":"Feature","properties":{"ID":"122763","Name":"road","Descriptio":"","brgy":"","OBJECTID":"0","NPAAAD":"","ORIG_FID":"0","Shape_Leng":"0.000000","Shape_Area":"0.000000","AGENCY":"","APPROVED_B":"","ATTESTED_B":"","PREPARED_B":"","YEAR":""},"geometry":{"type":"LineString","coordinates":[[123.49365644448137,9.759506009821756],[123.49369443353805,9.759481928340849],[123.49376511816206,9.759434300297126],[123.49380154337848,9.759421162154474],[123.49400154668587,9.759390847827937],[123.49413000866048,9.759378247024804],[123.49421196394569,9.759397295883765],[123.49431468781926,9.75944171554814],[123.49453385397368,9.759573768360715],[123.49466749043218,9.75965195317001],[123.49471816088867,9.759693978083018],[123.49477376875228,9.759764329018298],[123.49488659506947,9.75989169602293],[123.49492424397278,9.759929822172447],[123.49501207902948,9.759987567821437],[123.49514404412527,9.760059961211127],[123.49525084747347,9.760118306969998],[123.49535112784608,9.76015195105635],[123.49543779615176,9.760153113038726],[123.49552517880969,9.76013542976167],[123.49561954200477,9.760093020419559],[123.49569063827808,9.760022893877949],[123.49577917578577,9.759900151480926],[123.49584232306438,9.759824684395541],[123.49591481651136,9.759760616354011],[123.49597823827017,9.759720703791391],[123.49605438947637,9.759696762509748],[123.49626744635337,9.759659501610056],[123.49648104201407,9.759636032530517],[123.4965648785655,9.759625453100782],[123.49663145661917,9.759595248965434],[123.49666551924447,9.759565725723169],[123.49668651570806,9.759536485051964],[123.49671684395328,9.759468877981105],[123.49677245820087,9.759314150595602],[123.49682543035848,9.759126577558174],[123.49684187606587,9.759089210885248],[123.49686330775606,9.759074707876742],[123.49688795002986,9.759072081358275],[123.49691016088579,9.759078833345791],[123.49694938727306,9.759103990837387],[123.49704679192615,9.759171830958838],[123.49714126078928,9.75924525403393],[123.49720235786417,9.75930256186967],[123.49722326917366,9.759334865576268],[123.49725578873577,9.759494756906193],[123.49727851700327,9.759665564863084],[123.49728660856157,9.75972126581728],[123.49731761000348,9.759767368126969],[123.49734911238939,9.759794379748401],[123.49738305277529,9.759812053856747],[123.49746585640618,9.759849787426878],[123.49757557960505,9.759910037377843],[123.49766203726918,9.7599558747393],[123.4977129915625,9.759986787382768],[123.49780136272817,9.76005449409634],[123.49795415242765,9.760196212544587],[123.49809740201125,9.76031315189963],[123.49824041019318,9.76043633065838],[123.49836035832878,9.760523397325144],[123.49857089704578,9.76061583116389],[123.49879087707876,9.760692299899247],[123.49895905283405,9.760733158314672],[123.49908478934145,9.760736667112127],[123.49917258477826,9.760719186640147],[123.49928608529136,9.760667163825346],[123.49940280528887,9.76058694504421],[123.49949848617138,9.760554614944569],[123.49961203796147,9.760529061511473],[123.49976378573477,9.760519190155925],[123.49997811289457,9.760505186025073],[123.50014246273749,9.760526388603939],[123.50027541994127,9.760552062882045],[123.50037967193047,9.760598179430666],[123.50048519070167,9.760726196037915],[123.50056759327727,9.760942489887624],[123.50065477730918,9.761275117176183],[123.50072952881007,9.761683323303046],[123.50075889947458,9.761997052006093],[123.50076522721956,9.762135400233808],[123.50075272151666,9.76228996857762],[123.50071792561977,9.762485382058163],[123.50071390980987,9.762620134916537],[123.50073060822668,9.762731922946067],[123.50076991805666,9.76283091232622],[123.50085233645838,9.762996675398202],[123.50091347465728,9.763131019395018],[123.50097639584335,9.76335489466765],[123.50110431537759,9.763766171035115],[123.50112911470548,9.763942404466349],[123.50117033099225,9.764121860480707],[123.50122895643266,9.764338191269104]]}},{"type":"Feature","properties":{"ID":"122764","Name":"road","Descriptio":"","brgy":"","OBJECTID":"0","NPAAAD":"","ORIG_FID":"0","Shape_Leng":"0.000000","Shape_Area":"0.000000","AGENCY":"","APPROVED_B":"","ATTESTED_B":"","PREPARED_B":"","YEAR":""},"geometry":{"type":"LineString","coordinates":[[123.49372856414016,9.76147948751998],[123.49375270190838,9.761521233736017],[123.49390573993668,9.76165742845624],[123.49402429266567,9.761767531078917],[123.49408866425308,9.761845753465348],[123.49413003331647,9.761928427769485],[123.49414508314977,9.761990759726839],[123.49412957754475,9.76206491093627],[123.49410177155777,9.762178834726274],[123.49406147593228,9.762309192459572],[123.49400918878389,9.762438799373916],[123.49399284393867,9.762494154726607],[123.49400667202427,9.7625270546528],[123.49405122105546,9.76256922345824],[123.49410371319037,9.762602092270686],[123.49415382900648,9.762618449055783],[123.49418510530859,9.762627831522593],[123.49421268497797,9.76267346417135],[123.4942290391756,9.76271855347317],[123.49425742692758,9.762775834722412],[123.49433045402367,9.76284265098211],[123.49438421297046,9.762895003567921],[123.49448179856617,9.76295391772215],[123.49460269422858,9.763046260673862],[123.49469532970298,9.763125937555012],[123.49475822673287,9.763172649888796],[123.49479400860515,9.763188540467938],[123.49482346555246,9.763196593326297],[123.49484694975567,9.763198874022981],[123.49487162317187,9.763184984569765],[123.49489395425387,9.763156914907588],[123.49490295208835,9.763130482537576],[123.4948857535122,9.763072335033307],[123.49487283278528,9.76301039850972],[123.49485154779606,9.762872818540382],[123.49481669760527,9.762755406972776],[123.49481004211806,9.762647278003254],[123.49481219228058,9.762528770468588],[123.49482128945976,9.76241336335287],[123.49483929716908,9.762308461581176],[123.49486554770716,9.76225418456564],[123.49491813936346,9.762196671786981],[123.49497615565798,9.762127602553456],[123.49502943743639,9.762052232577428],[123.49506680364796,9.761974292999028],[123.49511322624468,9.761857973844423],[123.49514402478577,9.761739153539072],[123.49518171145286,9.761620467220324],[123.49521601675985,9.76157102790628],[123.49526080313257,9.761517724569751],[123.49530359515538,9.761455100998788],[123.49538315850738,9.761337104877313],[123.49546423773397,9.76122186215265],[123.49555116887147,9.761139869798107],[123.49563325727307,9.761080195670987],[123.49575851626997,9.761012712850805],[123.49587690359287,9.760966659153127],[123.49604766184828,9.760893792353748],[123.49622990755948,9.760815918603031],[123.49638678318738,9.760724488262698],[123.49648279861955,9.7606539802547],[123.49656920363786,9.760589458230365],[123.49664844135155,9.760525695806566],[123.49669996243107,9.76048676809714],[123.49676802021756,9.760463812184158],[123.49683680752068,9.760432225665124],[123.49694136412266,9.760364675902132],[123.49705781149537,9.76028139271058],[123.49714808310009,9.760210948512562],[123.49720970876926,9.760158153048014],[123.49726216636417,9.76011574430337],[123.49730473904677,9.760098558003815],[123.49736826861837,9.76009131713293],[123.49743250748075,9.760082421998137],[123.49747971561646,9.760073087023777],[123.49751479117359,9.76005334701044],[123.49755465326257,9.760026544593165],[123.49760749060145,9.759996139589681],[123.49763748263388,9.759988771411608],[123.49766387490877,9.75998456482907],[123.4977129915625,9.759986787382768]]}},{"type":"Feature","properties":{"ID":"122765","Name":"road 1","Descriptio":"","brgy":"","OBJECTID":"0","NPAAAD":"","ORIG_FID":"0","Shape_Leng":"0.000000","Shape_Area":"0.000000","AGENCY":"","APPROVED_B":"","ATTESTED_B":"","PREPARED_B":"","YEAR":""},"geometry":{"type":"LineString","coordinates":[[123.4573111936179,9.78701586048408],[123.4574649316896,9.786889181247274],[123.45760252186601,9.786760649683536],[123.4577327564706,9.786635729552232],[123.45791000552369,9.786462935862474],[123.4579734502425,9.78640520677164],[123.45800359988941,9.786379894321534],[123.4580422188928,9.786366957850314],[123.45808948535229,9.786373047711333],[123.4581366891141,9.786379129458622],[123.4581741474623,9.786371397892069],[123.4582178139485,9.786348998379658],[123.4582526843736,9.786314275069241],[123.4583041654943,9.786254783485003]]}},{"type":"Feature","properties":{"ID":"122766","Name":"road 2","Descriptio":"","brgy":"","OBJECTID":"0","NPAAAD":"","ORIG_FID":"0","Shape_Leng":"0.000000","Shape_Area":"0.000000","AGENCY":"","APPROVED_B":"","ATTESTED_B":"","PREPARED_B":"","YEAR":""},"geometry":{"type":"LineString","coordinates":[[123.46069095473189,9.78924362697867],[123.4608212453663,9.7892399168446],[123.46093450666099,9.78924869310425],[123.46114816243511,9.78923744766868],[123.46119626222549,9.789231625211624],[123.4612552425779,9.789185615034064],[123.46133277688931,9.789083046930017],[123.4613897478821,9.788995522637165],[123.4614460161003,9.788941063479104],[123.46152527074459,9.788898212300998],[123.46157677891489,9.788878848788244],[123.461634326429,9.788870533511561],[123.4616809764322,9.788875557103975],[123.46170662246199,9.788891947602217],[123.46173387737969,9.788929929893808],[123.461738438033,9.788957526743499],[123.46171451079239,9.788993675509744],[123.46167414635919,9.789023999407682],[123.46158773410748,9.789078241168118],[123.46151754299508,9.789135332979471],[123.4614460447636,9.789203480943957],[123.46140631700209,9.78924827667098],[123.46138207136521,9.78930985556572],[123.46135106682549,9.789405170975762],[123.4613367313059,9.789493898108338],[123.4613126320374,9.78954393909853],[123.46125813899249,9.789576979182838],[123.46116827051598,9.789622065679612],[123.4610934119821,9.789681769372688],[123.46103032316428,9.789738098998427],[123.46092696234109,9.789801799510789],[123.46090293158508,9.789829012548582],[123.46089572247239,9.789852603624023],[123.4609070200262,9.789897946241473],[123.4609318556513,9.789952393035579],[123.4609585815443,9.790014114904157],[123.4609951024316,9.790096537172387],[123.4610213484251,9.790150925107378],[123.4610490194537,9.790245157521294],[123.4610500922817,9.790305418363351],[123.4610270137278,9.790360018628466],[123.4609924437303,9.790405949005546],[123.4609431719416,9.790478423025592],[123.460884141893,9.790567316790073],[123.4608600648216,9.790617030085077],[123.4608344049712,9.790719159215891],[123.46081531827241,9.790868763923683],[123.46080266511629,9.791046780560169],[123.4607894107251,9.791172186311599],[123.4607814259328,9.791325112550929],[123.460774897723,9.79145321035694],[123.4607798404789,9.79156910630638],[123.46077260857268,9.791621255602102],[123.46074619785969,9.79166801746495],[123.4607101997809,9.791727770581293],[123.4606757679254,9.791788551452804],[123.46066995500661,9.791816892748848],[123.4606407990452,9.791858566000743],[123.4605950869964,9.791893302042915],[123.46057703655879,9.791918364583005],[123.4605590364172,9.79196286673332],[123.4605449345294,9.791990051373064],[123.46049421074511,9.792039824044547],[123.4604329437966,9.792086585484231]]}},{"type":"Feature","properties":{"ID":"122767","Name":"road 3","Descriptio":"","brgy":"","OBJECTID":"0","NPAAAD":"","ORIG_FID":"0","Shape_Leng":"0.000000","Shape_Area":"0.000000","AGENCY":"","APPROVED_B":"","ATTESTED_B":"","PREPARED_B":"","YEAR":""},"geometry":{"type":"LineString","coordinates":[[123.4681198065836,9.787901555784568],[123.4679557741378,9.787976218786707],[123.4678618208435,9.788038255420975],[123.4678114916211,9.78809040037497],[123.46766691023011,9.78839468553307],[123.4675495583504,9.788682271871213],[123.4674416251654,9.788867854061609],[123.46740385568741,9.788952809183714],[123.4673987729936,9.789030239959613],[123.46742702693228,9.789144539976292],[123.46746699998299,9.789285529761386],[123.46750459162828,9.789419600753709],[123.4675264358927,9.789730155729496],[123.46754622774898,9.7899049106707],[123.4675489234138,9.79006799582644],[123.4675446986202,9.790471059307995],[123.4675153931198,9.79065671339788],[123.4674644667544,9.790770649968584],[123.4674290095624,9.790820147331871],[123.4673529484791,9.790997548433362],[123.4673043835194,9.791099527926336],[123.46725725977821,9.791248404582685],[123.46720867246889,9.791384059024612],[123.4671746746403,9.79151166869228],[123.46715973621541,9.791552111075404],[123.4671160788707,9.791571128005803],[123.46704738016179,9.791570706597494],[123.46701560183111,9.791574919238855],[123.46698844579831,9.791616683053906],[123.4669385883528,9.791753391901828],[123.46688770603399,9.791854572400553],[123.4668579895544,9.791903679712096],[123.4668092578121,9.791933368838125],[123.466738799936,9.79198629365623],[123.4666821141863,9.792040111495353],[123.4666234859699,9.792089090208163],[123.46656678467649,9.792120636789894],[123.46648960213051,9.792137367902674],[123.46641044580309,9.79213792869613],[123.4663359617925,9.792128651597716],[123.46628494317379,9.792110786331703],[123.46624182539058,9.79207998889087],[123.4661907358997,9.792068366068547],[123.46615395834668,9.792072315956572],[123.4661152702113,9.792093110827334],[123.4660531408018,9.792133903502958],[123.4659699320421,9.79217685353655],[123.4658854451749,9.792195504667092],[123.465791845472,9.792201888664174],[123.4657086370428,9.792201674295326],[123.465661199354,9.792194521211044],[123.46562719500079,9.792171822739201],[123.46555582329191,9.792104068048689],[123.46546044065279,9.792019423093052],[123.465398530996,9.791913027761359],[123.4653766472709,9.791836090299583],[123.4653501495175,9.791766976267505],[123.4653427333148,9.791682166228197],[123.46534935636419,9.791624633343227],[123.46539281718191,9.791555968696478],[123.46544342767189,9.79148353952472],[123.46546007550751,9.79143849432621],[123.46544940915159,9.791409748989723],[123.4654033292083,9.791368617059756],[123.46534753442229,9.791295243146802],[123.46532404772009,9.791248328231072],[123.46531512384189,9.791198627443366],[123.46528620638038,9.791165552758986],[123.4652397321578,9.791141071609498],[123.4651596986161,9.791129415333694],[123.4650687715087,9.791128236425953],[123.46499633893781,9.791104907700875],[123.4649464437178,9.791058491314795],[123.4649027502169,9.790998515612033],[123.46481687387319,9.790936699878939],[123.4647764609463,9.79092979576098],[123.46471858597448,9.790949599409466],[123.4646217213776,9.790964029015152],[123.4645250994314,9.790955328856377],[123.46434780219649,9.790905129033234],[123.4641770519905,9.790852832848666],[123.4640461394016,9.790797004498135],[123.4639415039383,9.790725979084169],[123.46387483256719,9.790660070043668],[123.4638297152123,9.790577454005135],[123.46378282107189,9.790489686803832],[123.4637366017931,9.790416681722414],[123.4636983700946,9.790376013424927],[123.4636369916681,9.790339324712289],[123.4635699625249,9.790314134141866],[123.46351806012738,9.790300743712885],[123.46345229793928,9.790309396172471],[123.46340711237349,9.790320423156599],[123.46336946261098,9.790309602011348],[123.46332156690978,9.790279868070808],[123.4632596094368,9.790244443564072],[123.46320271873128,9.790204173184064],[123.4631193036229,9.790149118868118],[123.4630148085393,9.79010197755268],[123.46297454850509,9.790095118618645],[123.46291955546229,9.79009480207718],[123.46287861275451,9.790113824828913],[123.46284082482501,9.790140802511997],[123.46280228685859,9.790169137776639],[123.46276056754971,9.790183740963881],[123.462664880838,9.79018942566617],[123.4625109355676,9.790191572044467],[123.46239954133212,9.790209036901413],[123.46224978566771,9.790251856895493],[123.4621156005108,9.790306401436998],[123.4619960122367,9.790323558159333],[123.4618398062842,9.790332152659746],[123.4616530913199,9.790313019957225],[123.4614758914474,9.790310404401021],[123.4614264650248,9.790304941671122],[123.46134778749459,9.790286822118606],[123.46131770350839,9.790278367174027],[123.4613007717776,9.790282115328084],[123.4612765529098,9.79031328984491],[123.46126474902049,9.79035474221729],[123.4612477482259,9.790417371605077],[123.46123916178338,9.790527050725984],[123.46123161165511,9.790647736182477],[123.4612272452874,9.79079056906661],[123.46122881165249,9.79092771702959],[123.46120441943471,9.791026017136447],[123.46116841952299,9.79113902215841],[123.46111962562819,9.791236753404322],[123.4610696690909,9.79132793894289],[123.4610338585903,9.79139708003169],[123.46102383866548,9.791425635774742],[123.46102752335439,9.79146694621812],[123.4610260192947,9.791508726885766],[123.4610092106618,9.79159335702165],[123.46098545242958,9.791684496190115],[123.460950424672,9.791795365504417],[123.4609162020308,9.791885151797183],[123.4608925480647,9.791915755562185],[123.4608584229889,9.791924919804538],[123.46081410896528,9.791935374655804],[123.4607437032971,9.791941558276813],[123.46066260765521,9.791960117409756],[123.46059374028138,9.79197802760183],[123.4605449345294,9.791990051373064]]}},{"type":"Feature","properties":{"ID":"122768","Name":"road","Descriptio":"","brgy":"","OBJECTID":"0","NPAAAD":"","ORIG_FID":"0","Shape_Leng":"0.000000","Shape_Area":"0.000000","AGENCY":"","APPROVED_B":"","ATTESTED_B":"","PREPARED_B":"","YEAR":""},"geometry":{"type":"LineString","coordinates":[[123.53799874214704,9.822348113589864],[123.53805148639906,9.82237982196442],[123.53809278571164,9.822394480307244],[123.53818807323304,9.822404490245955],[123.53826774036305,9.822403510537422],[123.53843076099456,9.822394208527538],[123.53848158115893,9.82238907426783],[123.53849781388153,9.822362366645725],[123.53850721147565,9.822320741537528],[123.53852438003243,9.822300478409364],[123.53856865791644,9.822295864859742],[123.53864274220065,9.822295485026274],[123.53868968858845,9.822302005816235],[123.53870932491965,9.82231790764031],[123.53873646943454,9.82234525219514],[123.53876256917864,9.82235838187871],[123.53880553893084,9.822362684713314]]}},{"type":"Feature","properties":{"ID":"122769","Name":"road","Descriptio":"","brgy":"","OBJECTID":"0","NPAAAD":"","ORIG_FID":"0","Shape_Leng":"0.000000","Shape_Area":"0.000000","AGENCY":"","APPROVED_B":"","ATTESTED_B":"","PREPARED_B":"","YEAR":""},"geometry":{"type":"LineString","coordinates":[[123.4634919875937,9.838809851570323],[123.463535205039,9.838816929048527],[123.4635835070162,9.838820017228935],[123.4636295704264,9.838838488641901],[123.46368823200109,9.83888031673357],[123.46372862386589,9.83890806221017],[123.46379849331409,9.838931174516448],[123.4638474579296,9.838931691023284],[123.46388348784929,9.838922892304891],[123.46391758493711,9.838915319036921],[123.4639475965694,9.838929161692093],[123.4639823086228,9.838950144869921],[123.46401320327172,9.838962674626579],[123.4640534726577,9.838958377346495],[123.46407377584319,9.838925420207966],[123.4640969200608,9.838899143435059],[123.4641188559527,9.838899228012933],[123.4641467070114,9.838910452027102],[123.46418023531119,9.83893477831683],[123.4642098432369,9.838972261661093],[123.4642353317799,9.839001095334883],[123.46428881122249,9.839025939144307],[123.4643409371673,9.83904121790001],[123.4643964663108,9.83904833643936],[123.46443988567489,9.839057931570169],[123.46450274313379,9.839080149587534],[123.46456786135359,9.83910356121816],[123.46465728080591,9.83911877890797],[123.4648033148609,9.83915138588093],[123.464870522986,9.839175416497936],[123.46497854501499,9.839211667894615],[123.465070789713,9.839252676301726],[123.46512879316599,9.839286872468097],[123.4652135889298,9.839346158656788],[123.4652717744714,9.839380468782599],[123.4653309899691,9.839392128659158],[123.4654274184543,9.839403236649842],[123.46550824359639,9.839390024151658],[123.4655725824348,9.839375857025173],[123.4656555765013,9.839339016491143],[123.46573250435088,9.839300419268707],[123.46581717359409,9.839303672805276],[123.46592429294259,9.839299552838751],[123.46598745336439,9.839318810775394],[123.4660631627984,9.839344734465751],[123.46616088729579,9.83939444330568],[123.46627677292899,9.839453106941765]]}},{"type":"Feature","properties":{"ID":"122770","Name":"road","Descriptio":"","brgy":"","OBJECTID":"0","NPAAAD":"","ORIG_FID":"0","Shape_Leng":"0.000000","Shape_Area":"0.000000","AGENCY":"","APPROVED_B":"","ATTESTED_B":"","PREPARED_B":"","YEAR":""},"geometry":{"type":"LineString","coordinates":[[123.49336315140147,9.836072663277728],[123.49338117397897,9.83624720262241],[123.49342555799248,9.836433279523131],[123.49346714812506,9.836605737085067],[123.49351800895536,9.836694315757867],[123.49360493100416,9.836754239582342],[123.49373437259237,9.836831299321606],[123.49381780715329,9.836867280039657],[123.49390202160588,9.836948217657154],[123.49403615697987,9.83711803300839],[123.49411744511298,9.837265138377566],[123.49415536181297,9.837337994012964],[123.49422909304398,9.837432750566453],[123.49425559630856,9.837540260680743],[123.49427073437028,9.83778404103834],[123.49430415444567,9.837957021895377],[123.49437687710866,9.83815700134485],[123.49446701065547,9.838344337686506],[123.49456978725459,9.838537440069397],[123.49464847642366,9.838630366959704],[123.49469686209186,9.838711548841983],[123.49471827708368,9.838948213398961],[123.49472657846975,9.839142806337835],[123.49473201538619,9.839300620457378],[123.49472853019466,9.839481883700264],[123.49472084043038,9.839665748915625],[123.49467318580747,9.839787574168911],[123.49460862951717,9.839874674035482],[123.49449737416238,9.839924909772465],[123.49439702771897,9.839935011070386],[123.49433311258058,9.839968732380983],[123.49424210052297,9.84005273824138],[123.49410294641947,9.840207883913962],[123.49400029859117,9.840398341273094],[123.49391604191958,9.840473919015206],[123.49384418831798,9.840540290752076],[123.49378309516698,9.840640424611749],[123.49372633124689,9.840774827415993],[123.49359601070407,9.84098567863223],[123.49353995468827,9.84108607365411],[123.49350769562889,9.841222082744943],[123.49354013676286,9.841330184015733],[123.49361591993079,9.841511274348356],[123.49363593664677,9.841658763206972],[123.49360468549132,9.841898105137092]]}},{"type":"Feature","properties":{"ID":"122771","Name":"road","Descriptio":"","brgy":"","OBJECTID":"0","NPAAAD":"","ORIG_FID":"0","Shape_Leng":"0.000000","Shape_Area":"0.000000","AGENCY":"","APPROVED_B":"","ATTESTED_B":"","PREPARED_B":"","YEAR":""},"geometry":{"type":"LineString","coordinates":[[123.49690485010545,9.850153849196449],[123.49703668673507,9.850482659852334],[123.49708404940536,9.850691243225773],[123.49711315249837,9.850837752417156],[123.49715061621258,9.850918179344013],[123.49723040982009,9.851001562235572],[123.49735847264326,9.851102231352009],[123.49756014261821,9.851300654029933]]}},{"type":"Feature","properties":{"ID":"122772","Name":"road","Descriptio":"","brgy":"","OBJECTID":"0","NPAAAD":"","ORIG_FID":"0","Shape_Leng":"0.000000","Shape_Area":"0.000000","AGENCY":"","APPROVED_B":"","ATTESTED_B":"","PREPARED_B":"","YEAR":""},"geometry":{"type":"LineString","coordinates":[[123.49643879791358,9.85338996010283],[123.49644816462717,9.853290274845746],[123.49649523590416,9.853037177708385],[123.49653962615257,9.85280358375515],[123.49657984313117,9.852584026897443],[123.49663125269298,9.852375798056368],[123.49666622690036,9.852053851030844],[123.49679746608358,9.85153326888387],[123.49682690211377,9.851421221385118],[123.49686128574328,9.851365812088869],[123.49694020427147,9.851280114816676],[123.49700092416056,9.851220569226436],[123.49704036727786,9.851166865425435],[123.49711824855977,9.851056218162253],[123.49717880705379,9.85095851950619]]}},{"type":"Feature","properties":{"ID":"122773","Name":"road","Descriptio":"","brgy":"","OBJECTID":"0","NPAAAD":"","ORIG_FID":"0","Shape_Leng":"0.000000","Shape_Area":"0.000000","AGENCY":"","APPROVED_B":"","ATTESTED_B":"","PREPARED_B":"","YEAR":""},"geometry":{"type":"LineString","coordinates":[[123.53090740011284,9.769614203840357],[123.53080660043545,9.76963820887856],[123.53072510492446,9.76965720542824],[123.53063187897654,9.769687747012181],[123.53055462707084,9.769748731133005],[123.53046733789334,9.769848280461654],[123.53037964855295,9.769952167537964],[123.53030020101005,9.770013268191194],[123.53017982420334,9.770085137976745],[123.52988449742926,9.770230158522669],[123.52966217702185,9.770336152474759],[123.52957198559396,9.770366933898515],[123.52938805905265,9.770402269153106],[123.52911359242236,9.77045974179598],[123.52887062840784,9.770513934524216],[123.52871730660056,9.770544897750963],[123.52866066844943,9.770557889313384],[123.52860898291075,9.770567938680909],[123.52856922098844,9.770591055405978],[123.52853361923725,9.770628307415711],[123.52850054614365,9.770687134630505],[123.52848385702505,9.770715401539436],[123.52845725792004,9.770740829432944],[123.52842999727534,9.770752393798634],[123.52839396327326,9.770757170192303],[123.52833309119904,9.770746986624088],[123.52828644969885,9.770747733281663],[123.52823824608095,9.77075132515704],[123.52816665761553,9.770767513147382],[123.52811465302504,9.770793269199494],[123.52808443547886,9.770813961007613],[123.52805018126445,9.770840218906143],[123.52804044683603,9.770864193308542],[123.52803346285155,9.770913016040938],[123.52803724598033,9.770957189723621],[123.52804586046474,9.771010059383794],[123.52805965285793,9.771105443434825],[123.52806936936354,9.771179074698496],[123.52806954543324,9.77124803403224],[123.52806985531323,9.771315541626711],[123.52805622558175,9.771394757086803],[123.52804009617402,9.771448086023852],[123.52801110768844,9.771496082281717],[123.52796148207564,9.771557689042613],[123.52793165588774,9.771603782864963],[123.52788366505455,9.771701314923234],[123.52785215594047,9.771750230380546],[123.52781577853794,9.771791682292534],[123.52776897572924,9.771834458935947],[123.52765374061285,9.771899601455573],[123.52752705366773,9.771961388404689],[123.52747615369275,9.771994985226895],[123.52743171127675,9.772037569388864],[123.52742470227975,9.772075147829362],[123.52742605117396,9.772139982773554],[123.52744168507515,9.772218725770415],[123.52745885593924,9.772302814023579],[123.52746644949683,9.77234898161911],[123.52746417167296,9.772398326873269],[123.52745355639283,9.772480930588609],[123.52742470632175,9.772634305264438],[123.52738006033856,9.772850521261933],[123.52737172940944,9.772948673858828],[123.52735962579466,9.773003874123402],[123.52723224523056,9.773382948553392],[123.52714712354235,9.773598020029384],[123.52708780419225,9.773704015843805],[123.52705180043195,9.77374181191657],[123.52702178283384,9.773757228936818],[123.52698282675274,9.773761388956519],[123.52693003380314,9.773750625957222],[123.52688825420735,9.773727971681431],[123.52683457299095,9.773691313448062],[123.52675283262666,9.773629928042],[123.52662825830373,9.773526217224804],[123.52644014425215,9.773337757315407],[123.52632244535934,9.773206772717428],[123.52627166306475,9.773137618059971],[123.52621391501854,9.773049262643205],[123.52614763871526,9.772969734612454],[123.52608041817696,9.77291692936245],[123.52603939563167,9.772879402051165],[123.52599372915824,9.772823257391792],[123.52593068511423,9.772721305833963],[123.52583939492776,9.77258257970266],[123.52573021109546,9.772434602971405],[123.52566609421446,9.772362089412475],[123.52560656305437,9.772309090748315],[123.52552253755188,9.77225114413566],[123.52543233326479,9.77223577726382],[123.52536212195318,9.772236686472931],[123.52528370097455,9.772255716764354],[123.52520049640646,9.772282935312177],[123.52513043088025,9.772314606563128],[123.52505352973935,9.772332357421046],[123.52495252055496,9.772357309892572],[123.52489050436375,9.772375620081306],[123.52482410853948,9.772415321066314],[123.52475456760956,9.772469092781677],[123.52468758972778,9.772516348784018],[123.52464713652058,9.772556072513872],[123.52460801322437,9.772586394288822],[123.52453901156598,9.772622357386929],[123.52444078838249,9.772674606514318],[123.52433850356697,9.772737030645946],[123.52426508232026,9.772793430295033],[123.52420476963297,9.772850397204923],[123.52414779629208,9.772943099768845],[123.52408157836408,9.77310470581928]]}},{"type":"Feature","properties":{"ID":"122774","Name":"INFRA","Descriptio":"","brgy":"","OBJECTID":"0","NPAAAD":"","ORIG_FID":"0","Shape_Leng":"0.000000","Shape_Area":"0.000000","AGENCY":"","APPROVED_B":"","ATTESTED_B":"","PREPARED_B":"","YEAR":""},"geometry":{"type":"LineString","coordinates":[[123.53350196374194,9.765285762804464],[123.53542488289445,9.765208443904038]]}},{"type":"Feature","properties":{"ID":"122776","Name":"Path Measure","Descriptio":"","brgy":"","OBJECTID":"0","NPAAAD":"","ORIG_FID":"0","Shape_Leng":"0.000000","Shape_Area":"0.000000","AGENCY":"","APPROVED_B":"","ATTESTED_B":"","PREPARED_B":"","YEAR":""},"geometry":{"type":"LineString","coordinates":[[123.53060125275655,9.76246589502416],[123.53107794420504,9.762423366086987],[123.53114079998304,9.762427569019883],[123.53125144887645,9.762453548143991],[123.53130828991112,9.762469672760934],[123.53134435670356,9.76247476023776],[123.53137915526224,9.762472688646492],[123.53142913761904,9.762456426285967],[123.53159597051346,9.762390799135352],[123.53174815594267,9.762331162481834],[123.53178866280484,9.762314476162437],[123.53197773428609,9.762263504894856]]}},{"type":"Feature","properties":{"ID":"122777","Name":"Path Measure","Descriptio":"","brgy":"","OBJECTID":"0","NPAAAD":"","ORIG_FID":"0","Shape_Leng":"0.000000","Shape_Area":"0.000000","AGENCY":"","APPROVED_B":"","ATTESTED_B":"","PREPARED_B":"","YEAR":""},"geometry":{"type":"LineString","coordinates":[[123.48292483939228,9.82322753221658],[123.48295381197148,9.823330949406138],[123.48299925864228,9.823384701489797],[123.48306996720521,9.823423451694019],[123.48318704358802,9.823471154685281],[123.4832964049253,9.823508586984087],[123.48337745929379,9.823548398073354],[123.48344266139848,9.823603969888229],[123.4834844058726,9.823670303529067],[123.48353362150701,9.823763715705185]]}},{"type":"Feature","properties":{"ID":"122778","Name":"","Descriptio":"","brgy":"","OBJECTID":"0","NPAAAD":"","ORIG_FID":"0","Shape_Leng":"0.000000","Shape_Area":"0.000000","AGENCY":"","APPROVED_B":"","ATTESTED_B":"","PREPARED_B":"","YEAR":""},"geometry":{"type":"LineString","coordinates":[[123.53374115153751,9.807056520066276],[123.53381869644848,9.807270944194396],[123.53399794719344,9.80771321962493]]}},{"type":"Feature","properties":{"ID":"122779","Name":"Path Measure","Descriptio":"","brgy":"","OBJECTID":"0","NPAAAD":"","ORIG_FID":"0","Shape_Leng":"0.000000","Shape_Area":"0.000000","AGENCY":"","APPROVED_B":"","ATTESTED_B":"","PREPARED_B":"","YEAR":""},"geometry":{"type":"LineString","coordinates":[[123.52860274516385,9.787152758333544],[123.52874704602065,9.787597822222736],[123.52879552842253,9.787713283730552],[123.52883278319504,9.787784043486882],[123.52887906399815,9.787849493635346],[123.52895802078145,9.787939175450585],[123.52902283253266,9.78800247387404],[123.52907524276092,9.788038748247097],[123.52913508693963,9.788085162687095],[123.52920850400136,9.788169480248698]]}},{"type":"Feature","properties":{"ID":"122780","Name":"Path Measure","Descriptio":"","brgy":"","OBJECTID":"0","NPAAAD":"","ORIG_FID":"0","Shape_Leng":"0.000000","Shape_Area":"0.000000","AGENCY":"","APPROVED_B":"","ATTESTED_B":"","PREPARED_B":"","YEAR":""},"geometry":{"type":"LineString","coordinates":[[123.53172167735066,9.781616211159244],[123.53154050180444,9.781698725064839],[123.53143752256794,9.781719536127925],[123.53130088684786,9.781715350589264],[123.53112858283096,9.781714022936097],[123.53088272837564,9.78173626196925],[123.53052788747895,9.781820516588262],[123.53034039522504,9.781865166319855],[123.53019945259504,9.78193145070188],[123.53006798912344,9.781991204205747],[123.52991645388805,9.782051917017274],[123.52978618399425,9.782089578514304],[123.52957931859325,9.782151955947574],[123.52934531215674,9.782231786991709],[123.52917254275293,9.782293382741457],[123.52910379949543,9.782332124819105],[123.52907371580795,9.782363580941514],[123.52903741814436,9.78242088850338],[123.52898324203474,9.782474548865338],[123.52891667180737,9.782516513113789],[123.52875042093076,9.782577003944146],[123.52857420594434,9.782623383630542],[123.52833922998036,9.782683593304741],[123.52822995709373,9.782725423658732],[123.52815025458484,9.782761484744247],[123.52809943498333,9.782794688193201],[123.52807107255013,9.782825223328704],[123.52805947920635,9.782856638810852],[123.52806196050022,9.782890607749026],[123.52807319568514,9.782945167575393],[123.52818955284566,9.783333904786542],[123.52841822160788,9.784107213281041]]}},{"type":"Feature","properties":{"ID":"122781","Name":"Path Measure","Descriptio":"","brgy":"","OBJECTID":"0","NPAAAD":"","ORIG_FID":"0","Shape_Leng":"0.000000","Shape_Area":"0.000000","AGENCY":"","APPROVED_B":"","ATTESTED_B":"","PREPARED_B":"","YEAR":""},"geometry":{"type":"LineString","coordinates":[[123.52975660218912,9.777775381860849],[123.52991339318886,9.778016453493473],[123.53007967303415,9.778268986580562],[123.53028354197639,9.77862538540617]]}},{"type":"Feature","properties":{"ID":"122782","Name":"Path Measure","Descriptio":"","brgy":"","OBJECTID":"0","NPAAAD":"","ORIG_FID":"0","Shape_Leng":"0.000000","Shape_Area":"0.000000","AGENCY":"","APPROVED_B":"","ATTESTED_B":"","PREPARED_B":"","YEAR":""},"geometry":{"type":"LineString","coordinates":[[123.54646041505454,9.818437744080365],[123.54955891224695,9.824661121121453]]}},{"type":"Feature","properties":{"ID":"122783","Name":"1","Descriptio":"","brgy":"","OBJECTID":"0","NPAAAD":"","ORIG_FID":"0","Shape_Leng":"0.000000","Shape_Area":"0.000000","AGENCY":"","APPROVED_B":"","ATTESTED_B":"","PREPARED_B":"","YEAR":""},"geometry":{"type":"LineString","coordinates":[[123.44804836662513,9.825075529142302],[123.44753101847003,9.82494836574284],[123.44736940468343,9.824924170390329],[123.44723851501013,9.82493456902602],[123.44715001790532,9.824947780947417],[123.44710755561793,9.824955395400004],[123.44700453710482,9.824972683567026],[123.44692211631113,9.824976756022954],[123.44683886326561,9.824930281919862],[123.44675298369764,9.824860640779956],[123.44666453351512,9.824749507212665],[123.44661881398363,9.824644110908025],[123.44658012258593,9.82453012093764],[123.44655440314571,9.824472838730339],[123.44653319525861,9.824370163125796],[123.44652795822763,9.82431019512609],[123.44653594479432,9.824188747068684],[123.44652215608673,9.824061602355496],[123.44650422672612,9.823780933771921],[123.44650077216802,9.823595720953264],[123.44650616498882,9.823385939979598],[123.44646063167941,9.823317857076747],[123.44642045118972,9.82322582410132],[123.44638613358832,9.82314590554408],[123.44632579313881,9.8230721872819],[123.44625805408171,9.822969205066974],[123.44621271892463,9.82286783959564],[123.44617382494371,9.822756175416563],[123.44615209764393,9.822594602685907],[123.44614058646313,9.822461541354485],[123.44617901588902,9.82230912354759],[123.44623968838411,9.822163423018472],[123.44625888931611,9.82203031025487],[123.44626220189251,9.82193940376902],[123.44626445157473,9.821844155421688],[123.44629845831943,9.821710807297857],[123.44630666093641,9.821601279541605],[123.44627812953124,9.821497738286588],[123.44622687620684,9.821277656046552],[123.44621945232232,9.82118607257813],[123.44624881687471,9.821074683110638],[123.44631978163363,9.820916422458014],[123.44636166370361,9.820810744174636],[123.44639985165982,9.820607629906466],[123.44644713758332,9.820466549881575],[123.44653483284613,9.82035021905764],[123.44659581487753,9.82025539847167],[123.44668345664311,9.82008593644653],[123.44671414018653,9.819953982134658],[123.44668445167433,9.819829797634915],[123.44662775014034,9.81968240094295],[123.44652951747963,9.819534172267742],[123.44645520396692,9.819472424083608],[123.44633956011653,9.819391035109163],[123.44610777424452,9.819176898766015],[123.44598928828673,9.819060306027433],[123.44593267612993,9.818951070094645],[123.44588741019471,9.818797783025282],[123.44584984624632,9.81865569358416],[123.44580620529072,9.8185458773977],[123.44579263401133,9.818453296091581],[123.44579498079983,9.8182911832032],[123.44578728929052,9.81823171808093],[123.44578104343373,9.818197090077188],[123.44576276469851,9.818164363809952],[123.44571236734953,9.818123564638245],[123.44558082927792,9.818031117455956],[123.44548882543073,9.81798163939306],[123.44540356136604,9.817953089675958],[123.44533431511982,9.81791206107214],[123.44523283958472,9.81782579991799],[123.44509898960452,9.817714662827058],[123.44493554212873,9.817565325495922],[123.44481508463431,9.817438330444133],[123.44476983050093,9.817348325178646],[123.44475393634451,9.817283569515933],[123.44473785845663,9.817215823767532],[123.44471455785852,9.817172588652635],[123.44466969771443,9.817108083939429],[123.44461022624401,9.81701421839034],[123.44460257676312,9.816932529403495],[123.44463024147691,9.816865136757151],[123.44468245068182,9.816811147591018],[123.44477268655952,9.816766349958872],[123.44488350114122,9.816741391513592],[123.44495082254112,9.816734957443433],[123.44503615749163,9.816722499899006],[123.44510960310633,9.81669093454108],[123.44517288627922,9.816645206140013],[123.44521664298742,9.816587509113454],[123.44523527265564,9.816543018457518],[123.44522775829232,9.816476081029952],[123.44520517891333,9.816412756969802],[123.44516630096851,9.81633637284533]]}},{"type":"Feature","properties":{"ID":"122784","Name":"2","Descriptio":"","brgy":"","OBJECTID":"0","NPAAAD":"","ORIG_FID":"0","Shape_Leng":"0.000000","Shape_Area":"0.000000","AGENCY":"","APPROVED_B":"","ATTESTED_B":"","PREPARED_B":"","YEAR":""},"geometry":{"type":"LineString","coordinates":[[123.45069771145369,9.832545062674532],[123.450608179027,9.832481866301212],[123.45050612888849,9.832405493840836],[123.4504363264485,9.832364149850141],[123.45033449463338,9.83230375122302],[123.45021144891122,9.83222210412313],[123.45010974169719,9.832147027816253],[123.45006340915029,9.832102372249498],[123.45001029968908,9.832043922136988],[123.4499481882498,9.831950663575235],[123.44990190182303,9.83187440248419],[123.44983896397669,9.831752448118536],[123.44979666888543,9.831647111950282],[123.44979240419893,9.831609521793547],[123.44979175704793,9.831526090552805],[123.44979392944482,9.831447539698582],[123.4497854439789,9.83139923119447],[123.44976394693343,9.83135066500192],[123.449728370545,9.831283691025446],[123.44970704191039,9.831232030258578],[123.44968774007293,9.831159244781464],[123.4496805012911,9.831105372405679],[123.44968244692802,9.83105475379886],[123.44968984535541,9.830999607929297],[123.4497004483112,9.83095995035357],[123.4497189151859,9.830918745520487],[123.44973531409069,9.830881963484659],[123.44974346471803,9.830842999753562],[123.44975274682369,9.830787117023736],[123.44973018696372,9.830669103053653],[123.4497181888792,9.830625031468125],[123.44969580349569,9.830585821618975],[123.44967288675932,9.830554266026068],[123.44964832918292,9.830533713509208],[123.4496158568179,9.83052126363363],[123.4495803750232,9.830514725574398],[123.44953762298353,9.830512385922884],[123.44946746750969,9.830504235638594],[123.44939124922858,9.830491275514342],[123.44927498934291,9.830472970289582],[123.44917413420701,9.830454468450709],[123.44912787714763,9.830439241487708],[123.44907936684673,9.830408880635796],[123.4490367066014,9.830377551452115],[123.44899367633451,9.830341046550958],[123.44895382037163,9.830295565352285],[123.44891743758122,9.830246156918689],[123.44888595666622,9.830186156835683],[123.44885582331692,9.83004439596855],[123.44883422170624,9.829930179210109],[123.44881145506291,9.829828590607045],[123.44877293447593,9.829724282781326],[123.44871579703513,9.829646091144438],[123.44865230254074,9.829586027537554],[123.44859742455833,9.829545084790661],[123.44854326318453,9.829531373841936],[123.44849116938371,9.829550943885925],[123.44844811467262,9.829583945217093],[123.44839772051984,9.829587073859221],[123.44830071746694,9.829581471335137],[123.44817811261223,9.829577516964369],[123.44812087118103,9.829570826978005],[123.44807469706201,9.829555799786881],[123.44794157324412,9.829504034236482],[123.44788932019782,9.829486279092189],[123.44785329722453,9.829481537787293],[123.44780763043623,9.82947904274601],[123.44772595458241,9.82947870126892],[123.44764726679173,9.829475870339518],[123.44759001441712,9.829465275355027],[123.44753675581092,9.829437089716837],[123.44748402794181,9.829388647598739],[123.44745526756373,9.829340060679419],[123.44742974533372,9.829276430742535],[123.44738923247861,9.829221228201396],[123.44735224117242,9.829187136206164],[123.44728064795483,9.829145204315452],[123.44722518319293,9.8290774127109],[123.44712508648031,9.8289504438168],[123.44694463990533,9.828684618851053],[123.44666142739331,9.828262099461636],[123.44646738813411,9.827961562230445],[123.44639555109113,9.827855243606711],[123.44638104831722,9.827814066995156],[123.44637046804671,9.82774862272096],[123.44637247388391,9.827666645586193],[123.44639072010692,9.827555179234775],[123.44642219182063,9.827403710101462],[123.44643786932014,9.827253742494213],[123.44645379937393,9.827185754347946],[123.44648379367382,9.827121795020432],[123.44652113521921,9.827071416321356],[123.44659040367122,9.826999212142033],[123.44667492285123,9.82691514977741],[123.44671538104882,9.826855692871012],[123.44673369860953,9.826808390180906],[123.44673470471773,9.82675833096394],[123.44671342917994,9.826696326616833],[123.44666667853633,9.826616629427349],[123.44661750369342,9.826512536703174],[123.44656252749454,9.82632665681491],[123.44655781022924,9.82625592130099],[123.44659045127102,9.826038641961246],[123.44664959289614,9.825811142812888],[123.44671123128562,9.825649071951823],[123.44673927456002,9.825580406897203],[123.44688682945772,9.82530871426038],[123.44695199502202,9.825188022480791],[123.44698253844392,9.82513886971931],[123.44705737999901,9.825067820631904],[123.44719011231675,9.824941795170254]]}},{"type":"Feature","properties":{"ID":"122785","Name":"3","Descriptio":"","brgy":"","OBJECTID":"0","NPAAAD":"","ORIG_FID":"0","Shape_Leng":"0.000000","Shape_Area":"0.000000","AGENCY":"","APPROVED_B":"","ATTESTED_B":"","PREPARED_B":"","YEAR":""},"geometry":{"type":"LineString","coordinates":[[123.43405511570653,9.799142912285767],[123.43424237912544,9.7992097820915],[123.43433532687382,9.799241219237372],[123.43441790624462,9.799264932864714],[123.43446230978131,9.799263113523367],[123.43452388520521,9.79924969445025],[123.43457024191083,9.79923466808699],[123.43461501441342,9.799230790655441],[123.43466520853903,9.799242517188686],[123.43470206586913,9.799271392045734],[123.43472531545272,9.79932121085536],[123.43476362200381,9.799412736644326],[123.43478996089802,9.799496531779896],[123.43480765504982,9.799566162104044],[123.43484003440183,9.799621748081833],[123.43488685870813,9.799662621911573],[123.43498789241482,9.799725209986885],[123.43510857906331,9.799771962289404],[123.43519833760003,9.799805818671727],[123.43525325913471,9.799832321037862],[123.43529662337681,9.799876013986669],[123.43531615388922,9.799916108922636],[123.43533067350732,9.799966192227803],[123.43532915706483,9.800028345227519],[123.43530841155271,9.80012291505835],[123.43527546521123,9.800216854617188],[123.43522428401641,9.800304093163986],[123.43521338423663,9.80036256021817],[123.43520057622642,9.800504354289052],[123.43518773650213,9.800596492728788],[123.43519682400093,9.800689875933585],[123.43523655006133,9.800788788944395],[123.43528958362663,9.80088684420118],[123.43540859794842,9.800989479228983],[123.43555463261784,9.801123778347499],[123.43562805547523,9.801241126517217],[123.43565568708233,9.801321074089735],[123.43566573972151,9.801447643035292],[123.43568910569432,9.801550268931445],[123.43574035708961,9.801624095815109],[123.43583865399442,9.801675861312013],[123.43600259171693,9.801751579130022],[123.43617511026642,9.80186265629871],[123.43629873867881,9.801933604892517],[123.43640449767362,9.801999777796361],[123.43642164888351,9.802064363156015],[123.43642592165392,9.8021969678535],[123.43643612507132,9.802324776918883],[123.43642722101842,9.802486180460981],[123.43645043133391,9.802628479456313],[123.43651138453072,9.802837670519926],[123.43655235547692,9.8029658991326],[123.43660493182934,9.80309860738985],[123.43667478950292,9.803197166943823],[123.43678970032853,9.803296875639015],[123.43693461135352,9.803431397695164],[123.43698610008292,9.803490789513024],[123.43702103063652,9.80358132591652],[123.43705464871482,9.8037354503438],[123.43708693873953,9.80385836917686],[123.43711669181991,9.803926070367837],[123.43718277981253,9.804020578118461],[123.43721439659622,9.804105415314128],[123.43724516520913,9.804200505808598],[123.43729186979212,9.804272694718675],[123.43736981514732,9.804347008500304],[123.43740760312431,9.804397750865032],[123.43742268382913,9.804470850602755],[123.43741513277301,9.804657222142074],[123.43738257372954,9.804807600516671],[123.43732733485271,9.804938965640698],[123.43728448236672,9.80503055202945],[123.43727241076623,9.805078281507152],[123.43728740809813,9.80512069033714],[123.43733839785644,9.80518260539973],[123.43745870386012,9.805269782511482],[123.43755323308382,9.80532418642504],[123.43763695348142,9.805395069017433],[123.43769209943922,9.805484278053825],[123.43772787521753,9.805528781126482],[123.43777085931211,9.805573966558246],[123.43784338520281,9.805619472162315],[123.43792774578843,9.805667069404336],[123.43800488076961,9.80572478434207],[123.43809341142133,9.80579270416892],[123.43817063434031,9.80583978139433],[123.43835071847371,9.805915830589793],[123.43847088031784,9.805965318517341],[123.43858868649443,9.806003304331746],[123.43866546118923,9.806045507059025],[123.43873630493441,9.806089303514321],[123.43878398895662,9.806138292383196],[123.43883407858192,9.806224605452472],[123.43887186257383,9.806341236038431],[123.43891828006522,9.806524874476874],[123.43896635355301,9.806689479652695],[123.43900083999772,9.806845265822291],[123.43899467916913,9.806985879135],[123.43898221596483,9.807176352937343],[123.43896302998681,9.80732970661424],[123.43894210605254,9.807405527409971],[123.43889047874573,9.807543239372452],[123.43883826196793,9.807653520731346],[123.43881359585272,9.807708927690804],[123.43880246081793,9.807757108829119],[123.43880794825861,9.807835948437761],[123.43881120350332,9.808063435268929],[123.43882242310761,9.808173017634173],[123.43883300321093,9.808241289659623],[123.43883550134063,9.808289873513475],[123.43882875500603,9.808326360959528],[123.43882559425533,9.80836670420102],[123.43882866529312,9.808401023812594],[123.43884147202523,9.808433478778946],[123.43886019348693,9.808455499675665],[123.43889587824523,9.808477895428092],[123.43893647752222,9.808494180090056],[123.43897686640261,9.808522622719147],[123.43903109340232,9.808568842038495],[123.43909293129391,9.808611351140797],[123.43916749979691,9.808653727025256],[123.43922890568852,9.808685017574875],[123.43934666689313,9.808718430562212],[123.43946266855122,9.808751889426288],[123.43954628088902,9.808781367119462],[123.43959150089611,9.80879548415667],[123.43965681942403,9.808805674953728],[123.43973820467113,9.808812309242755],[123.43978402726592,9.808821815133921],[123.43985889174202,9.808842549163536],[123.43991694198293,9.808864971112218],[123.43997721084502,9.808924627166148],[123.44006740797712,9.809014049805379],[123.44016747478952,9.809104839125169],[123.44020962572321,9.809142624468265],[123.44024350042692,9.809180846527255],[123.44027356321592,9.809223121761862],[123.44029238145002,9.80929122151132],[123.44030513555172,9.809333919436607],[123.44032104226471,9.809380711253777],[123.44034981087762,9.809430809885377],[123.44039432560542,9.809478273098952],[123.44042166161432,9.809526469007897],[123.44044584978542,9.809591850907745],[123.44046600395612,9.809654913222415],[123.44047665719422,9.809701134436867],[123.44048866420671,9.809740685771986],[123.44050094630303,9.80977095765177],[123.44051725549072,9.809791977418378],[123.44053772956931,9.809808676884552],[123.44057647815201,9.809825534326059],[123.44061287740833,9.809828608247363],[123.44065986697863,9.809822098327498],[123.44072428088101,9.809805529366658],[123.44078797779603,9.809791063886768],[123.44084146134652,9.809780435947474],[123.44088366649572,9.809790404750142],[123.44091257467201,9.809806891767971],[123.44093479585533,9.809842967526066],[123.44093316523173,9.809889901709292],[123.44091933979813,9.809929432338489],[123.44089326830411,9.809982412231657],[123.44087582731181,9.810023181558785],[123.44086707605332,9.810064211333392],[123.44087016859064,9.81009423961924],[123.44089506434833,9.81013678606302],[123.44093141645384,9.810170223650088],[123.44098307003172,9.810216170928054],[123.44102552142742,9.810260177038069],[123.44105804632294,9.810319618312313],[123.44110591005013,9.810498860042172],[123.44115545698021,9.810643491112867],[123.44121822108653,9.8107851945375],[123.44128228980821,9.81089406655724],[123.44133495610602,9.810975808643123],[123.44138544273503,9.811030193891558],[123.44146747802883,9.811107129990054],[123.44154758114512,9.81119042479711],[123.44160410154213,9.811259464736326],[123.44162971776512,9.811318317554088],[123.44165931018632,9.811425065211276],[123.44168295079743,9.81149618460504],[123.44170939844632,9.811547595369543],[123.44174760934682,9.811597712282499],[123.44180156496931,9.811649746760374],[123.44184508052702,9.811697599468085],[123.44188389798951,9.811742551980043],[123.44191644602412,9.811795195646065],[123.44193537024532,9.81184198425505],[123.44193638630152,9.81188562851001],[123.44193304879573,9.811943340549663],[123.44192235230953,9.812001332219456],[123.44192353347553,9.81206044821106],[123.44192651220511,9.812119338088339],[123.44193923674811,9.812189061521218],[123.44197114157103,9.812267949719123],[123.44201226261173,9.812356249113694],[123.44204967683612,9.812422789821143],[123.44211438338063,9.812498603079918],[123.44218399882601,9.812577989891889],[123.44225127522513,9.812662082370084],[123.44230590270881,9.812738028672745],[123.44234099901611,9.812797225083063],[123.44239199600723,9.81291328983051],[123.44244887572262,9.81301018197273],[123.44251353379913,9.8130983777068],[123.44260885186591,9.813194817006334],[123.44268788670323,9.813278690668676],[123.44275765507561,9.813325109124978],[123.44280153160321,9.813328712174938],[123.44283417893762,9.813314100526952],[123.44286157209092,9.813280763265888],[123.44288845768342,9.813218623485191],[123.44291918818453,9.813164618063874],[123.44297348163282,9.813107936339458],[123.44304444254783,9.813051317294248],[123.44314265418502,9.8129812754336],[123.44320976413552,9.812907670344016],[123.44330077005371,9.812864320188682],[123.44343127456432,9.812788383249218],[123.44351631031893,9.812720158962723],[123.44357702948523,9.812637104871875],[123.44361660701423,9.812572871665854],[123.44364898310411,9.812523413150828],[123.44370080472243,9.812463800676598]]}},{"type":"Feature","properties":{"ID":"122786","Name":"6","Descriptio":"","brgy":"","OBJECTID":"0","NPAAAD":"","ORIG_FID":"0","Shape_Leng":"0.000000","Shape_Area":"0.000000","AGENCY":"","APPROVED_B":"","ATTESTED_B":"","PREPARED_B":"","YEAR":""},"geometry":{"type":"LineString","coordinates":[[123.43157763324913,9.799966633862049],[123.43160599848032,9.799941985176002],[123.43163715438412,9.799926879001443],[123.43168201737653,9.799916548268294],[123.43174683058332,9.79991083351261],[123.43179279216983,9.79991436168812],[123.43183899451543,9.79992678621301],[123.43188950515541,9.799945268668118],[123.43196578638452,9.79998403490068],[123.43202971052531,9.800010079141495],[123.43206843294902,9.800017729478721],[123.43212063050542,9.80002270378695],[123.43217678567592,9.800034261160432],[123.43222897884442,9.800051119805552],[123.43227926492021,9.800081693205273],[123.43232431921531,9.800097430621916],[123.43237724125201,9.800108936854585],[123.43242377115511,9.80010921197188],[123.43246065118403,9.800100122208391],[123.43250622399053,9.80007838405472],[123.43254717646352,9.800064947175333],[123.43261329803282,9.80005443334925],[123.43271691043961,9.800070185713054],[123.43276885110853,9.800088820794114],[123.43284509916991,9.800136606944438],[123.43290662060211,9.8001807926288],[123.43295007188233,9.80023093838719],[123.43300214933653,9.800310436352405],[123.43302366184722,9.800350286231431],[123.43304862476552,9.80042075337413],[123.43306191755774,9.800461965895435],[123.43307980481543,9.800493189813672],[123.43309941685813,9.800514865687655],[123.43312963633191,9.80053368914228],[123.43316270711162,9.800549688837327],[123.43327800928202,9.800594792756126],[123.43335755266502,9.800620257778803],[123.43341677969532,9.800632513415467],[123.43346982703292,9.800641182276108],[123.43351868999792,9.800654693582143],[123.43357835464903,9.800676220256866],[123.43363080783233,9.800702647040154],[123.43368800780203,9.80072875399252],[123.43373280921652,9.800753220772547],[123.43376708184302,9.800781366805548],[123.43378748490713,9.800800231397403],[123.43380688127704,9.800809160010655],[123.43383841004402,9.8008171781402],[123.43389071403442,9.800821300858356],[123.43392173150471,9.8008219117126],[123.43395250747443,9.800826586977646],[123.43399244461723,9.800839002486079],[123.43404718863412,9.800854133103611],[123.43410562937002,9.80087961641862],[123.43417175875031,9.800903015359069],[123.43424846805682,9.800917564168005],[123.43436203571733,9.800937606766091],[123.43444461564691,9.800946271386332],[123.43451940724333,9.800951804662112],[123.43459070122363,9.800947897777204],[123.43467571703243,9.800938879316131],[123.43472699782473,9.80093938279454],[123.43480984059772,9.800949406646785],[123.43490018027852,9.800948853706428],[123.43502898348653,9.800941349626868],[123.43513292867611,9.800926607824334],[123.43519789056263,9.800910622375572],[123.43528958362663,9.80088684420118]]}},{"type":"Feature","properties":{"ID":"122787","Name":"7","Descriptio":"","brgy":"","OBJECTID":"0","NPAAAD":"","ORIG_FID":"0","Shape_Leng":"0.000000","Shape_Area":"0.000000","AGENCY":"","APPROVED_B":"","ATTESTED_B":"","PREPARED_B":"","YEAR":""},"geometry":{"type":"LineString","coordinates":[[123.44191274654553,9.81471080999556],[123.44196720637271,9.814668634812893],[123.44201457865101,9.814624379070809],[123.44204488966383,9.814586600683809],[123.44207121819572,9.814544752390217],[123.44209635970732,9.81450794284978],[123.44213546158812,9.814463037773663],[123.44216556996872,9.814423239706262],[123.44219665502904,9.814363476669548],[123.44221674529122,9.814312859810851],[123.44223395458393,9.814274941424522],[123.44225744878491,9.81422744933579],[123.44228806388362,9.814179564843805],[123.44232954668232,9.814127681829937],[123.44236005997374,9.814058352122423],[123.44238638498963,9.813977646626983],[123.44241221940791,9.813881805817584],[123.44242404690193,9.81381593881631],[123.44242576622392,9.813749435770701],[123.44243080415534,9.813666612249081],[123.44243333161532,9.813571610463384],[123.44244027688892,9.813517694009224],[123.44245466698251,9.813448481058188],[123.44247548368293,9.813383156390998],[123.44249471085783,9.813329335444408],[123.44250806862233,9.813304560551156],[123.44253439750354,9.813287486439155],[123.44256597866372,9.813279551206623],[123.44260222417691,9.813274953989477],[123.44265198439363,9.8132756898101],[123.44268788670323,9.813278690668676]]}},{"type":"Feature","properties":{"ID":"122788","Name":"8","Descriptio":"","brgy":"","OBJECTID":"0","NPAAAD":"","ORIG_FID":"0","Shape_Leng":"0.000000","Shape_Area":"0.000000","AGENCY":"","APPROVED_B":"","ATTESTED_B":"","PREPARED_B":"","YEAR":""},"geometry":{"type":"LineString","coordinates":[[123.44713002057321,9.822304535440914],[123.44710924938843,9.822347269941412],[123.44710439719272,9.822369012437354],[123.44710824463552,9.822390347112716],[123.44712243892792,9.822411884573608],[123.44714399635362,9.822432577224331],[123.44717911618773,9.822457230596742],[123.44719823264353,9.82247272904335],[123.44721098358772,9.82249381440972],[123.44722867889503,9.822533256997653],[123.44725385690003,9.822599059708125],[123.44726980630512,9.82265385885717],[123.44729129814993,9.82272839432602],[123.44730971420162,9.82280209264826],[123.44731254368561,9.822859855506827],[123.44730334831071,9.822909880158695],[123.44728597336062,9.822961395681887],[123.44725096348843,9.8230380338732],[123.44720211114291,9.823129239914737],[123.44716728908473,9.823210335488291],[123.44713163712163,9.823262171139337],[123.44709148008542,9.82329996948261],[123.44700299536122,9.823351834023162],[123.44694992117311,9.82337182054379],[123.44688652336163,9.8233816742357],[123.44680211263393,9.823378278654006],[123.44670505613273,9.82336639681752],[123.44663353034251,9.823355536260356],[123.44658404975813,9.823355779570896],[123.44655337179933,9.82336274527962],[123.44650616498882,9.823385939979598]]}},{"type":"Feature","properties":{"ID":"122789","Name":"4","Descriptio":"","brgy":"","OBJECTID":"0","NPAAAD":"","ORIG_FID":"0","Shape_Leng":"0.000000","Shape_Area":"0.000000","AGENCY":"","APPROVED_B":"","ATTESTED_B":"","PREPARED_B":"","YEAR":""},"geometry":{"type":"LineString","coordinates":[[123.41618089847026,9.760213983325547],[123.41601902204174,9.760045857183162],[123.41598449060075,9.759964790469068],[123.41592604433124,9.75985238328051],[123.41586064955575,9.75963347185952],[123.41579116876825,9.75948156862413],[123.41573375486166,9.759374533116974],[123.41562399180005,9.759242280011005],[123.41536378117513,9.758966732980646],[123.41517667449216,9.758762232930287],[123.41504540677633,9.758624132890999],[123.41486686128424,9.758449106710481],[123.41477066395365,9.75837663352414],[123.41470032991084,9.758337366785153],[123.41460867537904,9.758311074831639],[123.41450267942106,9.75830010835582],[123.41442717226906,9.758302412616507],[123.41428927884526,9.758321244384595],[123.41413530691655,9.758338750739696],[123.41403926172985,9.758343430236241],[123.41391703708592,9.758348083934273],[123.41379996176106,9.758345482252702],[123.41361990344566,9.758345190150482],[123.41352104095955,9.758341727710071],[123.41337546690845,9.758345544948353],[123.41309610944394,9.758367322763293],[123.41288952018525,9.75837064481663],[123.41264332361435,9.758372304529514],[123.41237789449285,9.758376700902755],[123.41207541095494,9.758378134530203],[123.41185837229146,9.758371750125432]]}},{"type":"Feature","properties":{"ID":"122790","Name":"5","Descriptio":"","brgy":"","OBJECTID":"0","NPAAAD":"","ORIG_FID":"0","Shape_Leng":"0.000000","Shape_Area":"0.000000","AGENCY":"","APPROVED_B":"","ATTESTED_B":"","PREPARED_B":"","YEAR":""},"geometry":{"type":"LineString","coordinates":[[123.41649243844374,9.753820497795822],[123.41649037198536,9.753854173802834],[123.41649854431554,9.75390283066062],[123.41650517270845,9.753941957838625],[123.41651614351146,9.753979331150202],[123.41652803923354,9.754009964975028],[123.41654978502565,9.754060568998511],[123.41657189194027,9.754103370257178],[123.41659482575945,9.754148143872136],[123.41661278306594,9.754187237441094],[123.41661771032645,9.754216598040673],[123.41661118537175,9.75423693195399],[123.41659626505265,9.754249507251144],[123.41657520296755,9.75425965563121],[123.41655230685365,9.75425674590123],[123.41652515502754,9.754249014723841],[123.41648474588946,9.754233649572138],[123.41643896480676,9.754215570654436],[123.41636464289934,9.754185623644496],[123.41630979921565,9.754168276682849],[123.41626140638624,9.754156965372337],[123.41616711563354,9.754151884875393],[123.41607776379124,9.754144648639155],[123.41602814164213,9.754131285841659],[123.41598298412944,9.75411624771746],[123.41593922127473,9.754089740548531],[123.41588854599566,9.754056916636076],[123.41582509984205,9.754031254512824],[123.41575490145127,9.754011991473703],[123.41568127709955,9.754000850276121],[123.41561390234133,9.753995866720137],[123.41557088050946,9.75400097880425],[123.41551615917815,9.754016456155437],[123.41547604925725,9.754040248739162],[123.41544715691096,9.754066516257682],[123.41541099345885,9.754102515122856],[123.41537226151114,9.754154030683747],[123.41533975377945,9.754207151552418],[123.41532837328995,9.75425915889164],[123.41532956523783,9.75432154580076],[123.41533485705024,9.754383890920707],[123.41534693110876,9.75447180457029],[123.41535760917395,9.75455078761605],[123.41536846643095,9.754628550594493],[123.41537343250906,9.754703968010723],[123.41537134490815,9.754777992718571],[123.41535496192564,9.754860255397794],[123.41531709290042,9.755005617332941],[123.41529229866975,9.755102518067927],[123.41528356803394,9.755166554957189],[123.41528122310054,9.755220181874433],[123.41529255543234,9.755277895030414],[123.41531104472796,9.75533046647191],[123.41533698704035,9.755381604631014],[123.41537479642034,9.755434100448513],[123.41542169808106,9.75547967465288],[123.41546651076585,9.755523930472409],[123.41550534874916,9.755562208779418],[123.41554811155005,9.755614638335121],[123.41559387242715,9.755670664165285],[123.41563919557416,9.755732291623081],[123.41567141038645,9.75576045321205],[123.41570447944325,9.755789683302016],[123.41575191981865,9.755817050788396],[123.41580187920675,9.755838997580907],[123.41583926047424,9.755860689371827],[123.41586653517504,9.755882911871492],[123.41588136291305,9.755908063043709],[123.41588566639126,9.75592937062824],[123.41588632574175,9.755954237708748],[123.41587987627365,9.75598425323423],[123.41586254918192,9.756012732174192],[123.41583391459234,9.756041841979382],[123.41577636842945,9.75607586459617],[123.41571483294855,9.756108153087162],[123.41565876341333,9.75614163155196],[123.41561193859594,9.756177107893997],[123.41556929982454,9.756218183394818],[123.41553909056424,9.756257479646324],[123.41550048442394,9.756346878513595],[123.41538267894694,9.756599894121402],[123.41533813584716,9.756692574027856],[123.41531465424664,9.756718534266394],[123.41526436129264,9.756772129250406],[123.41523094356205,9.756813389595502],[123.41520824578545,9.75685776766991],[123.41515677346585,9.756973420950331],[123.41511938084885,9.757043677842312],[123.41508174866016,9.7571186989381],[123.41507865495406,9.75717256363921],[123.41508863811555,9.757226065416138],[123.41512264785426,9.757267611195969],[123.41519721737274,9.757350148963358],[123.41527038354674,9.75740024178893],[123.41533802416295,9.75744342346344],[123.41541137723316,9.757527491887132],[123.41554682999684,9.757677485451154],[123.41569170017364,9.757824776232283],[123.41576358800734,9.757912272367713],[123.41583081770095,9.75801849333051],[123.41589762994134,9.758138214008078],[123.41592632962315,9.758236223216059],[123.41595672115174,9.758374835078888],[123.41598582787755,9.758531467083692],[123.41605357062443,9.758696241957011],[123.41612722709014,9.758839542259315],[123.41619446167934,9.75902997053695],[123.41623707196986,9.759268221983259],[123.41624275911025,9.759469462783606],[123.41625659702524,9.759607595050166],[123.41629020330986,9.759728105436889],[123.41633910258425,9.759873936005876],[123.41638578314736,9.759972447985009],[123.41641927567512,9.760057805220917],[123.41641718416655,9.760144903332987],[123.41638848579734,9.76021949075198],[123.41632964871964,9.760293426699981],[123.41626464524425,9.76033576994148]]}},{"type":"Feature","properties":{"ID":"122791","Name":"tabon1","Descriptio":"tabon1","brgy":"","OBJECTID":"0","NPAAAD":"","ORIG_FID":"0","Shape_Leng":"0.000000","Shape_Area":"0.000000","AGENCY":"","APPROVED_B":"","ATTESTED_B":"","PREPARED_B":"","YEAR":""},"geometry":{"type":"LineString","coordinates":[[123.43530841155271,9.80012291505835],[123.43536278101412,9.79999979520539],[123.43543711288412,9.799890372386004],[123.43548499273962,9.799827485258806],[123.43558962906793,9.799774166816569],[123.43567015084002,9.799744754630163],[123.43580174763532,9.799702423489297],[123.43594200458762,9.799665160891731],[123.43601531569863,9.799638183503378],[123.43613586371582,9.799571281483091],[123.43633567076681,9.799492756347249],[123.43643834695492,9.799436887668499],[123.43646213826933,9.799391262427147],[123.43652906339904,9.799265206378763],[123.43655362232391,9.799161603652607],[123.43660519109883,9.799038022920705],[123.43667615233193,9.798971297317213],[123.43678249326322,9.798932570422398],[123.43698050746173,9.798890105050502],[123.43709677879812,9.798883546580814],[123.43729639178322,9.798882418410642],[123.43738330766932,9.79891816518008],[123.43750039022352,9.799034222692981],[123.43763884996304,9.799168708927303],[123.43774695160853,9.799255189819556],[123.43788405140253,9.79938902223474],[123.43799065156682,9.799519240751291],[123.43808184922683,9.799605133740675],[123.43821579367612,9.799672222990742],[123.43836039756911,9.799713724481006],[123.43849390398502,9.79971481382855],[123.43867647894463,9.799703660463729],[123.43879583747791,9.799705004613156],[123.43887097058052,9.799732863715848],[123.43897519836763,9.799818255785167],[123.43902605160483,9.799882120329107],[123.43908766550672,9.799940876553949],[123.43919118239813,9.800009954942313],[123.43932958628741,9.800052681233868],[123.43947611812452,9.80008583815558],[123.43960042567572,9.800141737346408],[123.43978093696192,9.800301859948997],[123.43989268455952,9.800387498246828],[123.44005101537974,9.80052707286764],[123.44023143535372,9.80067771782823],[123.44044686038512,9.800829768860183],[123.44064804596444,9.800980135156475],[123.44085766364381,9.801123972402953],[123.44099882835093,9.80117145528969],[123.44111441416813,9.801177438796486],[123.44126685355243,9.801158536476406],[123.44139625995064,9.80117502859761],[123.44172996213932,9.801370797802415],[123.44188807111561,9.801484365875796],[123.44200869378662,9.801674118152727],[123.44216178633192,9.801756615597004],[123.44226985245392,9.801774251431839],[123.44245143205863,9.80169584113811],[123.44272558673842,9.80162179546089],[123.44306364778383,9.801572719418605],[123.44324436558063,9.801555154204038],[123.44343410853861,9.80138306771433],[123.44369856685313,9.801211649749794],[123.44390268311942,9.801102290891654],[123.44407962133253,9.800938354459502],[123.44427118624122,9.800746314857626],[123.44436881394583,9.800587367637675],[123.44440243817424,9.800492320129107],[123.44442349641753,9.800330890146153],[123.44449932013431,9.80021722939307],[123.44466504284063,9.800153293745314],[123.44480248252412,9.800135537949608],[123.44494890432651,9.800010081031498],[123.44513187768482,9.799744503442197],[123.44517004312043,9.79965574661272],[123.44525008351204,9.79956071590621],[123.44531311004543,9.79955568564234],[123.44538015144252,9.79958142689061],[123.44544916324851,9.79959045076961],[123.44549171809473,9.799570097884319],[123.44558417543492,9.799501512929519],[123.44574797679432,9.799431790323652],[123.44584538126654,9.799326152316626],[123.44592472216442,9.799183522904896],[123.44627041443563,9.798776056086998],[123.44630104848423,9.79869948582575],[123.44626032805343,9.79862297701559],[123.44614099947641,9.798490551392437],[123.44604517574362,9.798387407596909],[123.44595631909202,9.798277978517765],[123.44593734212583,9.798232308725495],[123.44596239855491,9.798071871139587],[123.44603326335233,9.79794510984151],[123.44630507290422,9.797608065036327],[123.44652629957763,9.79698904489683],[123.44654049895394,9.796623022084084],[123.44655193540933,9.796537474408279],[123.44664618419542,9.79633446137351],[123.44683952096293,9.795988443276999],[123.44676829834712,9.795649024542119],[123.44666199105191,9.795510168803233],[123.44656092547883,9.795360246306329],[123.44634941484091,9.794972371969457],[123.44633717427682,9.794715600210905],[123.44628813304944,9.794520788294719],[123.44628951888562,9.794304082377081],[123.44635397974233,9.794159807611036],[123.44643784181493,9.794096541883],[123.44657552638922,9.79406674658627],[123.44663920942762,9.794030665055297],[123.44668064475131,9.793951450262],[123.44670308836002,9.793813986268225],[123.44673916864544,9.79365255348376],[123.44678654375122,9.793481784737214],[123.44686847646823,9.793238631112565],[123.44704635653603,9.792852212772232],[123.44726769233891,9.792410937214182],[123.44727265567461,9.792177639379958],[123.44723756008501,9.792055105516903],[123.44715596042572,9.791700771576393],[123.44709206781562,9.791449458194174],[123.44707336928182,9.791191777786725],[123.44708823332994,9.790982224925935],[123.44711985285163,9.790783313946287],[123.44713401670842,9.79063397690985]]}},{"type":"Feature","properties":{"ID":"122792","Name":"malones","Descriptio":"","brgy":"","OBJECTID":"0","NPAAAD":"","ORIG_FID":"0","Shape_Leng":"0.000000","Shape_Area":"0.000000","AGENCY":"","APPROVED_B":"","ATTESTED_B":"","PREPARED_B":"","YEAR":""},"geometry":{"type":"LineString","coordinates":[[123.50495569850078,9.821386468036177],[123.50480534909417,9.821400180371805],[123.50458471778435,9.821404514240738],[123.50444460392848,9.82135829111098],[123.50433029887257,9.821285780678314],[123.50425418358397,9.821104034951295],[123.50422896603087,9.820923694404097],[123.50426766564387,9.82078836171801],[123.50433993820528,9.820630551797239],[123.50446507911347,9.82049442384165],[123.50466225942417,9.820345023175001],[123.50487745211747,9.820201004479758],[123.50510234533947,9.820051692849935],[123.50531932661687,9.819902516299033],[123.50550181384067,9.819758211777454],[123.50565050302276,9.819570823315441],[123.50573409762637,9.819437290042975],[123.50573431139905,9.819302706208656],[123.50569821262836,9.819207725276417],[123.50561266968808,9.819112479895304],[123.50545187941768,9.819063407783581],[123.50530753692426,9.819036120018977],[123.50517059513368,9.81899522402346],[123.50506433581839,9.818924965393744],[123.50498200011418,9.818791203337643],[123.50497629331537,9.818682020384346],[123.50502260465598,9.818579187125678],[123.50510083539015,9.818457520397521]]}},{"type":"Feature","properties":{"ID":"122793","Name":"Path Measure","Descriptio":"","brgy":"","OBJECTID":"0","NPAAAD":"","ORIG_FID":"0","Shape_Leng":"0.000000","Shape_Area":"0.000000","AGENCY":"","APPROVED_B":"","ATTESTED_B":"","PREPARED_B":"","YEAR":""},"geometry":{"type":"LineString","coordinates":[[123.48641321220757,9.84762399914029],[123.48649455849706,9.847702177267443],[123.48661901861927,9.847798981269307],[123.48670764889036,9.84786012965332],[123.48682268105375,9.847908194738842],[123.48690202562437,9.847936235341699],[123.48694451470296,9.847969541147974],[123.48709803940947,9.848111077221981],[123.48743652402187,9.848407192250622],[123.48764671000258,9.848555181276783],[123.48779325795698,9.848650570770852],[123.48785574160559,9.848727510543398],[123.48789655856265,9.84880130702202],[123.48791839150746,9.848874259361036],[123.48793206577369,9.848982977655421],[123.48794196897019,9.849186499412445],[123.48794857841585,9.849382926248516],[123.48797607337006,9.849565371786817],[123.48801959501016,9.84977804203086],[123.48807876618378,9.849936197591395],[123.48815554090618,9.850089405397384],[123.48822347148176,9.850207590894737],[123.4882618244823,9.850376907228577],[123.48827245356166,9.850530056172843],[123.48825415977198,9.850670379384386],[123.48821769443727,9.850802841671657],[123.48817143809886,9.85090185864492],[123.48809789138318,9.851028980744246],[123.48797698561577,9.851143539703171],[123.48786533374417,9.851302012073878],[123.48770391665306,9.851533350073234],[123.48758564027739,9.851680157563866],[123.48746241529427,9.851785711118254],[123.48737701946406,9.851851468130077],[123.48733387885888,9.851909794938695],[123.48729972858128,9.852020869695476],[123.48727460033518,9.852084150364984],[123.48718391418205,9.85221463734854],[123.48705724389238,9.852374519779636],[123.48683401697997,9.852634680517248],[123.48679389787097,9.852724059967123],[123.48677929372977,9.852801870514732]]}},{"type":"Feature","properties":{"ID":"122794","Name":"","Descriptio":"","brgy":"","OBJECTID":"0","NPAAAD":"","ORIG_FID":"0","Shape_Leng":"0.000000","Shape_Area":"0.000000","AGENCY":"","APPROVED_B":"","ATTESTED_B":"","PREPARED_B":"","YEAR":""},"geometry":{"type":"LineString","coordinates":[[123.49904318338247,9.804384155307867],[123.49872453352687,9.804494713979382],[123.49854917519988,9.80458336795638],[123.49837611786548,9.804676725745272],[123.49826594077547,9.804763514429968],[123.49810505904948,9.804975678035262],[123.49805720263757,9.805116605091362],[123.49800135265538,9.805266066373047],[123.49796579249039,9.805362781932747],[123.49783753249048,9.805574816133836],[123.49774880532259,9.805707636083831],[123.49768237552587,9.805778852943627],[123.49764363283298,9.805833425543927],[123.49758508893088,9.805874778388924],[123.49751195502925,9.805887260786822],[123.49736003701025,9.805898183965322],[123.49726249094248,9.805861615045824],[123.49697511928348,9.805754580238231],[123.49677806587756,9.805642854552534],[123.49658793022127,9.80551283092824],[123.4964646801618,9.805407481792141],[123.49635057616827,9.805265263469147],[123.49620414540067,9.805080140737255],[123.49613459145868,9.805002433868662],[123.49602773715786,9.804908682573462],[123.49589634763937,9.804811611653165],[123.49569991919978,9.804673104033478],[123.49547125118337,9.804528167619083],[123.49530341645077,9.804439253428285],[123.49512669529237,9.80436488640329],[123.49493861356765,9.80429816025349],[123.49477001014117,9.804257064435792],[123.49470743522897,9.804252534027494],[123.49455981710037,9.80425656598859],[123.49439070138216,9.80430172678919],[123.49421698099016,9.80435081042409],[123.49403813761738,9.80439495416799],[123.49387569798098,9.804414509454187],[123.49374678968528,9.804407515882483],[123.49353398378058,9.80436740630479],[123.49337911207135,9.80429712174629],[123.49329735204218,9.80418634772939],[123.49323148495307,9.804042027748304],[123.49321495303666,9.803904789934208],[123.49321335592715,9.803828611595513],[123.49325029521019,9.80377201253861],[123.49339500687286,9.803641427630314],[123.49344058318988,9.803558813453023],[123.49343979234479,9.803453176456925],[123.49340205964468,9.803375205625134],[123.49332346179497,9.80332892234553],[123.49321349402358,9.803327847676433],[123.49311317403188,9.803346647501726],[123.49302084646327,9.803401789498222],[123.49293777425369,9.803488347182725],[123.49278715926076,9.803719767032817],[123.49274810763728,9.80381255560561],[123.49276168679097,9.804009259810808],[123.49273946048457,9.804199268927496],[123.49265318324078,9.80427687728769],[123.49251659991877,9.80431756722609],[123.49231777592237,9.80434914480629],[123.49222501052526,9.804340800331993],[123.49208564603147,9.804311698785495],[123.49191792197547,9.80422423885119],[123.4916950214863,9.804184459293793],[123.49143795273957,9.804123972271599],[123.49136885291306,9.804118482949299],[123.49126886227367,9.804140741236797],[123.49117411602447,9.804198463899398],[123.49095958650317,9.804345175576591],[123.49070304722196,9.804408504586888],[123.49053117119067,9.804436718343982],[123.49020852998986,9.804501318333976],[123.49011481384485,9.80453233121288],[123.48999757554978,9.804615292704577],[123.48994499712968,9.804673876649776],[123.48977368905348,9.804795336624172],[123.48949726695078,9.804944054182961],[123.48919860689918,9.805052501902056],[123.48875114409955,9.80517480271175],[123.48843542906309,9.80526852299045],[123.48812429283656,9.805430973587141],[123.48784050075038,9.805589350796236],[123.48753371357257,9.805785656735228],[123.48730173291104,9.80599075684739],[123.48706635932938,9.806184162824714],[123.4869368270493,9.8063986370434],[123.48680912483292,9.806510672069898],[123.48669366070288,9.806718849220086],[123.4865545325921,9.806956065576474],[123.4864686316973,9.80704313232237],[123.4862920414269,9.807109002478173],[123.4860641532229,9.807107339410264],[123.48598260219251,9.807119530515275],[123.48589661685739,9.80718319041707],[123.48583022163889,9.80727577326186],[123.48570674434418,9.807409707312354],[123.48561277608628,9.807549052821953],[123.485579155231,9.807654504049946],[123.48554814503672,9.807902771177242],[123.48546229565251,9.808236748902727],[123.4854416599874,9.808494497753411],[123.4855080525252,9.8088252457276],[123.48557925293218,9.809064711019687],[123.4857184527649,9.809305914892674],[123.4859133966225,9.809604732836062],[123.4860326792665,9.809749452642855],[123.48610721816048,9.809962892352154],[123.48610315386289,9.810068626838849],[123.48604507967349,9.810374925256628],[123.48600774060849,9.810611561354426],[123.48607045137739,9.810749805049722],[123.4862331905121,9.811069470947702],[123.4863583089327,9.811172216364993],[123.4866023054881,9.811282891480595],[123.48668060029888,9.811342149692889],[123.48667816944119,9.811388559826485],[123.486683249352,9.811468004767786],[123.4865772998648,9.81157138273718],[123.4864528253305,9.811823284188971],[123.48632744110088,9.812170604969653],[123.48625796979559,9.812405505430347],[123.4861545990945,9.812664503471037],[123.4860476911626,9.812882960661824],[123.4860160584756,9.812938113346826],[123.48598676258,9.813099977155916],[123.48589056804369,9.813300728160007],[123.48581141255728,9.813417206446202],[123.48563836829419,9.813589745099193],[123.4855411343183,9.813631149332094],[123.4854106006923,9.813694013771586],[123.48536674158319,9.813792117520586],[123.4853963168668,9.81402734627338],[123.4854437421762,9.814321093634765],[123.4855600465876,9.814620015162149],[123.4856573147207,9.815099789631859]]}},{"type":"Feature","properties":{"ID":"122795","Name":"Path Measure","Descriptio":"","brgy":"","OBJECTID":"0","NPAAAD":"","ORIG_FID":"0","Shape_Leng":"0.000000","Shape_Area":"0.000000","AGENCY":"","APPROVED_B":"","ATTESTED_B":"","PREPARED_B":"","YEAR":""},"geometry":{"type":"LineString","coordinates":[[123.48403497725445,9.872247513200811],[123.48416162947858,9.872481514000784],[123.48431478737587,9.872741572723351],[123.48449168804937,9.87308229193462],[123.48452044297535,9.873264985508772],[123.48448396961096,9.873431394859297],[123.48443572987647,9.873683140060304],[123.48441337842046,9.873960622820306],[123.48443031427607,9.874183658401778],[123.48447455211458,9.87442609939459],[123.48453957107138,9.874619435035136]]}},{"type":"Feature","properties":{"ID":"122796","Name":"Path Measure","Descriptio":"","brgy":"","OBJECTID":"0","NPAAAD":"","ORIG_FID":"0","Shape_Leng":"0.000000","Shape_Area":"0.000000","AGENCY":"","APPROVED_B":"","ATTESTED_B":"","PREPARED_B":"","YEAR":""},"geometry":{"type":"LineString","coordinates":[[123.51342946634367,9.743556046355419],[123.51337105232817,9.743538539276338],[123.51330514337187,9.743505702009495],[123.51326015093767,9.743463488272445],[123.51322672102609,9.743416567626547],[123.51319558073467,9.743339729495403],[123.51316456018407,9.743189304862721],[123.51311748942447,9.742953483121275],[123.51309227494467,9.742809149165856],[123.51304828081406,9.742673636199006],[123.51303511891098,9.742526820566374],[123.51303443273257,9.742382644751945],[123.51309372049445,9.74214985022301],[123.51312251493448,9.742043881590392],[123.51316528626919,9.74195374370233],[123.51323156747787,9.741892478791911],[123.51329677731877,9.74183794407209],[123.51336967913426,9.7417858548622],[123.51346438020599,9.741704314295522],[123.51351233187037,9.74165070308742],[123.51353746801918,9.74159744255842],[123.51355005800329,9.741556437897053],[123.51355026774408,9.741527446424735],[123.51353824372107,9.741491497111214],[123.51350751750665,9.74146311492136],[123.51348473521556,9.741448186409182],[123.51344392486207,9.741438298124912],[123.51340477099198,9.741436306650355],[123.51336985689929,9.741441710231106],[123.51332033858436,9.74143186108822],[123.51325092950948,9.741412779190831],[123.51317994726477,9.741392022698593],[123.51306861980446,9.741369198090108],[123.51303172164778,9.741357143665608],[123.51300986991347,9.741338587974035],[123.51295724751307,9.741242481957133],[123.51289636237337,9.741137697358244],[123.51286527202227,9.741109390915696],[123.5128319779647,9.741095051274861],[123.51278254973978,9.741089944467266],[123.51272369078308,9.741100140705786],[123.51266794741008,9.74111893843142],[123.51261524008967,9.74114375562962],[123.51255012290517,9.741193349885963],[123.51243200827656,9.741285944757566],[123.51231684247885,9.741373897929007],[123.51222972507799,9.74142898403589],[123.51219115795065,9.741446116018142],[123.51214522179548,9.741450155951778],[123.51208602779077,9.741446008454627],[123.51195881245445,9.741434312441292],[123.51171762496497,9.741408129399312],[123.51138911884199,9.741390649941115],[123.51131082417827,9.741395264616521],[123.51125533122007,9.741414609078207],[123.51121629789627,9.741433655020098],[123.51118344529577,9.74145945299077],[123.51116559337187,9.74148037826699],[123.51114346365848,9.74151047645733],[123.51111307263497,9.741563354988546],[123.51107493941336,9.741621737365836],[123.51105281990468,9.741651549397384],[123.51103140746118,9.741664253597715],[123.51099639553088,9.741679328258364],[123.51094446334598,9.741694492080887],[123.51080256395979,9.741734791369437]]}},{"type":"Feature","properties":{"ID":"122797","Name":"r","Descriptio":"","brgy":"","OBJECTID":"0","NPAAAD":"","ORIG_FID":"0","Shape_Leng":"0.000000","Shape_Area":"0.000000","AGENCY":"","APPROVED_B":"","ATTESTED_B":"","PREPARED_B":"","YEAR":""},"geometry":{"type":"LineString","coordinates":[[123.47470181671409,9.872335169364412],[123.4745921120994,9.872176453887148],[123.47453304995729,9.872103015869362],[123.4745152746584,9.872059404628919],[123.4745189797426,9.872025032984066],[123.4745499646685,9.872003839146654],[123.47460548041249,9.872004157740895],[123.47467735641008,9.872043645098652],[123.4747468684718,9.872104589440575],[123.4748841639766,9.872214332874517],[123.4749857125867,9.872276957862304],[123.4750712693465,9.872308862249987],[123.4751924520124,9.872324054593658],[123.47532601858919,9.872301217092337],[123.4755402735958,9.8722893666644],[123.47573067959709,9.872289492967026],[123.47598585665061,9.872360865097662]]}},{"type":"Feature","properties":{"ID":"122798","Name":"r","Descriptio":"","brgy":"","OBJECTID":"0","NPAAAD":"","ORIG_FID":"0","Shape_Leng":"0.000000","Shape_Area":"0.000000","AGENCY":"","APPROVED_B":"","ATTESTED_B":"","PREPARED_B":"","YEAR":""},"geometry":{"type":"LineString","coordinates":[[123.50591099452546,9.762774181731418],[123.50573364538067,9.76276281791261],[123.50560656608396,9.76275418086195],[123.50555523145115,9.762745035119671],[123.50550786405115,9.76272001092966],[123.50546504047867,9.76268050087876],[123.50543155131479,9.762655170829307],[123.50540960592735,9.762612459389626],[123.50539383939937,9.762554871392144],[123.50540696896327,9.762509550530362],[123.50544827374827,9.762457053491074],[123.50548709346248,9.762420979676554],[123.50552552730407,9.762388198088578],[123.50554458435809,9.762357593679685],[123.50554747422647,9.762318652371853],[123.50553293542097,9.76228577154395],[123.50549865245436,9.76222642761681],[123.50541341372195,9.762105551507027],[123.50534714204747,9.762016042949869],[123.50526055215906,9.761883500675848],[123.50518420982078,9.761773755306285],[123.50510765214456,9.761652698500484],[123.50504794007607,9.76156069131692],[123.50501691333456,9.76149997488088],[123.50499434923799,9.761448693564253],[123.50497517517007,9.761405393584635],[123.50495510999468,9.761374710556588],[123.50491515112606,9.761326397322346],[123.50485748865357,9.761255303673035],[123.50481496767927,9.7612054959897],[123.50479365184417,9.761169382858723],[123.50477381746626,9.761124578725934],[123.50476937965635,9.76108231448001],[123.50477707636446,9.761043760874424],[123.50478349053307,9.761023540821993],[123.50480916351087,9.760988699940324],[123.50484980062947,9.760956190187246],[123.50487498099727,9.760939122886088],[123.50489943086166,9.76091755844374],[123.50491637500106,9.76089204498751],[123.50492190080035,9.760861929627461],[123.50491767602398,9.760819796423652],[123.50490795026917,9.760789513576377],[123.50490036914877,9.760756227921455],[123.50490354763707,9.760726823757668],[123.50491443146407,9.760702423805222],[123.50494145757398,9.760678186819883],[123.50505082005266,9.760625905628007],[123.50518697328965,9.760579045262523],[123.50527657654538,9.760544412665093],[123.50532203839558,9.76052158114907],[123.50535850333748,9.760489049745924],[123.50537229413948,9.760447162451023],[123.50538227477098,9.760371929515438],[123.50539213290638,9.760313373099075],[123.50540662085186,9.76024279045059],[123.50542016463785,9.760177783213921],[123.50542658445436,9.760031254310686],[123.50541607161357,9.759930457773754],[123.50540559582826,9.759861316873742],[123.50537642563258,9.759809257365578],[123.50528449243386,9.759659012149664],[123.50523022770687,9.759547048438659],[123.50520013059638,9.759423572411638]]}},{"type":"Feature","properties":{"ID":"122799","Name":"r","Descriptio":"","brgy":"","OBJECTID":"0","NPAAAD":"","ORIG_FID":"0","Shape_Leng":"0.000000","Shape_Area":"0.000000","AGENCY":"","APPROVED_B":"","ATTESTED_B":"","PREPARED_B":"","YEAR":""},"geometry":{"type":"LineString","coordinates":[[123.50598598382226,9.78224713083245],[123.50605813242679,9.782240912355645],[123.50608971833887,9.782229418016412],[123.50615178667526,9.782191470819964],[123.50618690616297,9.782139254984232],[123.50621999006567,9.782055272645138],[123.50623580154787,9.782026442587417],[123.50626094980068,9.781987266166352],[123.50630394892838,9.78195810747974],[123.50636317361938,9.781942516069115],[123.50650101744158,9.781945091746964],[123.50667369621877,9.78192093962913],[123.50699154809845,9.781856783143985],[123.50709626282436,9.781821546394347],[123.50721832692628,9.781766494619639],[123.50725054567056,9.781740741760817],[123.50728191426448,9.781683247282293],[123.50729936916768,9.78161144322753],[123.50732288046666,9.781536237937338],[123.50735227537987,9.781443372650553],[123.50737751867867,9.781389823710944],[123.50743064984367,9.781321642077481],[123.50749286404346,9.781277122592032],[123.50754301209575,9.781250097174938]]}},{"type":"Feature","properties":{"ID":"122800","Name":"Path Measure","Descriptio":"","brgy":"","OBJECTID":"0","NPAAAD":"","ORIG_FID":"0","Shape_Leng":"0.000000","Shape_Area":"0.000000","AGENCY":"","APPROVED_B":"","ATTESTED_B":"","PREPARED_B":"","YEAR":""},"geometry":{"type":"LineString","coordinates":[[123.54646041505454,9.818437744080365],[123.54955891224695,9.824661121121453]]}},{"type":"Feature","properties":{"ID":"122801","Name":"","Descriptio":"","brgy":"","OBJECTID":"0","NPAAAD":"","ORIG_FID":"0","Shape_Leng":"0.000000","Shape_Area":"0.000000","AGENCY":"","APPROVED_B":"","ATTESTED_B":"","PREPARED_B":"","YEAR":""},"geometry":{"type":"LineString","coordinates":[[123.44981916528131,9.769157162252412],[123.44983028392733,9.769236924967384],[123.44972990607332,9.769315310039582],[123.44959862954201,9.769302604180686],[123.44947350403072,9.769214568101685],[123.44940272906642,9.769184290336788],[123.44925986581512,9.769180544586488],[123.44909857829023,9.769204779431279],[123.44900463461512,9.769249076378284],[123.44893282657964,9.76935685412908],[123.44886902600133,9.76949880926897],[123.44878803696672,9.769612604601265],[123.44865297383583,9.769684405528464],[123.44847914847152,9.769693968454465],[123.44832189517273,9.769659544466965],[123.44823335036773,9.769601966622965],[123.44811981015651,9.769449147579277],[123.44802985887353,9.769325004483377],[123.44799061755673,9.769211874059383],[123.44796401873931,9.769079417122292],[123.44785656183842,9.768952203809997],[123.44775044276531,9.768865354018903],[123.44765083511074,9.768761691066508],[123.44749428529381,9.768652866209706],[123.44728911194423,9.768539166903714],[123.44720914415713,9.76849754093311],[123.44706315326302,9.768403236403614],[123.44705012914163,9.76832586025632],[123.44706425342594,9.768277264034923],[123.44713332935551,9.76811422873333],[123.44718507492223,9.767962738794738],[123.44719438446351,9.767794916073345],[123.44715513437602,9.76765845993075],[123.44709597492621,9.767526262723855],[123.44703744745954,9.767409150797365],[123.44696888585422,9.767363068957666],[123.44682159307303,9.767403790422062],[123.44676209306454,9.76743383272796],[123.44668309563963,9.767524109430653],[123.44662437287352,9.767582523095955],[123.44640545013051,9.76769545869805],[123.44635386762991,9.76774443865315],[123.44627764785153,9.767847446195743],[123.44618970004294,9.767943794298036],[123.44609974294961,9.767978769451238],[123.44585044449832,9.768023052000531],[123.44558334119392,9.768071120160931],[123.44545105109803,9.768083602763836],[123.44534858653653,9.768114813512732],[123.44523496045471,9.768213646015123],[123.44514872106211,9.768344405721923],[123.44518134092573,9.768474729619317],[123.44526251868241,9.76863453818511],[123.44528680710421,9.7688028505636],[123.44523016773392,9.768886974620901],[123.44512166729183,9.768926713066696],[123.44497995733003,9.768905661992395],[123.44482323737023,9.7688604004183],[123.44465410113322,9.768906748031698],[123.44442633401452,9.76905310413269],[123.44420097777432,9.769181829328382],[123.44398725331914,9.769282600933584],[123.44377576946663,9.769451175659869],[123.44363479455632,9.769582494767377],[123.44350996291541,9.769674729846669],[123.44339259963762,9.76968569085247],[123.44323235813853,9.769700343519762],[123.44310640819523,9.769746181929664],[123.44296605673802,9.769847996995251],[123.44286244118751,9.769939562082255],[123.44278170868984,9.770042855145748],[123.44268512837351,9.770201330852345],[123.44259494019302,9.770392683811231],[123.44254408382282,9.770527539251033],[123.44248641315211,9.77061166422632],[123.44235360372872,9.770724729581218],[123.44224268219953,9.77081883643191],[123.44219182756213,9.770864007138414],[123.44215704702222,9.770919675641519],[123.44216253814362,9.770993814840809],[123.44217660936823,9.771080505622699],[123.44217058193802,9.7711588473624],[123.44211187753133,9.771233630714596],[123.44199485507112,9.771337477236495],[123.44186259391164,9.771473207073491],[123.44181590703522,9.771565457681382],[123.44178350716162,9.771646782140385],[123.44171525433742,9.771704999362681],[123.44164198835851,9.771787335559873],[123.44160888312142,9.771874512674277],[123.44154778140933,9.772045441464666],[123.44143959238072,9.772212560308756],[123.44135027015672,9.77234515915115],[123.44128627176751,9.77244505660935],[123.44122054989431,9.772547644245241],[123.44115895685994,9.772626137658339],[123.44099029768122,9.772795650138232],[123.44091416197021,9.772907140147328],[123.44085673145761,9.773057931141421],[123.44080611055053,9.77329556708231],[123.44076828854082,9.773423142710401],[123.44070629003262,9.773526329654702],[123.44058881419161,9.773642720960497],[123.44047984734082,9.773710740580691],[123.44028418081642,9.773795713119688],[123.44008144733081,9.773835273499987],[123.43983563783023,9.773839498543387],[123.43964044860722,9.773874329491893],[123.43956465092613,9.773901414261982],[123.43939951496613,9.773904804258724]]}},{"type":"Feature","properties":{"ID":"122802","Name":"","Descriptio":"","brgy":"","OBJECTID":"0","NPAAAD":"","ORIG_FID":"0","Shape_Leng":"0.000000","Shape_Area":"0.000000","AGENCY":"","APPROVED_B":"","ATTESTED_B":"","PREPARED_B":"","YEAR":""},"geometry":{"type":"LineString","coordinates":[[123.47642965156933,9.864027280224654],[123.47649408491058,9.864045004547146],[123.47655890092199,9.86405648973665],[123.47664260548889,9.863984351281152],[123.4767157820089,9.863875172981354],[123.4767776429451,9.863731189912157],[123.4768541122672,9.863511304073771],[123.4769189269318,9.863313873733782],[123.4770658874706,9.863178362410085],[123.47728531291601,9.863031479231088],[123.4775258954091,9.862885108625594],[123.47768030719119,9.862796707566599],[123.47791027857251,9.862713544602503],[123.4780670286784,9.86251317100711],[123.4783515116142,9.86233354485552],[123.47855081818,9.862123388022926],[123.47874089066369,9.86186049754104],[123.47889362767,9.86169665037145],[123.47907512572398,9.861635922142655],[123.4792829414915,9.861607508066255],[123.4794270025434,9.86160121650935],[123.47961729466749,9.861498509719354],[123.47982214135548,9.861312266611364],[123.4801879242553,9.861182330571078],[123.48053197785501,9.861150719069673],[123.4808324783136,9.861200333273471],[123.48109288742211,9.861357252245664],[123.48120541156341,9.861403819750164],[123.4813321586064,9.861399138990057],[123.48146992817121,9.861365740593664],[123.4814911369489,9.861266095891667],[123.48136665145358,9.861033806700878],[123.481251077191,9.860733970600885],[123.4811643426236,9.860603439675993],[123.48093588539871,9.860377439673702],[123.4807833627918,9.860208527756715],[123.48072234709409,9.860183299569211],[123.4806141578114,9.860212332309413],[123.4803214459071,9.860218031058206],[123.48009340645051,9.860269465246809],[123.4798482609506,9.860199855957807],[123.4796446579888,9.860144441324215],[123.4795378415623,9.860105566793113],[123.4793939559002,9.859939906940221],[123.479191330238,9.859592303856536],[123.47904677387218,9.85951392276814],[123.47901750884209,9.859455863408243],[123.47905233647599,9.859344166068444],[123.47902934563999,9.859250268515051],[123.47889478994149,9.859055689421261],[123.478798808199,9.858784413700073],[123.47875465385181,9.858560294014982],[123.4787524130493,9.858356130005989],[123.47876593297208,9.857958548264008],[123.4788896543572,9.857602106660119],[123.4790591124979,9.857238138504936],[123.47921936741268,9.856863022612055],[123.479302682773,9.856730142263856],[123.4794621052104,9.856388337797574],[123.47946536872662,9.856324787547079],[123.4794381314166,9.85627182633698],[123.4792080674447,9.856072734145783],[123.4791751041806,9.85603025440129],[123.4791670563763,9.855957485924593],[123.47923094627859,9.855633039424008],[123.4792308559984,9.855570505091407],[123.47917599338109,9.855513440761612],[123.47909330584379,9.85551355813501],[123.4788389988254,9.855642339760601],[123.4787144536959,9.855644741333506],[123.4785120982699,9.855734594495999],[123.47841225971598,9.855741487629901],[123.4783356429354,9.855705984075305],[123.4782578950493,9.855447507133913],[123.47826791194458,9.855025438176433],[123.4782596829608,9.854952724186335],[123.47824987956052,9.854870949983537],[123.478242898351,9.854834411640041],[123.4782034412886,9.854777017801142],[123.47808283913228,9.854661011183545],[123.4779570263763,9.854500419614158],[123.4778912965245,9.854393246626755],[123.4777361163102,9.85414776732907],[123.4776914066765,9.85405645547757],[123.4776256753343,9.85391642428848],[123.47755391320538,9.853751231170788],[123.4775309520461,9.85366157077729],[123.477551204808,9.85361002548079],[123.4776167536456,9.853544641551395],[123.47774499767809,9.853442475946897],[123.4779230593889,9.853306178736803],[123.47803517031768,9.85321135275081],[123.4781618781799,9.853016665421316],[123.4782701348871,9.852859854812028],[123.4782767964564,9.852778988841928],[123.47825287433818,9.852667451564534],[123.4782480290277,9.852623258663435],[123.47825756769738,9.852578918767641],[123.4782984523838,9.852527363266834],[123.4783633694775,9.852509100217336],[123.47845828923779,9.852508341661837],[123.47855085943858,9.852511855346338],[123.4786264407867,9.852477424886539],[123.47864583833909,9.852418627171739],[123.4786302153041,9.852373463721543],[123.47850687418769,9.852219441335155],[123.478415150217,9.852084123050059],[123.47831533728498,9.85194849059547],[123.4782396623363,9.851848173478064],[123.47806986933792,9.851793528552866],[123.4778818133147,9.851738732715372],[123.47772318426782,9.851598453104774],[123.47759870926949,9.851469756149681],[123.4775639513718,9.851422494280586],[123.4775515872812,9.851391390134388],[123.4775633278578,9.851334547837485],[123.47764806678789,9.851231204743193],[123.47771092442069,9.851130723467696],[123.47774283113588,9.851048483215202],[123.47781277569739,9.850900961243108],[123.47784267288979,9.850788696561812],[123.47783258298038,9.850596337372822],[123.4778462538359,9.850482829440725],[123.4778924550449,9.85043535354583],[123.477954836498,9.85041035710603],[123.4783364332997,9.850301836249233],[123.47853133971499,9.85030679569436]]}},{"type":"Feature","properties":{"ID":"122803","Name":"","Descriptio":"","brgy":"","OBJECTID":"0","NPAAAD":"","ORIG_FID":"0","Shape_Leng":"0.000000","Shape_Area":"0.000000","AGENCY":"","APPROVED_B":"","ATTESTED_B":"","PREPARED_B":"","YEAR":""},"geometry":{"type":"LineString","coordinates":[[123.43412913936852,9.778562646973517],[123.43431570909553,9.778744510582474],[123.43440145363873,9.778836943845173],[123.43443654775993,9.77892778665777],[123.43445034019243,9.779088886804464],[123.43451141697011,9.779206811661057],[123.43459027358132,9.779322199426652],[123.43468305600723,9.779446432927447],[123.43486092171173,9.779581248140842],[123.43501103592001,9.779676339375843],[123.43514969821481,9.779779440482633],[123.43521435631493,9.779800123781632],[123.43527210796272,9.779793881551432],[123.43539415510442,9.77976930530514],[123.43550163141563,9.779783937255631],[123.43558672887711,9.779832026106938],[123.43562760811584,9.779915969496036],[123.43562055895853,9.779996564526726],[123.43554371063163,9.780092760188419],[123.43543453410614,9.780140102968222],[123.43516490605343,9.78021664758061],[123.43498799071622,9.780367816686013],[123.43486624227441,9.780515758644706],[123.43481738871174,9.7806025302169],[123.43477366330733,9.780792537563293],[123.43473538347301,9.78103816127858],[123.43473997767612,9.781204808345175],[123.43473573871393,9.78133747768127],[123.43474260485212,9.781481420284669],[123.43470973888763,9.78155199993206],[123.43463638958481,9.781709517417953],[123.43459267912732,9.781826766057547],[123.43452693705692,9.78195250455814],[123.43451029588383,9.782034278562133],[123.43451241156211,9.782140466683135],[123.43450313757653,9.78224797175953],[123.43445502843292,9.782406889866921],[123.43439414360472,9.782605041004015],[123.43434630730681,9.78268204321501],[123.43423237139831,9.782815404391801],[123.43409751467372,9.782917254270703],[123.43393783948491,9.7830110771794],[123.43385650426161,9.783114631354394],[123.43387622443583,9.783271509212689],[123.43396376065111,9.78340802285358],[123.43405273949423,9.783496798049375],[123.43412608277583,9.78362237694117],[123.43426625918121,9.783744406416867],[123.43439501762754,9.783810836134458],[123.43443466244833,9.783849821288362],[123.43444554711601,9.783934915592257],[123.43438015951173,9.784011668908455],[123.43428759069502,9.78405498345615],[123.43417155667333,9.784100209197447],[123.43404479835071,9.78411360310655],[123.43394933117632,9.784112965267353],[123.43385237934054,9.784126927029352],[123.43370830116854,9.784191887210142],[123.43362303935082,9.784258228458544],[123.43355475128752,9.784396415192239],[123.43357015656403,9.784542671342034],[123.43358796735511,9.784653841020427],[123.43357728373691,9.784740545647526],[123.43353995083372,9.784884065288917],[123.43350908389571,9.785002727594915],[123.43348903525572,9.785128131246607],[123.43349645040432,9.785253450650908],[123.43358661146561,9.78546043531759],[123.43360119477383,9.785564825771795],[123.43357786385474,9.785659813152785],[123.43355180237782,9.785870428183173],[123.43356727547811,9.785971172590969],[123.43358637898572,9.786125663491267],[123.43366699679564,9.786269123074456],[123.43377604766712,9.786335456031752],[123.43382037000471,9.786337424847837]]}},{"type":"Feature","properties":{"ID":"122804","Name":"","Descriptio":"","brgy":"","OBJECTID":"0","NPAAAD":"","ORIG_FID":"0","Shape_Leng":"0.000000","Shape_Area":"0.000000","AGENCY":"","APPROVED_B":"","ATTESTED_B":"","PREPARED_B":"","YEAR":""},"geometry":{"type":"LineString","coordinates":[[123.52128077855086,9.825050943439152],[123.52130904952756,9.825279150395897],[123.52151448117947,9.825496883334392],[123.52159311974573,9.825534323209986],[123.52198198352237,9.825579913138084],[123.52221392829755,9.825419109320189],[123.52234179009514,9.825386822838697],[123.52265047959604,9.825415423862493],[123.52301721047584,9.825492719948286],[123.52334180941034,9.825646532320375],[123.52371149580684,9.82570790507737],[123.52405444910455,9.825742601919682],[123.52440692959254,9.82577222788358],[123.52468702985405,9.825773168592676],[123.52512934993595,9.825610245932987],[123.52545416142743,9.825512099574189],[123.52566453611995,9.825440096834193],[123.52617498127644,9.825297154467794],[123.52637422572045,9.825300806134793],[123.52680221520394,9.825388087229895],[123.52728761225055,9.825385359875991],[123.52751304583136,9.825411707460088],[123.52771515238676,9.825359821843694],[123.52794115109074,9.825289367071294],[123.52807973710766,9.8251856298141],[123.52818716453045,9.825060732225504],[123.52828945021515,9.824823602816515],[123.52853101672503,9.824628990310028]]}},{"type":"Feature","properties":{"ID":"122805","Name":"","Descriptio":"","brgy":"","OBJECTID":"0","NPAAAD":"","ORIG_FID":"0","Shape_Leng":"0.000000","Shape_Area":"0.000000","AGENCY":"","APPROVED_B":"","ATTESTED_B":"","PREPARED_B":"","YEAR":""},"geometry":{"type":"LineString","coordinates":[[123.53203693694243,9.825306244023595],[123.53214259529484,9.825504175223589],[123.53251077218265,9.825702769799376],[123.53271237615706,9.825912922450767],[123.53281698049335,9.82623025787156],[123.53300438035374,9.826472612281849],[123.53311771759662,9.826693566846634],[123.53317330177573,9.826945417213228],[123.53326358423574,9.827226950541919],[123.53343278670384,9.827687979169],[123.53346456504606,9.827855438475988],[123.53345815172794,9.828008143421485],[123.53340064825125,9.82830029243517],[123.53333604393474,9.828577375790056],[123.53326257997524,9.828807723133144],[123.53313978822635,9.829064159571038],[123.53309707553413,9.82949213054642],[123.53304626198604,9.82965530636381],[123.53292883206849,9.830216996246609]]}},{"type":"Feature","properties":{"ID":"122806","Name":"","Descriptio":"","brgy":"","OBJECTID":"0","NPAAAD":"","ORIG_FID":"0","Shape_Leng":"0.000000","Shape_Area":"0.000000","AGENCY":"","APPROVED_B":"","ATTESTED_B":"","PREPARED_B":"","YEAR":""},"geometry":{"type":"LineString","coordinates":[[123.4666789581764,9.865971269458742],[123.4666122132153,9.86593590646997],[123.4665004836053,9.865950595352867],[123.4664738036934,9.865990915853368],[123.4664097091271,9.866015251600762],[123.4663400502443,9.866001266722966],[123.4662501865761,9.86592426066697],[123.46613521465389,9.865793638132072],[123.466089145072,9.865741648478277],[123.4660249538781,9.865728155589474],[123.46583055589969,9.865758659504476],[123.46569670106899,9.865771461278277],[123.4654250299089,9.865809741292571],[123.4652418461345,9.865842707547573],[123.46512305840099,9.865843762608671],[123.46503308572079,9.86588276358357],[123.46495814603098,9.865935740279372],[123.46491972981849,9.86601386420266],[123.4649120154421,9.86611643793236],[123.4649233192782,9.866280306227951],[123.4649083998766,9.866336804331752],[123.4648568526434,9.86637248758535],[123.4645437419301,9.866332612898056],[123.4644622442817,9.866341204259653],[123.46441307407291,9.866369924534549],[123.4643281031424,9.866451323265446],[123.4641738324112,9.866529742299544],[123.46401186607319,9.866629905466137],[123.46379261470528,9.866786746999834],[123.4636816990455,9.866839221205622],[123.4635663560644,9.866872056325027],[123.46352651788608,9.866932231925222],[123.4635213525019,9.86701266841372],[123.4635139419369,9.867086272604118],[123.4635232306745,9.867146594796619],[123.4636017231693,9.867208539348013],[123.4636954361127,9.867248613600013],[123.46372907050579,9.86728760282051],[123.46376805246548,9.867410851030906],[123.46379831517069,9.867599890895695],[123.46381646020599,9.867853985452486],[123.46383303678472,9.868112161168671],[123.463889369077,9.86842783146736],[123.4639290241019,9.868619987727252],[123.4639747835557,9.868709834775155],[123.46405879297629,9.869035678014036],[123.46407691292659,9.869272922908026],[123.46408127292959,9.869447780632319],[123.46411067796821,9.869588732730415],[123.4642669049389,9.8698673643545],[123.46428110984961,9.869974529536098],[123.4642484210142,9.870229290957482],[123.4643460412598,9.870347719036577],[123.4644294444211,9.870507164771771],[123.4645506865719,9.87085032168226],[123.46464153947969,9.870942620780651],[123.46483431444679,9.871050000956746],[123.46494963964889,9.871164225921541],[123.4651695516075,9.87138222621594],[123.4653287290298,9.87154391862403],[123.46544690637329,9.87163915534872],[123.4656687378456,9.871864867470913],[123.4658854312004,9.872099115365405],[123.46598300321979,9.872279722948095],[123.46606379666369,9.872415982074589],[123.4661903187085,9.872529160022582],[123.46643361084628,9.872761055363178],[123.4664513180507,9.872817042568673],[123.46642516411109,9.872870485710672],[123.46633929584729,9.87291969733617],[123.4662407834813,9.873021980647264],[123.46615151209501,9.873271420959059],[123.46613399154579,9.87339736980775],[123.466172702219,9.873633211222737],[123.4663499751718,9.874013507299024],[123.46639358121979,9.874115919520921],[123.46647399660989,9.87435504051401],[123.466545159851,9.874456039814103],[123.4666916303047,9.874667321173693],[123.4667204899952,9.874790953742488],[123.46670607018862,9.87510756240758],[123.4665509430138,9.875219653147674],[123.4664786120708,9.875350899318567],[123.46647673128729,9.875506932465361],[123.46654824018978,9.875570173788663],[123.46672593196949,9.875656247001356],[123.46693371641891,9.875717478779249],[123.4670926046092,9.875815516402147],[123.4672404645927,9.87594720565404],[123.46732387552699,9.876050954886137],[123.46750968734318,9.876383457003723],[123.4675231517245,9.876526501935023],[123.4674763106833,9.876614677056711],[123.4674599340848,9.87670366006601],[123.46747543930698,9.876763069008705],[123.4675531269972,9.876827546926004],[123.46785924516931,9.876959874921598],[123.4680750242001,9.87734066806678],[123.4681523499005,9.87760507178867],[123.4682405561467,9.877649004226065],[123.4684178614866,9.877649065195468],[123.46852744540921,9.877695174645464],[123.4686574061715,9.877791887751963],[123.46886144001611,9.878134392063052],[123.46905941599981,9.878636050844928],[123.46914626578179,9.878711757723417],[123.4693097577632,9.878774578113724],[123.46939549936849,9.87886437756802],[123.4694970297786,9.87905819216601],[123.4697164428725,9.879405370190392],[123.4697295664832,9.879657806864282],[123.46977699221972,9.87973311632978],[123.46989001140219,9.879799425579979],[123.47008863063171,9.879893363370774],[123.47050839066482,9.880100534891262],[123.47091105976979,9.880179535156264]]}},{"type":"Feature","properties":{"ID":"122807","Name":"","Descriptio":"","brgy":"","OBJECTID":"0","NPAAAD":"","ORIG_FID":"0","Shape_Leng":"0.000000","Shape_Area":"0.000000","AGENCY":"","APPROVED_B":"","ATTESTED_B":"","PREPARED_B":"","YEAR":""},"geometry":{"type":"LineString","coordinates":[[123.42259383766913,9.786275512143154],[123.42268790663312,9.78641520434695],[123.42286906061473,9.786639444265441],[123.42304028454193,9.786827319639835],[123.42317125009991,9.78695889810213],[123.42328797912691,9.787122764857921],[123.42343413784812,9.787347889159912],[123.42358411150082,9.78748130691441],[123.42371021870343,9.787649132327402],[123.42391135805043,9.787761331141889],[123.42402397948732,9.78782710659379],[123.42414942837232,9.787860287873688],[123.42439200534251,9.78789836059119],[123.42456837231641,9.787943841878587],[123.42479734491123,9.787981669463186],[123.42501657907233,9.788017301324283],[123.42522337665072,9.788198754664677],[123.42527431138284,9.788209797503477],[123.42544590889302,9.788126391813375],[123.42560163195023,9.787986261035782],[123.42575395277633,9.787768062748498],[123.42590543277632,9.7876308042495],[123.42611028221323,9.787491959295508],[123.42623230085151,9.787319192909413],[123.42627798891732,9.787245965986216],[123.42630978046921,9.787173353426622],[123.42637164357993,9.78715950111002],[123.42643360428002,9.78719285165062],[123.42662121101414,9.787328138212914],[123.42683163919712,9.787446898919406],[123.42708526805802,9.7875738808649],[123.42735987466301,9.787752100169097],[123.42764528331122,9.787919732681093],[123.42836541180424,9.788216297472573],[123.42870013645162,9.788363453556768],[123.42903030731773,9.788424376243865],[123.42925458237181,9.788479951474864],[123.42961996979201,9.788439612680166],[123.42994830536193,9.788410345565165],[123.43021216458162,9.788339464885171],[123.43037653250502,9.78833241007607],[123.43063109338863,9.78834828613337],[123.43097804664643,9.788438724799569],[123.43136694505031,9.788521711495262],[123.43156782410891,9.788527951027763],[123.43176772344303,9.788489221264262],[123.43180334275233,9.788454065464464],[123.43181310252422,9.788359059261968],[123.43174710035123,9.788231498894573],[123.43172176332332,9.788159636799081],[123.43173607712552,9.788097338566082],[123.43185289993482,9.78785741283559],[123.43202334257931,9.787688363521502],[123.43205661149321,9.787633783219999],[123.43205049030372,9.78746795206891],[123.43207874024952,9.787408277079512],[123.43212957365031,9.787395902947807],[123.43219982679972,9.78743109597491],[123.43232828451123,9.787539836712602],[123.43244113350471,9.787643962989105],[123.43254617212561,9.787697683430503],[123.43262475514763,9.7876942369413],[123.43271695405043,9.787640341276594],[123.43277364539944,9.787582141551306],[123.43284847084843,9.787542457597207],[123.43300086932392,9.787533843050806],[123.43305502860433,9.787521102765403],[123.43310066042561,9.787485861721306],[123.43321353171082,9.787334395256513],[123.43338247243773,9.787187804561524],[123.43348495912623,9.78708454909502],[123.43355186066711,9.787022492940126],[123.43358936403392,9.786948785423633],[123.43358753667893,9.786914784281581]]}},{"type":"Feature","properties":{"ID":"122808","Name":"","Descriptio":"","brgy":"","OBJECTID":"0","NPAAAD":"","ORIG_FID":"0","Shape_Leng":"0.000000","Shape_Area":"0.000000","AGENCY":"","APPROVED_B":"","ATTESTED_B":"","PREPARED_B":"","YEAR":""},"geometry":{"type":"LineString","coordinates":[[123.4672336776416,9.776570524183104],[123.4671809047988,9.77664804220217],[123.4670934884247,9.77679167893576],[123.46695003996439,9.776935365440456],[123.4668394679015,9.777050037525251],[123.4666244671679,9.777160936626546],[123.46646847183489,9.777217551533646],[123.46639654923692,9.77727740657664],[123.466360871342,9.777352695940639],[123.4663163724029,9.777493904008828],[123.4662472150964,9.777581810990633],[123.4661263856448,9.777629025624224],[123.4659823072313,9.777657441608127],[123.46582983540411,9.777654910011128],[123.4657011081339,9.777639457551228],[123.4655427672311,9.777632484013225],[123.46533480073599,9.777636856678827],[123.46521156175082,9.777625421285329],[123.46512927631059,9.777684720449123],[123.46512473216609,9.777716418279324],[123.46516071342542,9.77777059031472],[123.4652924483636,9.777822469750417],[123.4654275133379,9.777844253821517],[123.4656659529301,9.777931938600414],[123.4658070407004,9.777967009554912],[123.4660599774736,9.778024728152806],[123.46630839755178,9.778086595091608],[123.46639178336119,9.778064548061408],[123.4664968818328,9.77803127425201],[123.46655867149241,9.778043435165408],[123.46658227639382,9.778084482948904],[123.4666362709866,9.778270325738802],[123.466647854208,9.778402141147394],[123.46662149445119,9.778564054140588],[123.46660926730141,9.778786500057379],[123.4666247599834,9.778992573736067],[123.46664092103438,9.779182294203459],[123.4667514121447,9.779467909689041],[123.4667228985833,9.779572882046143],[123.4666726660451,9.779749362163136],[123.46667304232601,9.779971408192726],[123.4666782749651,9.780101317598424],[123.46667012307068,9.78024425756161],[123.4666540433176,9.7804926933291],[123.46672625484258,9.780917265323085],[123.46673230273998,9.781064852701785],[123.4667366779823,9.781257248368773],[123.46674668724269,9.781369195343164],[123.46677374503439,9.78152057965816],[123.4668269153117,9.781641177132055],[123.4668726680562,9.781715423153553],[123.4669918483656,9.78186996404415],[123.46708962927569,9.782077326489034],[123.46717765907168,9.782409840697923],[123.4672243929477,9.782698066906606],[123.46728157952319,9.782883480020102],[123.46738990876351,9.783039880708694],[123.46754511904919,9.783200666727287],[123.46766313544198,9.783345802752079],[123.4677294063476,9.783481956486472],[123.46775875409548,9.783601193711672],[123.46778289717439,9.783831892290461],[123.4678281841773,9.784029748664556],[123.4679336756523,9.784238999499744],[123.46803074273778,9.784367323524133],[123.4681429766254,9.784493311259833],[123.468227928292,9.784635182333528],[123.46827514783709,9.784926148091513],[123.46827202881398,9.785126929096906],[123.46823486159579,9.785463341654891],[123.4681786666078,9.785672317649082],[123.46812174068678,9.78589657063797],[123.468097003952,9.786057595084065],[123.4679769494159,9.78624801848796],[123.4676680016204,9.786441261425049],[123.46746996195691,9.78659213226985],[123.46747309613329,9.786674459163038],[123.4675257843977,9.786731228039233],[123.4677600712697,9.786869830363932],[123.46792755328718,9.786990306377128],[123.46800847548101,9.787103675052824],[123.46804307195198,9.78722208194072],[123.46804640857918,9.787434575575409],[123.4680403404388,9.78782150345799],[123.4679557741378,9.787976218786707]]}},{"type":"Feature","properties":{"ID":"122809","Name":"Path Measure","Descriptio":"","brgy":"","OBJECTID":"0","NPAAAD":"","ORIG_FID":"0","Shape_Leng":"0.000000","Shape_Area":"0.000000","AGENCY":"","APPROVED_B":"","ATTESTED_B":"","PREPARED_B":"","YEAR":""},"geometry":{"type":"LineString","coordinates":[[123.51878394832072,9.751411798644938],[123.51834511966727,9.752090111840612],[123.51829614468548,9.752106915884061],[123.51820197236029,9.752127731937696],[123.51814314385638,9.752147135236427],[123.51808332231985,9.752176809792612],[123.51805481278417,9.752175606937577],[123.51799529643397,9.752142598676175],[123.51793416846988,9.752100644054071],[123.51776973038638,9.751953223152778],[123.5176981821539,9.751889427121188],[123.51748632611259,9.751725298766065],[123.51746696777438,9.751695763952984],[123.51745998459249,9.751586700154991],[123.51746260003738,9.751515786014737],[123.51743894273778,9.751461200893532],[123.51737489908287,9.751407442515076],[123.51733371848006,9.751397991321047],[123.51729261742017,9.751413651515799],[123.51722695699847,9.75143537928718],[123.51717425030459,9.751430313797385],[123.51710264202518,9.751369618207823],[123.51707833872938,9.751309313048973],[123.51706243778845,9.751249189421051],[123.51702630697706,9.751212670298447],[123.51696776864027,9.751185154418353],[123.51686880684257,9.751123875168018],[123.51655640245227,9.750837124125521],[123.51632531851637,9.750597503223423],[123.51608025065086,9.750330372934998],[123.51578919769098,9.750055332468524],[123.51571297111597,9.749978791182446],[123.51549667180137,9.749737395745825],[123.51535594496097,9.74959148215532],[123.51527359755487,9.749539029053693],[123.51519835101008,9.74950648933347],[123.51503376379497,9.749450389431397],[123.51485096783517,9.749403998491807],[123.51472213034079,9.749379247270152],[123.51462454931988,9.749363600151261],[123.51456980390827,9.74933185958081],[123.51451101017567,9.74928603937188],[123.51443511401378,9.749176898552165],[123.51439875620586,9.74909255561547],[123.51439371652667,9.74905827674342],[123.51443453117737,9.748949834570157],[123.51445946997896,9.748881729467712],[123.51446294902827,9.748840011802672],[123.51443441407687,9.748780529301806],[123.51428037877908,9.748525255953849],[123.51402132842647,9.748162779083163],[123.51379914258025,9.747824049601505],[123.51364340034658,9.747615031995458],[123.51345223806486,9.747385956868905],[123.51331929584768,9.74724320770347],[123.51324164690575,9.747180669200192],[123.51313488358598,9.747096230970275],[123.51307246843027,9.74704743043241],[123.51302739363317,9.747005837320208],[123.51301282567556,9.746973731983932],[123.51300374634577,9.746939000233773],[123.51300509475158,9.746903076146921],[123.51303008559256,9.74686080560033],[123.51308007810836,9.746815616956047],[123.51315143453007,9.746761100427355],[123.51320954422837,9.746714672680302],[123.51326288743246,9.746684597998012],[123.51333574450058,9.746643304767138],[123.51342763356246,9.746581516172029],[123.51355638984305,9.746460895378094]]}},{"type":"Feature","properties":{"ID":"122810","Name":"Path Measure","Descriptio":"","brgy":"","OBJECTID":"0","NPAAAD":"","ORIG_FID":"0","Shape_Leng":"0.000000","Shape_Area":"0.000000","AGENCY":"","APPROVED_B":"","ATTESTED_B":"","PREPARED_B":"","YEAR":""},"geometry":{"type":"LineString","coordinates":[[123.51471573472942,9.747749822494177],[123.51493778228397,9.747518658078135],[123.51501182420309,9.747453845797487],[123.51516842887399,9.747381649507062],[123.51534479686607,9.747292712853469],[123.51549498879707,9.747182371939703],[123.51559866270287,9.747094680189484],[123.51565153546376,9.747039230772728],[123.51566932053136,9.747016642565596],[123.51567413705467,9.746986596412974],[123.51566458555075,9.746963082460775],[123.51562395530988,9.746906284945513],[123.51555604742956,9.746848955419154],[123.51550467504649,9.746818036162026],[123.51544917461486,9.746815305808974],[123.51538534540038,9.746815610603129],[123.51535541629917,9.746810402817504],[123.51532398920338,9.746798958608785],[123.51529086886818,9.746782203267063],[123.51520436509388,9.74667390346586],[123.51513717396597,9.746581704202423],[123.51507414509707,9.746516586720817],[123.5150209256686,9.746496724621121],[123.51493605479146,9.74649731505553],[123.51478296775848,9.746507473522158],[123.51469489907568,9.746516960801896],[123.51462235784778,9.74654237950076],[123.51432410592527,9.74665941048539],[123.51418108024338,9.746725394671031],[123.5141063224004,9.746766715346878],[123.51393633565286,9.74688961205391]]}},{"type":"Feature","properties":{"ID":"122811","Name":"","Descriptio":"","brgy":"","OBJECTID":"0","NPAAAD":"","ORIG_FID":"0","Shape_Leng":"0.000000","Shape_Area":"0.000000","AGENCY":"","APPROVED_B":"","ATTESTED_B":"","PREPARED_B":"","YEAR":""},"geometry":{"type":"LineString","coordinates":[[123.4527778329948,9.813317454607256],[123.45283816656318,9.813244488276911],[123.45284169030109,9.813157982861311],[123.45287247683392,9.812909410468624],[123.45292432207191,9.812720059843533],[123.4530062260173,9.812470795065042],[123.45307602816959,9.812183388090558],[123.4531709090473,9.811880382151372],[123.4532184881708,9.811812512619666],[123.4534195952311,9.811680719915774],[123.4536183442185,9.811550458757685],[123.4537569168385,9.81137927974609],[123.45387628912201,9.811254189552892],[123.4539713513008,9.811179527309596],[123.45404087300389,9.811155533362937]]}},{"type":"Feature","properties":{"ID":"122812","Name":"","Descriptio":"","brgy":"","OBJECTID":"0","NPAAAD":"","ORIG_FID":"0","Shape_Leng":"0.000000","Shape_Area":"0.000000","AGENCY":"","APPROVED_B":"","ATTESTED_B":"","PREPARED_B":"","YEAR":""},"geometry":{"type":"LineString","coordinates":[[123.45069771145369,9.832545062674532],[123.45084312738669,9.832638983401786],[123.4508929249325,9.832713126327082],[123.45101518588729,9.832926682489576],[123.4511588392654,9.833106953815468],[123.45124654702329,9.833234200043758],[123.45132703564131,9.833359321401453],[123.4513868456546,9.833486460097348],[123.4514517404651,9.833692658118437],[123.451572025917,9.833990854143824],[123.4515458203318,9.834099403807922],[123.45140396671012,9.83427080359201],[123.4513732635453,9.834395024143008],[123.4514576560297,9.8345560012711],[123.45158297202438,9.834698192790201],[123.4516330136095,9.834765660485193],[123.4516879088745,9.834916556250082],[123.45176178055941,9.835083073460883],[123.45186082849239,9.835219077400177],[123.45203151856809,9.835453062990466],[123.4521770195124,9.835746087798556],[123.45230315588428,9.835888097024245],[123.45240357783568,9.835971225405242],[123.4525128465279,9.836072240774437],[123.45257058368549,9.836143731809837],[123.452660742533,9.836431928362027],[123.4527847991579,9.836683635440702]]}},{"type":"Feature","properties":{"ID":"122813","Name":"","Descriptio":"","brgy":"","OBJECTID":"0","NPAAAD":"","ORIG_FID":"0","Shape_Leng":"0.000000","Shape_Area":"0.000000","AGENCY":"","APPROVED_B":"","ATTESTED_B":"","PREPARED_B":"","YEAR":""},"geometry":{"type":"LineString","coordinates":[[123.43151431776282,9.744610915740836],[123.43161563207963,9.744683649835927],[123.43191261484631,9.744744197585021],[123.43225315857411,9.744886777473218],[123.43258509096111,9.745059458864914],[123.43277732444993,9.7453439168013],[123.43294085190043,9.745662382049789],[123.43315210429802,9.74591058347588],[123.43316210244274,9.74608812267787],[123.43322916369293,9.746429013858055],[123.43357200896693,9.746656969141444],[123.43381360947552,9.746772711530738],[123.43396738494474,9.746838621940435],[123.43431326240821,9.746955777901933],[123.43441817996573,9.747043791656127],[123.43455912879323,9.747133089013523],[123.43469085744971,9.747210441279924],[123.43483417994722,9.747278155405416],[123.43492590898333,9.74734878425572],[123.43498711466871,9.747433000606211],[123.43503571585372,9.747498284870112],[123.43507423736563,9.747620824382603],[123.43507538212911,9.747713402036604],[123.43504258687203,9.74785798340989],[123.43504678727291,9.74792276353429],[123.43507341497892,9.747988030588687],[123.43512476635861,9.748056377398482],[123.43522103947264,9.748197836581882],[123.43526609394223,9.74826038124898],[123.43527660715361,9.748345244669473],[123.43525381994131,9.748415965258273],[123.43516551788582,9.748485412765064],[123.43503897631933,9.748577574444564],[123.43486959438172,9.74871058122346],[123.43480507547552,9.74877715835836],[123.43473364106211,9.74888174008035],[123.43470314070642,9.748942087424247],[123.43463240455281,9.74911139945044],[123.43465252568333,9.749217827124832],[123.43470721736882,9.749289389560825],[123.43475465584733,9.749373306921424],[123.43476637604212,9.749456980384224],[123.43477398999403,9.749675231621916],[123.43479050265691,9.749783834552112],[123.43478183319252,9.749868846022117]]}},{"type":"Feature","properties":{"ID":"122814","Name":"","Descriptio":"","brgy":"","OBJECTID":"0","NPAAAD":"","ORIG_FID":"0","Shape_Leng":"0.000000","Shape_Area":"0.000000","AGENCY":"","APPROVED_B":"","ATTESTED_B":"","PREPARED_B":"","YEAR":""},"geometry":{"type":"LineString","coordinates":[[123.4671438576364,9.774976400064403],[123.4671535473846,9.77490980758694],[123.4672925779556,9.77476856908235],[123.46754793560558,9.774414690366164],[123.4677309892671,9.774179600667571],[123.4679231030392,9.773822426022788],[123.46808900769399,9.773607311701397],[123.46824517653319,9.773301947496915],[123.46835593192289,9.772980591911727],[123.46839897535239,9.77284076705866]]}},{"type":"Feature","properties":{"ID":"122815","Name":"Path Measure","Descriptio":"","brgy":"","OBJECTID":"0","NPAAAD":"","ORIG_FID":"0","Shape_Leng":"0.000000","Shape_Area":"0.000000","AGENCY":"","APPROVED_B":"","ATTESTED_B":"","PREPARED_B":"","YEAR":""},"geometry":{"type":"LineString","coordinates":[[123.55625623995631,9.824799904778247],[123.55623499177852,9.824730843600348],[123.55624029546973,9.824691012723395],[123.55625726426894,9.824659824909185],[123.55631309882841,9.824612738674194],[123.55640647378871,9.824551611494547],[123.55642431739733,9.824537291177425],[123.55644585840551,9.824504819539417],[123.55645129696642,9.824469025946195],[123.55644213377212,9.824449099464829],[123.55636123952293,9.824283264756257],[123.55633846034351,9.824231800403743],[123.55633351502892,9.8241550485731],[123.55633738493341,9.824107963704488],[123.55635514108542,9.824073898847963],[123.55640670530671,9.824035885683324],[123.55658281552031,9.823948945931106],[123.55677466812202,9.823856391416426],[123.55680005772413,9.823839711194537],[123.55682199947671,9.823815721843353],[123.55683967160671,9.823788291631168],[123.55685240954732,9.823771925871682],[123.55688094470263,9.82375046423857],[123.55691159615661,9.82374874009939],[123.55695656624682,9.823739901631559],[123.55700117092393,9.823721967578221],[123.55704906654353,9.82369964900061],[123.55709783467923,9.823677026311621],[123.5571489760039,9.823661801905105],[123.55719640144343,9.823656240782524],[123.55726518681433,9.823643919759366],[123.55731632740462,9.82363008226232],[123.55740288938881,9.823607360400032],[123.55746950124953,9.823601048706315],[123.55756040128503,9.8236089409938],[123.55760699990942,9.823619731967206],[123.55764604281582,9.82365094833397],[123.55771905408521,9.8237124120147],[123.55777080127672,9.823759515526296],[123.55785588832642,9.823781984962773],[123.55795172216851,9.823807555116593],[123.55801669705562,9.82383702233018],[123.55817869281701,9.823926735627966],[123.55836184678783,9.824006421665265],[123.55844094090013,9.824036171554006],[123.55848591589661,9.824082672315424],[123.55852024510642,9.824177610414786],[123.55857678915594,9.824375657907034],[123.55860245445442,9.824477901963318],[123.55864879327372,9.824562210988926],[123.55871313683632,9.824598746856939],[123.55876881996022,9.824612969772296]]}}]}